cpu_usage,memory_usage,tcp_connections_total,udp_sockets_total,tcp_established,tcp_listen,tcp_time_wait,tcp_close_wait,unique_remote_ips,unique_remote_ports,bytes_recv,bytes_sent,packets_recv,packets_sent,timestamp,time,label,attack_type
32.8,52.8,45,27,20,10,10,5,20,3,0,0,0,0,8104.33138387,2026-02-21 19:13:27,0,normal
14.3,52.3,45,27,20,10,10,5,20,3,1486357,12761,0,113,8105.417937564,2026-02-21 19:13:28,0,normal
16.7,52.3,45,27,20,10,10,5,20,3,1804,523,0,7,8106.496700508,2026-02-21 19:13:29,0,normal
13.4,52.5,43,27,20,10,8,5,20,3,1919,583,0,8,8107.573211428,2026-02-21 19:13:30,0,normal
10.1,52.3,43,27,20,10,8,5,20,3,1849,646,0,9,8108.652242768,2026-02-21 19:13:31,0,normal
12.9,52.5,43,27,20,10,8,5,20,3,3742,6656,0,15,8109.728777894,2026-02-21 19:13:32,0,normal
17.8,52.7,43,27,20,10,8,5,20,3,11524,14384,0,27,8110.805784227,2026-02-21 19:13:33,0,normal
11.2,52.7,43,26,20,10,8,5,20,3,1492,360,0,5,8111.884770031,2026-02-21 19:13:34,0,normal
15.4,52.8,43,26,20,10,8,5,20,3,2262,1023,0,14,8112.961559646,2026-02-21 19:13:35,0,normal
15.1,52.7,43,26,20,10,8,5,20,3,2876,16827,0,21,8114.038607486,2026-02-21 19:13:36,0,normal
19.8,53.0,43,26,20,10,8,5,20,3,714581,11139,0,100,8115.113582609,2026-02-21 19:13:37,0,normal
16.2,53.1,37,26,20,10,2,5,20,3,835992,28384,4,172,8116.191214187,2026-02-21 19:13:38,0,normal
17.5,52.5,36,26,19,10,2,5,19,3,813724,8848,0,135,8117.270172529,2026-02-21 19:13:40,0,normal
18.8,52.7,36,26,19,10,2,5,19,3,837393,9723,0,144,8118.349947527,2026-02-21 19:13:41,0,normal
21.3,52.3,36,26,19,10,2,5,19,3,824680,9163,0,135,8119.430874701,2026-02-21 19:13:42,0,normal
22.4,52.3,36,26,19,10,2,5,19,3,823294,14669,0,152,8120.508726082,2026-02-21 19:13:43,0,normal
18.2,52.3,36,26,19,10,2,5,19,3,806417,24249,0,161,8121.584973638,2026-02-21 19:13:44,0,normal
17.4,52.3,37,26,19,10,2,5,20,3,812901,9801,0,149,8122.662762321,2026-02-21 19:13:45,0,normal
16.2,52.4,36,26,19,10,2,5,19,3,1382813,16135,0,174,8123.74215484,2026-02-21 19:13:46,0,normal
8.9,52.6,36,26,19,10,2,5,19,3,781855,11643,0,75,8124.817470243,2026-02-21 19:13:47,0,normal
17.1,52.3,36,26,19,10,2,5,19,3,6481,5861,0,18,8125.895198402,2026-02-21 19:13:48,0,normal
11.5,52.3,36,26,19,10,2,5,19,3,3443,576,0,8,8126.972644661,2026-02-21 19:13:49,0,normal
9.4,52.2,35,26,19,10,1,5,18,3,1246,288,0,4,8128.047948592,2026-02-21 19:13:50,0,normal
11.1,52.4,36,26,19,11,1,5,18,3,1744,433,0,6,8129.124521339,2026-02-21 19:13:51,0,normal
17.4,52.4,36,26,19,11,1,5,18,3,2970722,18870,0,226,8130.204099226,2026-02-21 19:13:52,0,normal
14.9,52.5,36,26,19,11,1,5,18,3,453172,7628,0,45,8131.284057459,2026-02-21 19:13:54,0,normal
7.0,52.5,35,26,19,11,0,5,18,3,1492,292,0,4,8132.361820814,2026-02-21 19:13:55,0,normal
8.5,52.4,35,28,19,11,0,5,18,3,13220,6674,0,18,8133.438451119,2026-02-21 19:13:56,0,normal
19.0,52.5,35,27,19,11,0,5,18,3,2389665,14555,0,189,8134.514961929,2026-02-21 19:13:57,0,normal
19.2,52.4,35,27,19,11,0,5,18,3,2629228,15442,0,224,8135.591030598,2026-02-21 19:13:58,0,normal
20.3,52.5,35,27,19,11,0,5,18,3,834224,18791,0,164,8136.66820174,2026-02-21 19:13:59,0,normal
18.3,52.6,35,28,19,11,0,5,18,3,814966,35774,0,175,8137.745082256,2026-02-21 19:14:00,0,normal
31.2,51.5,35,27,19,11,0,5,18,3,838756,15252,0,207,8138.824457462,2026-02-21 19:14:01,0,normal
24.3,50.9,35,27,19,11,0,5,18,3,9092,6726,0,15,8139.904246437,2026-02-21 19:14:02,0,normal
30.3,51.1,35,27,19,11,0,5,18,3,1573,361,0,5,8140.990606266,2026-02-21 19:14:03,0,normal
23.3,51.0,35,27,19,11,0,5,18,3,7441,14879,0,20,8142.069579827,2026-02-21 19:14:04,0,normal
27.1,50.8,35,28,19,11,0,5,18,3,9006,12957,0,15,8143.146958549,2026-02-21 19:14:05,0,normal
10.3,50.8,35,28,19,11,0,5,18,3,6112,16775,0,20,8144.224394018,2026-02-21 19:14:06,0,normal
15.6,50.9,36,28,20,11,0,5,19,4,722640,15591,0,169,8145.300393377,2026-02-21 19:14:08,0,normal
17.6,51.1,36,28,20,11,0,5,19,4,922452,17431,0,182,8146.376963669,2026-02-21 19:14:09,0,normal
24.0,51.6,36,28,19,11,1,5,19,4,954931,30015,2,206,8147.454674476,2026-02-21 19:14:10,0,normal
12.8,51.4,36,28,19,11,1,5,19,4,977906,17229,0,168,8148.532391915,2026-02-21 19:14:11,0,normal
18.1,51.5,36,28,19,11,1,5,19,4,925789,9953,0,141,8149.607726363,2026-02-21 19:14:12,0,normal
25.0,52.2,37,28,20,11,1,5,20,4,995874,13956,4,156,8150.687688984,2026-02-21 19:14:13,0,normal
23.9,51.5,40,28,23,11,1,5,22,4,959278,32081,13,225,8151.76769139,2026-02-21 19:14:14,0,normal
21.9,51.6,40,28,23,11,1,5,22,4,1007022,9775,0,147,8152.846849438,2026-02-21 19:14:15,0,normal
17.0,51.5,40,28,23,11,1,5,22,4,1965987,38492,0,206,8153.923381708,2026-02-21 19:14:16,0,normal
30.7,51.9,45,28,27,11,2,5,26,4,3065316,54356,18,415,8154.999835782,2026-02-21 19:14:17,0,normal
19.7,51.4,46,28,27,11,2,5,27,4,386983,8981,4,135,8156.077910323,2026-02-21 19:14:18,0,normal
15.5,51.4,46,28,28,11,2,5,27,4,21823,14784,2,31,8157.156559463,2026-02-21 19:14:19,0,normal
12.5,51.4,46,28,28,11,2,5,27,4,0,0,0,0,8158.234655034,2026-02-21 19:14:20,0,normal
15.2,51.7,46,28,28,11,2,5,27,4,0,2710,0,3,8159.312399604,2026-02-21 19:14:22,0,normal
20.1,51.6,46,28,28,11,2,5,27,4,2364791,10459,0,166,8160.39428506,2026-02-21 19:14:23,0,normal
16.1,51.1,46,28,28,11,2,5,27,4,3501998,21715,0,234,8161.473894797,2026-02-21 19:14:24,0,normal
13.8,51.1,46,28,28,11,2,5,27,4,456789,1638,0,26,8162.552091358,2026-02-21 19:14:25,0,normal
21.9,50.7,46,28,28,11,2,5,27,4,231,143,0,2,8163.632461865,2026-02-21 19:14:26,0,normal
20.2,50.7,46,28,28,11,2,5,27,4,141,143,0,2,8164.713563538,2026-02-21 19:14:27,0,normal
18.7,50.6,46,28,28,11,2,5,27,4,243,195,0,3,8165.789237645,2026-02-21 19:14:28,0,normal
29.0,50.6,46,28,28,11,2,5,27,4,9620,6814,0,21,8166.865613231,2026-02-21 19:14:29,0,normal
13.4,50.6,46,28,28,11,2,5,27,4,1543,20054,0,20,8167.945145883,2026-02-21 19:14:30,0,normal
13.4,50.8,46,28,27,11,3,5,27,4,1270,295,0,5,8169.022817416,2026-02-21 19:14:31,0,normal
20.9,50.7,46,28,27,11,3,5,27,4,1616,7303,0,8,8170.100012092,2026-02-21 19:14:32,0,normal
15.5,50.6,46,28,27,11,3,5,27,4,999,5281,0,12,8171.181018405,2026-02-21 19:14:33,0,normal
14.9,50.6,46,28,27,11,3,5,27,4,10091,1570,0,12,8172.262633784,2026-02-21 19:14:35,0,normal
22.4,50.9,47,27,28,11,3,5,28,4,641,852,0,6,8173.351221362,2026-02-21 19:14:36,0,normal
35.3,51.3,47,27,28,11,3,5,28,4,1278768,19559,0,102,8174.444588217,2026-02-21 19:14:37,0,normal
25.4,51.6,47,27,28,11,3,5,28,4,4535705,47090,0,301,8175.527422497,2026-02-21 19:14:38,0,normal
21.8,51.6,47,27,28,11,3,5,28,4,6683,6618,0,14,8176.613000146,2026-02-21 19:14:39,0,normal
26.3,52.2,47,27,27,11,4,5,28,4,168,80,0,2,8177.699879071,2026-02-21 19:14:40,0,normal
16.9,52.1,47,27,27,11,4,5,28,4,2365,15123,5,21,8178.786297571,2026-02-21 19:14:41,0,normal
25.2,52.1,47,27,27,11,4,5,28,4,4662,594,0,9,8179.867707062,2026-02-21 19:14:42,0,normal
15.1,52.1,47,27,27,11,4,5,28,4,0,0,0,0,8180.945549166,2026-02-21 19:14:43,0,normal
23.2,52.0,47,27,27,11,4,5,28,4,5660,5377,0,10,8182.027007108,2026-02-21 19:14:44,0,normal
21.5,52.2,47,27,27,11,4,5,28,4,0,1903,0,2,8183.112917793,2026-02-21 19:14:45,0,normal
15.6,52.3,47,27,27,11,4,5,28,4,122669,30007,0,71,8184.197982306,2026-02-21 19:14:46,0,normal
29.5,53.4,52,33,32,11,4,5,30,4,505943,63905,6,221,8185.289446143,2026-02-21 19:14:48,0,normal
22.1,53.7,55,34,35,11,4,5,31,4,1000371,33391,0,223,8186.378121105,2026-02-21 19:14:49,0,normal
14.5,53.6,54,34,33,11,4,5,31,4,951671,41541,0,247,8187.465267674,2026-02-21 19:14:50,0,normal
12.6,53.3,53,33,33,11,4,5,31,4,909897,22693,0,198,8188.546123334,2026-02-21 19:14:51,0,normal
14.3,53.3,53,33,31,11,6,5,31,4,959554,13106,0,188,8189.626725688,2026-02-21 19:14:52,0,normal
9.5,53.3,53,33,28,11,9,5,31,4,964439,15659,0,196,8190.707017669,2026-02-21 19:14:53,0,normal
10.3,53.0,54,34,29,11,9,5,32,4,915059,21775,0,222,8191.784885881,2026-02-21 19:14:54,0,normal
8.7,53.1,54,34,28,11,10,5,32,4,950596,24099,0,251,8192.861852439,2026-02-21 19:14:55,0,normal
8.3,52.8,54,34,28,11,10,5,32,4,963493,16010,0,242,8193.938534851,2026-02-21 19:14:56,0,normal
7.0,52.9,54,34,28,11,10,5,32,4,963722,21248,0,247,8195.017232964,2026-02-21 19:14:57,0,normal
4.0,52.9,54,34,28,11,10,5,32,4,958823,11162,0,161,8196.0936992,2026-02-21 19:14:58,0,normal
8.9,52.6,54,34,28,11,10,5,32,4,959916,10320,0,148,8197.174049149,2026-02-21 19:14:59,0,normal
8.3,52.6,54,34,27,11,11,5,32,4,965958,16211,0,157,8198.253626445,2026-02-21 19:15:01,0,normal
4.4,53.1,54,34,27,11,11,5,32,4,690678,5986,0,88,8199.330970963,2026-02-21 19:15:02,0,normal
4.5,52.9,54,34,27,11,11,5,32,4,1796,7710,0,9,8200.408892686,2026-02-21 19:15:03,0,normal
2.1,53.0,54,34,27,11,11,5,32,4,1098,838,0,9,8201.487344396,2026-02-21 19:15:04,0,normal
6.2,53.1,54,34,27,11,11,5,32,4,4879,6789,0,10,8202.564214812,2026-02-21 19:15:05,0,normal
13.6,52.1,54,34,27,11,11,5,32,4,48590,1648,2,17,8203.640121246,2026-02-21 19:15:06,0,normal
34.6,51.8,53,38,26,11,11,5,33,5,508150,31830,1,143,8204.722513285,2026-02-21 19:15:07,0,normal
37.8,51.2,53,36,26,11,11,5,32,4,3234420,25981,1,407,8205.810167989,2026-02-21 19:15:08,0,normal
17.7,50.7,53,36,26,11,11,5,32,4,3144522,17249,0,210,8206.891034649,2026-02-21 19:15:09,0,normal
8.9,51.0,53,36,26,11,11,5,32,4,27546,14616,2,54,8207.969496298,2026-02-21 19:15:10,0,normal
20.9,51.6,58,40,31,11,11,5,34,4,523996,56330,2,183,8209.048728174,2026-02-21 19:15:11,0,normal
11.1,51.8,58,41,29,11,13,5,35,3,363935,50439,2,220,8210.129360745,2026-02-21 19:15:12,0,normal
10.8,50.8,63,42,34,11,13,5,35,3,1147050,38553,4,321,8211.210571412,2026-02-21 19:15:13,0,normal
13.4,51.1,64,42,35,11,13,5,35,3,1832763,31524,0,452,8212.29069203,2026-02-21 19:15:15,0,normal
7.8,51.1,64,42,35,11,13,5,35,3,122260,9159,0,34,8213.371689787,2026-02-21 19:15:16,0,normal
5.9,51.1,64,39,35,11,13,5,35,3,32261,9234,0,21,8214.453203094,2026-02-21 19:15:17,0,normal
14.5,51.1,65,37,36,11,13,5,36,3,35334,9725,2,33,8215.533430442,2026-02-21 19:15:18,0,normal
11.9,51.2,69,38,39,11,14,5,38,3,1134090,54256,4,333,8216.611810377,2026-02-21 19:15:19,0,normal
6.0,51.3,68,38,38,11,14,5,38,3,1144483,19262,0,213,8217.690670294,2026-02-21 19:15:20,0,normal
9.7,51.4,70,38,40,11,14,5,38,3,358787,19068,4,121,8218.767044658,2026-02-21 19:15:21,0,normal
14.3,51.6,69,38,39,11,14,5,38,3,9679,15055,0,27,8219.845236419,2026-02-21 19:15:22,0,normal
8.5,51.6,67,39,36,11,15,5,38,3,32971,21414,2,81,8220.92815109,2026-02-21 19:15:23,0,normal
21.2,51.7,67,39,36,11,15,5,38,3,541172,43071,0,221,8222.00535843,2026-02-21 19:15:24,0,normal
12.5,52.1,67,40,36,11,15,5,38,3,236180,28372,6,95,8223.088483097,2026-02-21 19:15:25,0,normal
11.9,52.3,71,41,34,11,21,5,38,3,1734338,76595,0,484,8224.174114326,2026-02-21 19:15:26,0,normal
17.7,52.6,72,42,33,11,23,5,39,3,1746497,55068,2,343,8225.265285061,2026-02-21 19:15:28,0,normal
21.6,53.2,73,41,34,11,23,5,40,3,1081406,145261,2,390,8226.345891042,2026-02-21 19:15:29,0,normal
14.8,53.2,72,42,33,11,23,5,40,3,1743889,32346,0,432,8227.42615556,2026-02-21 19:15:30,0,normal
12.9,53.1,73,43,34,11,23,5,41,3,401643,24417,2,126,8228.507610657,2026-02-21 19:15:31,0,normal
20.1,52.8,73,43,33,11,24,5,41,3,857176,49029,0,213,8229.591332236,2026-02-21 19:15:32,0,normal
24.6,52.5,72,43,33,11,23,5,40,2,1361882,15244,0,146,8230.673020642,2026-02-21 19:15:33,0,normal
34.1,53.1,73,46,34,11,23,5,41,3,336477,90212,0,148,8231.763912212,2026-02-21 19:15:34,0,normal
25.2,53.1,73,46,34,11,23,5,41,3,6598626,35955,0,443,8232.853269247,2026-02-21 19:15:35,0,normal
22.5,53.0,72,45,33,11,23,5,40,3,7801586,32628,0,401,8233.940093239,2026-02-21 19:15:36,0,normal
16.0,53.1,72,44,33,11,23,5,40,3,295537,34231,0,66,8235.021775353,2026-02-21 19:15:37,0,normal
21.1,52.9,72,44,33,11,23,5,40,3,64261,8296,0,22,8236.101919535,2026-02-21 19:15:38,0,normal
15.2,52.9,72,44,33,11,23,5,40,3,136594,12041,0,26,8237.18162915,2026-02-21 19:15:39,0,normal
23.6,52.6,71,44,31,11,24,5,39,3,5127345,29974,0,339,8238.260368942,2026-02-21 19:15:41,0,normal
9.5,52.8,71,43,31,11,24,5,39,3,2973756,23820,0,199,8239.337821433,2026-02-21 19:15:42,0,normal
19.1,52.7,71,43,31,11,24,5,39,3,500029,286140,0,312,8240.417954294,2026-02-21 19:15:43,0,normal
28.0,53.4,72,43,31,11,25,5,39,3,782879,433092,2,567,8241.506723804,2026-02-21 19:15:44,0,normal
25.9,53.5,72,43,31,11,25,5,39,3,3197367,126359,0,406,8242.590817262,2026-02-21 19:15:45,0,normal
21.1,53.5,72,43,31,11,25,5,39,3,2381436,36817,0,241,8243.676195776,2026-02-21 19:15:46,0,normal
16.5,53.5,72,43,31,11,25,5,39,3,174,7266,0,56,8244.756334939,2026-02-21 19:15:47,0,normal
18.2,53.8,73,43,32,11,25,5,40,3,232636,26926,0,150,8245.836969163,2026-02-21 19:15:48,0,normal
13.9,53.8,76,42,35,11,25,5,40,3,206627,35244,0,164,8246.9222269,2026-02-21 19:15:49,0,normal
12.0,53.7,76,42,35,11,25,5,40,3,316,10162,0,59,8248.002671477,2026-02-21 19:15:50,0,normal
7.8,53.3,76,42,35,11,25,5,40,3,2670251,29124,0,268,8249.082042436,2026-02-21 19:15:51,0,normal
14.6,53.3,78,42,37,11,25,5,40,3,1285116,33731,0,265,8250.159931618,2026-02-21 19:15:52,0,normal
14.6,52.8,76,41,37,11,23,5,40,3,22382,14872,0,71,8251.241886545,2026-02-21 19:15:54,0,normal
12.1,52.7,75,41,36,11,23,5,40,3,4896,21183,0,79,8252.325951158,2026-02-21 19:15:55,0,normal
9.3,52.6,75,41,36,11,23,5,40,3,849274,12037,0,123,8253.406203935,2026-02-21 19:15:56,0,normal
9.7,52.4,75,40,36,11,23,5,40,3,957012,12691,0,129,8254.490320325,2026-02-21 19:15:57,0,normal
11.0,52.4,68,39,31,11,20,5,37,3,1902,8186,0,72,8255.56975858,2026-02-21 19:15:58,0,normal
8.2,52.3,67,38,31,11,20,5,37,3,592,9971,0,58,8256.648465199,2026-02-21 19:15:59,0,normal
9.1,52.3,67,37,31,11,20,5,37,3,613,7187,0,56,8257.727446255,2026-02-21 19:16:00,0,normal
9.7,52.2,66,35,31,11,19,5,36,3,1769752,23426,0,205,8258.806656291,2026-02-21 19:16:01,0,normal
15.3,52.1,66,35,31,11,19,5,36,3,1954928,17475,0,201,8259.885757352,2026-02-21 19:16:02,0,normal
16.1,52.1,66,35,31,11,19,5,36,3,1951,10559,0,59,8260.972755371,2026-02-21 19:16:03,0,normal
8.9,52.1,67,35,32,11,19,5,37,3,77222,23643,5,110,8262.05326507,2026-02-21 19:16:04,0,normal
9.5,52.1,67,35,32,11,19,5,37,3,345586,8753,0,80,8263.134171305,2026-02-21 19:16:05,0,normal
15.9,52.2,66,35,31,11,19,5,36,2,2616685,34732,0,263,8264.214195681,2026-02-21 19:16:06,0,normal
28.3,52.9,66,34,31,11,19,5,36,2,739503,11717,0,117,8265.29745468,2026-02-21 19:16:08,0,normal
18.1,52.8,66,34,31,11,19,5,36,2,316,7333,0,56,8266.383348544,2026-02-21 19:16:09,0,normal
19.5,52.7,66,34,31,11,19,5,36,2,744,10493,0,64,8267.468303381,2026-02-21 19:16:10,0,normal
22.9,52.7,66,34,31,11,19,5,36,2,2085202,15268,0,186,8268.55004139,2026-02-21 19:16:11,0,normal
19.9,52.6,66,34,31,11,19,5,36,2,2031469,22351,0,193,8269.633367475,2026-02-21 19:16:12,0,normal
6.3,52.6,66,34,31,11,19,5,36,2,762,7773,0,59,8270.713575016,2026-02-21 19:16:13,0,normal
14.2,51.1,62,30,30,11,16,5,34,2,33698,52859,0,88,8271.791867396,2026-02-21 19:16:14,0,normal
35.2,52.5,62,28,30,11,16,5,34,2,0,0,0,0,8272.879480031,2026-02-21 19:16:15,0,normal
31.6,53.8,63,28,31,11,16,5,35,2,3162687,14170,0,213,8273.97133899,2026-02-21 19:16:16,0,normal
26.8,55.4,64,31,32,11,16,5,36,3,41485,24261,0,78,8275.069035827,2026-02-21 19:16:17,0,normal
32.4,54.9,65,29,33,11,16,5,37,2,6394,4022,0,12,8276.16251397,2026-02-21 19:16:18,0,normal
28.9,55.7,65,30,33,11,16,5,38,2,96981,7013,0,42,8277.258902326,2026-02-21 19:16:20,0,normal
31.4,55.7,60,30,27,12,16,5,37,2,885658,35860,0,149,8278.350372956,2026-02-21 19:16:21,0,normal
24.7,54.9,60,30,28,12,14,5,39,2,2395595,34364,0,274,8279.437616406,2026-02-21 19:16:22,0,normal
21.2,55.0,60,30,29,12,14,5,39,2,2660150,55201,0,587,8280.53646633,2026-02-21 19:16:23,0,normal
19.5,56.1,60,30,29,12,14,5,39,2,136423,13063,0,56,8281.625711545,2026-02-21 19:16:24,0,normal
18.7,54.9,60,30,29,12,14,5,39,2,19555,11789,0,26,8282.713686812,2026-02-21 19:16:25,0,normal
6.1,54.8,57,30,29,12,11,5,37,2,1941710,10409,0,154,8283.800766986,2026-02-21 19:16:26,0,normal
7.0,54.3,57,30,29,12,11,5,37,2,631081,13650,0,73,8284.886546635,2026-02-21 19:16:27,0,normal
4.8,54.2,57,30,29,12,11,5,37,2,152968,2726,0,51,8285.972527403,2026-02-21 19:16:28,0,normal
4.4,54.2,57,30,29,12,11,5,37,2,454,2957,0,6,8287.055718866,2026-02-21 19:16:29,0,normal
5.4,54.0,51,30,29,12,5,5,34,2,285350,2654,0,29,8288.139603482,2026-02-21 19:16:30,0,normal
11.6,53.8,51,30,29,12,5,5,34,2,2112573,14347,0,192,8289.228555565,2026-02-21 19:16:31,0,normal
13.3,53.8,51,30,29,12,5,5,34,2,1000800,16532,0,103,8290.316515933,2026-02-21 19:16:33,0,normal
4.5,53.7,50,30,29,12,4,5,33,2,340,3101,0,9,8291.39964118,2026-02-21 19:16:34,0,normal
7.5,53.8,50,30,29,12,4,5,33,2,2239,549,0,3,8292.485153506,2026-02-21 19:16:35,0,normal
7.4,53.7,50,30,29,12,4,5,33,2,1325864,7496,0,110,8293.569698924,2026-02-21 19:16:36,0,normal
11.1,53.6,50,30,29,12,4,5,33,2,2433423,30762,0,209,8294.654034247,2026-02-21 19:16:37,0,normal
11.8,53.6,50,30,29,12,4,5,33,2,11780,2942,0,16,8295.741233154,2026-02-21 19:16:38,0,normal
8.4,53.7,50,30,29,12,4,5,33,2,2886,1760,0,11,8296.825152045,2026-02-21 19:16:39,0,normal
11.7,53.7,50,30,29,12,4,5,33,2,340,2841,0,4,8297.908875336,2026-02-21 19:16:40,0,normal
10.7,53.7,50,30,29,12,4,5,33,2,2428699,11826,0,178,8298.992938727,2026-02-21 19:16:41,0,normal
14.8,53.7,48,30,29,12,2,5,31,2,1184210,13964,0,104,8300.075191634,2026-02-21 19:16:42,0,normal
9.6,53.7,48,30,29,12,2,5,31,2,2011,401,0,2,8301.160184724,2026-02-21 19:16:43,0,normal
11.8,53.7,48,28,29,12,2,5,31,2,906,3909,0,7,8302.24676109,2026-02-21 19:16:45,0,normal
13.6,53.8,48,27,29,12,2,5,31,2,717920,7135,0,68,8303.336330003,2026-02-21 19:16:46,0,normal
8.8,54.0,47,27,29,12,1,5,30,2,1954150,10527,0,160,8304.420819095,2026-02-21 19:16:47,0,normal
5.2,53.9,47,27,29,12,1,5,30,2,232294,9004,0,31,8305.505383159,2026-02-21 19:16:48,0,normal
28.8,54.1,47,27,29,12,1,5,30,2,1488,4540,0,13,8306.590077947,2026-02-21 19:16:49,0,normal
19.1,54.1,47,27,29,12,1,5,30,2,12415,1443,0,16,8307.684409937,2026-02-21 19:16:50,0,normal
16.5,54.0,48,27,30,12,1,5,31,2,3473549,17883,0,258,8308.769154058,2026-02-21 19:16:51,0,normal
10.6,54.0,48,27,30,12,1,5,31,2,621104,10369,0,50,8309.853161204,2026-02-21 19:16:52,0,normal
2.9,53.9,48,27,30,12,1,5,31,2,5689,9800,0,15,8310.934974974,2026-02-21 19:16:53,0,normal
4.1,54.0,47,27,29,12,1,5,30,2,430,69,0,1,8312.017087718,2026-02-21 19:16:54,0,normal
7.9,53.9,47,27,29,12,1,5,30,2,83518,2425,0,15,8313.099484446,2026-02-21 19:16:55,0,normal
2.7,53.8,47,27,29,12,1,5,30,2,3842411,15026,0,239,8314.186833714,2026-02-21 19:16:56,0,normal
15.5,53.2,47,27,29,12,1,5,30,2,9492,11974,0,26,8315.270412345,2026-02-21 19:16:58,0,normal
37.9,53.8,46,26,29,12,0,5,28,2,336,52,0,1,8316.367816671,2026-02-21 19:16:59,0,normal
21.6,53.2,46,26,29,12,0,5,28,2,340,2841,0,4,8317.450765296,2026-02-21 19:17:00,0,normal
12.3,53.3,46,26,29,12,0,5,28,2,2972471,11248,0,178,8318.53493655,2026-02-21 19:17:01,0,normal
21.8,53.2,46,26,29,12,0,5,28,2,1187683,4752,0,75,8319.623320215,2026-02-21 19:17:02,0,normal
20.0,53.1,46,26,29,12,0,5,28,2,4085,6127,0,11,8320.714151101,2026-02-21 19:17:03,0,normal
21.0,53.1,46,26,29,12,0,5,28,2,341,2841,0,4,8321.799640394,2026-02-21 19:17:04,0,normal
16.8,53.1,46,26,29,12,0,5,28,2,18535,241,0,4,8322.888456993,2026-02-21 19:17:05,0,normal
20.1,53.0,46,26,29,12,0,5,28,2,4044595,15706,0,249,8323.970629418,2026-02-21 19:17:06,0,normal
19.5,53.1,46,26,29,12,0,5,28,2,1912,7898,0,10,8325.054406231,2026-02-21 19:17:07,0,normal
16.2,53.1,46,26,29,12,0,5,28,2,6853,7301,0,12,8326.138423075,2026-02-21 19:17:08,0,normal
15.5,53.1,46,26,29,12,0,5,28,2,482,2984,0,6,8327.222677636,2026-02-21 19:17:09,0,normal
16.2,53.0,46,26,29,12,0,5,28,2,1768403,6795,0,108,8328.312110403,2026-02-21 19:17:11,0,normal
22.3,53.1,46,26,29,12,0,5,28,2,1980288,7779,0,123,8329.400848574,2026-02-21 19:17:12,0,normal
12.6,53.2,46,26,29,12,0,5,28,2,0,0,0,0,8330.485798483,2026-02-21 19:17:13,0,normal
18.7,53.0,46,26,29,12,0,5,28,2,5809,9809,0,15,8331.568144715,2026-02-21 19:17:14,0,normal
20.9,53.1,46,26,29,12,0,5,28,2,1018,271,0,5,8332.65077398,2026-02-21 19:17:15,0,normal
16.2,53.0,46,26,29,12,0,5,28,2,2494163,9861,0,154,8333.733909697,2026-02-21 19:17:16,0,normal
18.5,53.5,46,26,29,12,0,5,28,2,1690428,6625,0,102,8334.82236158,2026-02-21 19:17:17,0,normal
16.4,53.4,46,26,29,12,0,5,28,2,710,490,0,6,8335.904543414,2026-02-21 19:17:18,0,normal
20.3,53.4,46,26,29,12,0,5,28,2,6425,10110,0,20,8336.992891451,2026-02-21 19:17:19,0,normal
18.0,53.2,46,26,29,12,0,5,28,2,192224,1430,0,17,8338.080159308,2026-02-21 19:17:20,0,normal
32.7,53.4,47,26,30,12,0,5,29,2,3725947,28271,4,283,8339.168810686,2026-02-21 19:17:21,0,normal
28.3,53.4,47,26,30,12,0,5,29,2,15031,8289,0,19,8340.257057463,2026-02-21 19:17:23,0,normal
16.7,53.5,47,26,30,12,0,5,29,2,698,9189,0,9,8341.349241614,2026-02-21 19:17:24,0,normal
20.0,53.3,47,26,30,12,0,5,29,2,6169,1420,0,11,8342.439044708,2026-02-21 19:17:25,0,normal
28.0,53.3,47,26,30,12,0,5,29,2,1950303,10753,0,130,8343.525605285,2026-02-21 19:17:26,0,normal
17.6,53.4,47,26,30,12,0,5,29,2,78,28,0,1,8344.612632308,2026-02-21 19:17:27,0,normal
14.9,53.3,48,26,31,12,0,5,30,2,9176,2295,0,15,8345.699278085,2026-02-21 19:17:28,0,normal
14.0,53.3,48,26,31,12,0,5,30,2,5435,7122,0,13,8346.792915629,2026-02-21 19:17:29,0,normal
15.5,53.2,48,26,31,12,0,5,30,2,516,418,0,3,8347.877525338,2026-02-21 19:17:30,0,normal
30.2,53.4,48,26,31,12,0,5,30,2,1079976,8330,0,121,8348.962947354,2026-02-21 19:17:31,0,normal
37.3,53.4,48,26,30,12,1,5,30,2,168,80,0,2,8350.053769904,2026-02-21 19:17:32,0,normal
25.6,53.5,48,26,30,12,1,5,30,2,760,251,0,3,8351.145321786,2026-02-21 19:17:33,0,normal
22.2,53.3,47,26,29,12,1,5,29,2,3677,9538,0,15,8352.234032706,2026-02-21 19:17:34,0,normal
20.7,53.4,47,26,29,12,1,5,29,2,461317,5791,0,62,8353.322879211,2026-02-21 19:17:36,0,normal
31.6,53.4,47,26,29,12,1,5,29,2,516986,3948,0,60,8354.418851004,2026-02-21 19:17:37,0,normal
21.9,53.5,47,26,29,12,1,5,29,2,2731,11463,0,14,8355.509799501,2026-02-21 19:17:38,0,normal
18.5,53.5,47,26,29,12,1,5,29,2,739,2892,0,5,8356.595984451,2026-02-21 19:17:39,0,normal
14.5,53.7,47,26,29,12,1,5,29,2,68553,17808,0,57,8357.678906707,2026-02-21 19:17:40,0,normal
23.0,53.6,47,26,29,12,1,5,29,2,958382,9564,0,109,8358.764502209,2026-02-21 19:17:41,0,normal
29.5,53.4,48,27,30,12,1,5,30,2,1243885,21357,0,194,8359.854226645,2026-02-21 19:17:42,0,normal
19.6,53.4,48,27,30,12,1,5,30,2,404103,4501,0,63,8360.940756544,2026-02-21 19:17:43,0,normal
15.5,53.3,48,27,30,12,1,5,30,2,629,3009,0,7,8362.026174783,2026-02-21 19:17:44,0,normal
15.2,53.4,48,27,30,12,1,5,30,2,185710,9136,0,37,8363.11110284,2026-02-21 19:17:45,0,normal
16.7,53.3,48,27,30,12,1,5,30,2,1251934,10114,0,150,8364.200113073,2026-02-21 19:17:46,0,normal
19.2,53.5,48,27,30,12,1,5,30,2,1257371,10220,0,151,8365.291086898,2026-02-21 19:17:48,0,normal
21.5,53.3,48,27,30,12,1,5,30,2,1242248,9812,0,145,8366.378265457,2026-02-21 19:17:49,0,normal
20.0,53.1,48,27,30,12,1,5,30,2,352361,11515,0,46,8367.464165071,2026-02-21 19:17:50,0,normal
17.7,53.1,48,27,30,12,1,5,30,2,1134478,15184,2,147,8368.549419212,2026-02-21 19:17:51,0,normal
10.9,53.2,48,27,30,12,1,5,30,2,2796054,14996,0,223,8369.635098532,2026-02-21 19:17:52,0,normal
10.9,53.3,48,27,30,12,1,5,30,2,29694,13863,2,50,8370.721309962,2026-02-21 19:17:53,0,normal
22.1,54.1,48,29,30,12,1,5,30,2,281727,32402,6,119,8371.806946441,2026-02-21 19:17:54,0,normal
18.2,54.4,49,32,31,12,1,5,31,2,293324,33377,4,108,8372.894063364,2026-02-21 19:17:55,0,normal
20.4,54.9,49,32,31,12,1,5,31,2,4224190,62231,0,337,8373.97842149,2026-02-21 19:17:56,0,normal
21.2,54.7,50,32,32,12,1,5,32,2,857956,74592,2,352,8375.065784175,2026-02-21 19:17:57,0,normal
15.1,54.6,50,32,32,12,1,5,32,2,293965,9286,2,104,8376.152627894,2026-02-21 19:17:58,0,normal
8.0,54.5,51,32,33,12,1,5,33,2,24630,5227,0,24,8377.24213464,2026-02-21 19:18:00,0,normal
8.2,54.1,51,32,33,12,1,5,33,2,1531322,15068,0,123,8378.330426763,2026-02-21 19:18:01,0,normal
15.1,54.3,51,32,33,12,1,5,33,2,2781751,42876,0,258,8379.419091366,2026-02-21 19:18:02,0,normal
12.6,54.2,51,32,32,12,2,5,33,2,168447,3509,0,55,8380.511738808,2026-02-21 19:18:03,0,normal
6.3,54.0,51,32,31,12,2,5,33,2,6407,6981,0,22,8381.59657382,2026-02-21 19:18:04,0,normal
6.5,54.0,51,32,31,12,3,5,33,2,408,6617,0,9,8382.683416106,2026-02-21 19:18:05,0,normal
6.8,54.1,51,32,31,12,3,5,33,2,933577,10164,0,115,8383.770878369,2026-02-21 19:18:06,0,normal
12.1,54.1,52,32,32,12,3,5,34,2,1236396,24610,2,198,8384.854057938,2026-02-21 19:18:07,0,normal
13.1,53.7,64,32,44,12,3,5,36,2,1259752,53663,6,355,8385.942515442,2026-02-21 19:18:08,0,normal
6.9,53.7,64,32,44,12,3,5,36,2,716335,8293,0,88,8387.029703539,2026-02-21 19:18:09,0,normal
7.9,53.8,64,32,44,12,3,5,36,2,158478,8745,0,31,8388.11238406,2026-02-21 19:18:10,0,normal
7.1,53.7,64,32,43,12,4,5,36,2,1099426,9458,0,142,8389.196264376,2026-02-21 19:18:11,0,normal
6.0,53.8,64,32,43,12,4,5,36,2,1024618,8368,0,130,8390.28147263,2026-02-21 19:18:13,0,normal
4.8,53.8,64,32,43,12,4,5,36,2,342,2841,0,4,8391.366532785,2026-02-21 19:18:14,0,normal
4.2,53.7,64,32,43,12,4,5,36,2,4075,473,0,5,8392.453258632,2026-02-21 19:18:15,0,normal
8.7,53.7,64,32,42,12,5,5,36,2,827215,13197,0,105,8393.539127107,2026-02-21 19:18:16,0,normal
10.9,53.6,64,32,42,12,5,5,36,2,2593142,12665,0,201,8394.62280806,2026-02-21 19:18:17,0,normal
27.9,53.1,64,31,42,12,5,5,36,2,274558,8111,0,36,8395.717229207,2026-02-21 19:18:18,0,normal
20.2,53.2,64,31,41,12,6,5,36,2,486,479,0,8,8396.807309452,2026-02-21 19:18:19,0,normal
17.3,53.2,64,31,41,12,6,5,36,2,13172,7556,0,16,8397.891178117,2026-02-21 19:18:20,0,normal
19.3,53.2,64,31,41,12,6,5,36,2,3876854,15761,0,250,8398.978487211,2026-02-21 19:18:21,0,normal
14.8,53.2,64,31,40,12,7,5,36,2,394,7936,0,11,8400.062773161,2026-02-21 19:18:22,0,normal
10.1,53.2,64,30,40,12,7,5,36,2,1800,143,0,2,8401.146065142,2026-02-21 19:18:23,0,normal
16.1,53.1,64,29,40,12,7,5,36,2,530,2922,0,6,8402.23378038,2026-02-21 19:18:24,0,normal
13.3,53.1,64,28,40,12,7,5,36,2,1714470,13470,0,118,8403.319697697,2026-02-21 19:18:26,0,normal
12.9,53.1,64,27,40,12,7,5,36,2,1915346,7247,0,115,8404.401866175,2026-02-21 19:18:27,0,normal
10.4,53.1,64,27,40,12,7,5,36,2,102,52,0,1,8405.483398227,2026-02-21 19:18:28,0,normal
14.0,53.0,64,27,40,12,7,5,36,2,1476,3466,0,16,8406.564346381,2026-02-21 19:18:29,0,normal
15.7,53.0,64,27,40,12,7,5,36,2,414,156,0,3,8407.645761914,2026-02-21 19:18:30,0,normal
11.9,52.9,64,27,40,12,7,5,36,2,2344884,17012,0,170,8408.729441523,2026-02-21 19:18:31,0,normal
17.9,52.9,64,27,40,12,7,5,36,2,1816185,9957,0,117,8409.813699631,2026-02-21 19:18:32,0,normal
12.9,52.9,63,27,40,12,6,5,35,2,102,52,0,1,8410.897818527,2026-02-21 19:18:33,0,normal
10.8,53.0,63,27,40,12,6,5,35,2,177,52,0,1,8411.97979829,2026-02-21 19:18:34,0,normal
13.8,52.9,63,27,40,12,6,5,35,2,56748,325,0,5,8413.064036169,2026-02-21 19:18:35,0,normal
15.8,53.0,63,27,40,12,6,5,35,2,4197968,23927,0,270,8414.147973754,2026-02-21 19:18:36,0,normal
12.0,53.0,63,26,40,12,6,5,35,2,1152,7785,0,9,8415.231327091,2026-02-21 19:18:37,0,normal
10.0,52.9,63,26,40,12,6,5,35,2,2382,3468,0,15,8416.316839256,2026-02-21 19:18:39,0,normal
12.2,52.9,63,26,40,12,6,5,35,2,486,260,0,5,8417.40156345,2026-02-21 19:18:40,0,normal
11.3,53.0,63,26,40,12,6,5,35,2,2645028,17291,0,176,8418.487162118,2026-02-21 19:18:41,0,normal
12.4,53.0,63,26,40,12,6,5,35,2,816939,5037,0,70,8419.571937398,2026-02-21 19:18:42,0,normal
15.6,53.0,63,26,40,12,6,5,35,2,232,52,0,1,8420.654361247,2026-02-21 19:18:43,0,normal
11.1,53.0,63,26,40,12,6,5,35,2,353,2843,0,4,8421.740916554,2026-02-21 19:18:44,0,normal
10.8,53.0,63,26,40,12,6,5,35,2,1766,656,0,10,8422.827231909,2026-02-21 19:18:45,0,normal
15.8,52.9,63,26,40,12,6,5,35,2,1390555,12314,0,100,8423.914095205,2026-02-21 19:18:46,0,normal
16.8,52.9,63,26,40,12,6,5,35,2,8509,1523,0,12,8424.997618401,2026-02-21 19:18:47,0,normal
16.3,52.9,63,26,40,12,6,5,35,2,759,3325,0,13,8426.088710649,2026-02-21 19:18:48,0,normal
12.8,52.9,63,26,40,12,6,5,35,2,1739,767,0,14,8427.177853411,2026-02-21 19:18:49,0,normal
17.4,52.9,63,26,40,12,6,5,35,2,948239,3959,0,63,8428.262706677,2026-02-21 19:18:51,0,normal
17.6,53.0,63,26,40,12,6,5,35,2,8174,7557,0,16,8429.35721086,2026-02-21 19:18:52,0,normal
13.8,52.9,63,26,40,12,6,5,35,2,2044,8096,0,13,8430.449190777,2026-02-21 19:18:53,0,normal
10.6,52.9,63,26,40,12,6,5,35,2,970,3090,0,8,8431.533857603,2026-02-21 19:18:54,0,normal
9.8,52.9,63,26,40,12,6,5,35,2,264,52,0,1,8432.618278787,2026-02-21 19:18:55,0,normal
17.1,52.9,63,26,40,12,6,5,35,2,3135675,12862,0,204,8433.705814197,2026-02-21 19:18:56,0,normal
16.3,53.0,63,26,40,12,6,5,35,2,5220,6932,0,10,8434.79420783,2026-02-21 19:18:57,0,normal
14.5,53.0,63,26,40,12,6,5,35,2,5111,4031,0,10,8435.879432615,2026-02-21 19:18:58,0,normal
13.7,52.9,63,26,40,12,6,5,35,2,1387,3415,0,15,8436.964163993,2026-02-21 19:18:59,0,normal
9.8,53.0,63,26,40,12,6,5,35,2,0,0,0,0,8438.047115293,2026-02-21 19:19:00,0,normal
9.4,53.0,63,26,40,12,6,5,35,2,3008256,11435,0,177,8439.132148709,2026-02-21 19:19:01,0,normal
12.7,53.1,63,26,40,12,6,5,35,2,1152132,10784,0,77,8440.215709725,2026-02-21 19:19:02,0,normal
10.3,53.1,63,26,40,12,6,5,35,2,2186,452,0,3,8441.299792864,2026-02-21 19:19:04,0,normal
10.1,53.2,63,26,40,12,6,5,35,2,352,2843,0,4,8442.384841868,2026-02-21 19:19:05,0,normal
9.1,53.1,61,26,40,12,4,5,33,2,2342272,9356,0,149,8443.467649489,2026-02-21 19:19:06,0,normal
10.0,53.1,61,26,40,12,4,5,33,2,525187,8382,0,37,8444.550473379,2026-02-21 19:19:07,0,normal
11.4,53.0,61,26,40,12,4,5,33,2,5130,8001,0,12,8445.634944858,2026-02-21 19:19:08,0,normal
10.9,53.0,61,26,40,12,4,5,33,2,1119,3206,0,11,8446.721138495,2026-02-21 19:19:09,0,normal
10.3,52.9,61,26,40,12,4,5,33,2,562,312,0,6,8447.806631364,2026-02-21 19:19:10,0,normal
10.8,53.0,61,26,40,12,4,5,33,2,890397,7190,0,100,8448.891702771,2026-02-21 19:19:11,0,normal
24.0,53.0,61,26,40,12,4,5,33,2,1242156,17905,0,170,8449.978600111,2026-02-21 19:19:12,0,normal
15.5,53.0,61,26,40,12,4,5,33,2,1258400,9881,0,150,8451.068307224,2026-02-21 19:19:13,0,normal
11.4,53.3,63,27,43,12,3,5,35,2,441939,27780,2,155,8452.152195235,2026-02-21 19:19:14,0,normal
19.3,53.8,65,27,45,12,3,5,35,2,1215782,25996,0,290,8453.235742647,2026-02-21 19:19:16,0,normal
21.9,54.5,65,27,45,12,3,5,35,2,875000,11771,0,196,8454.323533026,2026-02-21 19:19:17,0,normal
13.2,54.5,64,27,45,12,2,5,34,2,1158765,19370,0,208,8455.413083925,2026-02-21 19:19:18,0,normal
10.0,54.8,64,27,45,12,2,5,34,2,1224549,10099,0,151,8456.495891485,2026-02-21 19:19:19,0,normal
10.3,55.0,64,27,45,12,2,5,34,2,60843,4180,0,28,8457.585233191,2026-02-21 19:19:20,0,normal
8.9,55.0,60,27,41,12,2,5,33,2,433333,4127,0,65,8458.671071319,2026-02-21 19:19:21,0,normal
12.0,54.8,58,27,40,12,1,5,31,2,2774177,13459,0,213,8459.754808738,2026-02-21 19:19:22,0,normal
10.4,54.4,58,27,40,12,1,5,31,2,871143,19383,2,83,8460.839381396,2026-02-21 19:19:23,0,normal
4.3,54.5,58,27,40,12,1,5,31,2,471,2930,0,6,8461.922044714,2026-02-21 19:19:24,0,normal
8.1,54.4,58,27,40,12,1,5,31,2,18626,243,0,4,8463.006626971,2026-02-21 19:19:25,0,normal
8.6,54.4,57,27,40,12,0,5,31,2,3951049,15884,0,251,8464.090068913,2026-02-21 19:19:26,0,normal
9.4,54.3,57,27,40,12,0,5,31,2,396,6349,0,5,8465.174420627,2026-02-21 19:19:27,0,normal
5.1,54.4,57,27,40,12,0,5,31,2,3710,3008,0,7,8466.257794372,2026-02-21 19:19:29,0,normal
6.8,54.3,57,27,40,12,0,5,31,2,678,364,0,7,8467.340395144,2026-02-21 19:19:30,0,normal
5.1,54.2,57,27,40,12,0,5,31,2,411742,1877,0,31,8468.422141047,2026-02-21 19:19:31,0,normal
6.0,54.0,57,27,40,12,0,5,31,2,3833940,15245,0,239,8469.504053755,2026-02-21 19:19:32,0,normal
6.5,54.2,57,27,40,12,0,5,31,2,5957,7275,0,11,8470.594169095,2026-02-21 19:19:33,0,normal
9.4,53.5,57,27,40,12,0,5,31,2,1016,3177,0,11,8471.680643311,2026-02-21 19:19:34,0,normal
4.8,53.5,57,27,40,12,0,5,31,2,0,0,0,0,8472.766885248,2026-02-21 19:19:35,0,normal
6.0,53.4,57,27,40,12,0,5,31,2,3715634,14595,0,230,8473.848268581,2026-02-21 19:19:36,0,normal
5.0,53.4,57,27,40,12,0,5,31,2,0,0,0,0,8474.933053569,2026-02-21 19:19:37,0,normal
4.3,53.4,57,27,40,12,0,5,31,2,6670,15865,0,20,8476.017869014,2026-02-21 19:19:38,0,normal
4.3,53.5,57,27,40,12,0,5,31,2,595,3008,0,7,8477.100910454,2026-02-21 19:19:39,0,normal
5.5,53.4,57,27,40,12,0,5,31,2,810223,3842,0,63,8478.185255034,2026-02-21 19:19:40,0,normal
4.3,53.5,57,27,40,12,0,5,31,2,2460125,9566,0,152,8479.26649124,2026-02-21 19:19:42,0,normal
6.2,53.5,57,27,40,12,0,5,31,2,102,52,0,1,8480.354623421,2026-02-21 19:19:43,0,normal
3.5,53.5,57,27,40,12,0,5,31,2,9525,10611,0,19,8481.437650414,2026-02-21 19:19:44,0,normal
7.7,53.5,57,26,40,12,0,5,31,2,0,0,0,0,8482.519224635,2026-02-21 19:19:45,0,normal
7.2,53.5,57,26,40,12,0,5,31,2,3270967,12540,0,199,8483.602961904,2026-02-21 19:19:46,0,normal
5.1,53.4,57,26,40,12,0,5,31,2,54780,189,0,3,8484.686498835,2026-02-21 19:19:47,0,normal
2.7,53.4,57,26,40,12,0,5,31,2,5220,7086,0,12,8485.770224019,2026-02-21 19:19:48,0,normal
4.0,53.3,57,26,40,12,0,5,31,2,463,2904,0,5,8486.851217037,2026-02-21 19:19:49,0,normal
4.5,53.3,57,26,40,12,0,5,31,2,19373,891,0,15,8487.933810845,2026-02-21 19:19:50,0,normal
6.2,53.3,57,26,40,12,0,5,31,2,1155749,7975,0,119,8489.017359298,2026-02-21 19:19:51,0,normal
10.2,53.3,57,26,40,12,0,5,31,2,1227588,9825,2,143,8490.100979617,2026-02-21 19:19:52,0,normal
6.2,53.3,57,26,40,12,0,5,31,2,1049157,26502,0,156,8491.184237183,2026-02-21 19:19:53,0,normal
5.1,53.3,57,26,39,12,1,5,31,2,102,180,0,3,8492.267335699,2026-02-21 19:19:55,0,normal
4.0,53.3,57,26,39,12,1,5,31,2,289627,2375,0,38,8493.352046638,2026-02-21 19:19:56,0,normal
17.0,53.7,57,26,39,12,1,5,31,2,1250557,9532,0,142,8494.438563663,2026-02-21 19:19:57,0,normal
24.5,53.7,57,26,39,12,1,5,31,2,1262458,9854,0,148,8495.533413135,2026-02-21 19:19:58,0,normal
17.8,53.8,57,26,39,12,1,5,31,2,948850,17838,2,128,8496.619535248,2026-02-21 19:19:59,0,normal
15.3,53.7,57,26,39,12,1,5,31,2,333,195,0,3,8497.702967593,2026-02-21 19:20:00,0,normal
13.7,53.8,57,26,39,12,1,5,31,2,1672115,9134,0,147,8498.785368518,2026-02-21 19:20:01,0,normal
16.7,54.0,57,26,39,12,1,5,31,2,1841432,7765,0,122,8499.875620716,2026-02-21 19:20:02,0,normal
12.9,54.0,55,26,37,12,1,5,30,2,9094,8002,0,22,8500.958357793,2026-02-21 19:20:03,0,normal
20.4,53.9,46,26,28,12,1,5,29,2,28630,7527,0,64,8502.043358537,2026-02-21 19:20:04,0,normal
12.9,54.3,46,26,28,12,1,5,29,2,419203,2086,0,33,8503.125734816,2026-02-21 19:20:05,0,normal
16.9,54.0,46,26,28,12,1,5,29,2,1989158,8472,0,130,8504.2108792,2026-02-21 19:20:06,0,normal
11.4,53.9,45,26,27,12,1,5,28,2,507,271,0,4,8505.293829077,2026-02-21 19:20:08,0,normal
6.9,54.0,45,26,27,12,1,5,28,2,9243,15086,0,20,8506.378736124,2026-02-21 19:20:09,0,normal
8.2,54.0,45,26,27,12,1,5,28,2,353,2813,0,4,8507.461284336,2026-02-21 19:20:10,0,normal
13.2,53.9,46,26,28,12,1,5,29,2,1016591,9235,0,82,8508.549967023,2026-02-21 19:20:11,0,normal
24.3,54.2,49,30,28,12,4,5,30,2,923938,59275,4,337,8509.638028131,2026-02-21 19:20:12,0,normal
22.0,54.4,49,30,28,12,4,5,30,2,733967,29827,0,198,8510.725131408,2026-02-21 19:20:13,0,normal
11.4,54.5,49,34,28,12,4,5,30,2,169701,35756,0,86,8511.810873095,2026-02-21 19:20:14,0,normal
15.2,54.3,51,35,29,12,5,5,31,2,57570,14171,2,53,8512.895027417,2026-02-21 19:20:15,0,normal
7.0,54.2,51,35,29,12,5,5,31,2,1581892,8055,0,128,8513.980567054,2026-02-21 19:20:16,0,normal
9.9,54.2,51,35,29,12,5,5,31,2,695,3677,0,5,8515.064680419,2026-02-21 19:20:17,0,normal
5.2,54.1,51,35,29,12,5,5,31,2,12660,11453,0,20,8516.150238381,2026-02-21 19:20:18,0,normal
18.0,54.1,51,35,29,12,5,5,31,2,383978,12308,0,65,8517.234320988,2026-02-21 19:20:19,0,normal
15.5,54.1,51,35,29,12,5,5,31,2,1789006,21265,0,149,8518.317617688,2026-02-21 19:20:21,0,normal
15.4,54.0,51,35,29,12,5,5,31,2,2004506,7821,0,124,8519.401811675,2026-02-21 19:20:22,0,normal
13.4,53.9,51,35,29,12,5,5,31,2,0,0,0,0,8520.487168318,2026-02-21 19:20:23,0,normal
19.4,54.1,51,35,29,12,5,5,31,2,4043,17309,0,19,8521.570718655,2026-02-21 19:20:24,0,normal
10.9,54.1,51,35,29,12,5,5,31,2,1951,121,0,2,8522.652855534,2026-02-21 19:20:25,0,normal
14.5,54.2,51,35,29,12,5,5,31,2,933105,6967,0,99,8523.737833655,2026-02-21 19:20:26,0,normal
13.0,54.3,51,35,29,12,5,5,31,2,1224052,9430,0,138,8524.824846002,2026-02-21 19:20:27,0,normal
9.9,54.3,51,35,29,12,5,5,31,2,1190681,9489,0,146,8525.910193888,2026-02-21 19:20:28,0,normal
10.3,54.3,51,35,29,12,5,5,31,2,13972,10250,0,18,8526.994153424,2026-02-21 19:20:29,0,normal
10.0,54.3,51,35,29,12,5,5,31,2,108281,750,0,12,8528.078483798,2026-02-21 19:20:30,0,normal
11.4,54.3,51,35,29,12,5,5,31,2,1309813,10584,0,151,8529.163869946,2026-02-21 19:20:31,0,normal
13.1,54.3,51,35,28,12,6,5,31,2,884950,9360,0,110,8530.248028637,2026-02-21 19:20:33,0,normal
28.2,54.5,64,39,29,12,18,5,33,2,926368,313362,10,607,8531.334028409,2026-02-21 19:20:34,0,normal
16.6,54.6,64,38,29,12,18,5,33,2,1270479,28066,0,196,8532.423440407,2026-02-21 19:20:35,0,normal
13.9,54.6,64,38,29,12,18,5,33,2,2193466,20504,0,288,8533.515394616,2026-02-21 19:20:36,0,normal
14.9,54.6,64,38,29,12,18,5,33,2,3064554,22835,0,359,8534.604890321,2026-02-21 19:20:37,0,normal
13.8,54.7,64,38,29,12,18,5,33,2,1222939,10653,0,165,8535.691027181,2026-02-21 19:20:38,0,normal
11.4,54.6,64,38,29,12,18,5,33,2,1281665,20190,0,165,8536.777812431,2026-02-21 19:20:39,0,normal
11.0,54.7,64,38,29,12,18,5,33,2,1228145,15539,0,163,8537.863326219,2026-02-21 19:20:40,0,normal
16.7,54.8,63,38,28,12,18,5,32,2,3305188,22367,0,306,8538.953351441,2026-02-21 19:20:41,0,normal
14.2,54.7,63,36,28,12,18,5,32,2,2759224,12656,0,207,8540.03786052,2026-02-21 19:20:42,0,normal
15.5,54.6,63,36,28,12,18,5,32,2,5557552,21229,0,348,8541.123774832,2026-02-21 19:20:43,0,normal
16.1,54.6,63,36,27,12,19,5,32,2,3033499,29354,0,220,8542.212179025,2026-02-21 19:20:44,0,normal
25.1,54.4,63,35,25,12,20,5,32,2,1414859,7065,0,103,8543.297062759,2026-02-21 19:20:46,0,normal
11.7,54.5,62,35,24,12,21,5,32,2,2537225,14396,0,213,8544.387121493,2026-02-21 19:20:47,0,normal
9.2,54.3,62,35,24,12,21,5,32,2,204,92,0,2,8545.469369381,2026-02-21 19:20:48,0,normal
8.8,54.3,62,35,24,12,21,5,32,2,353,2813,0,4,8546.550972246,2026-02-21 19:20:49,0,normal
10.8,54.2,62,35,24,12,21,5,32,2,7650,6102,0,13,8547.633057949,2026-02-21 19:20:50,0,normal
9.5,54.2,62,35,24,12,21,5,32,2,935280,5605,0,86,8548.717697674,2026-02-21 19:20:51,0,normal
12.5,54.2,62,35,24,12,21,5,32,2,1793931,10238,0,154,8549.801382072,2026-02-21 19:20:52,0,normal
12.0,54.2,61,35,23,12,21,5,31,2,942271,6006,0,89,8550.885705874,2026-02-21 19:20:53,0,normal
10.6,54.2,61,35,23,12,21,5,31,2,2183,10104,0,12,8551.967955404,2026-02-21 19:20:54,0,normal
9.4,54.3,61,35,23,12,21,5,31,2,65132,6836,0,21,8553.04953725,2026-02-21 19:20:55,0,normal
9.6,54.2,60,35,23,12,20,5,30,2,1862929,10363,0,153,8554.133677265,2026-02-21 19:20:56,0,normal
16.9,54.4,59,35,22,12,20,5,29,2,1791519,13440,0,148,8555.223817232,2026-02-21 19:20:57,0,normal
16.0,54.4,59,35,22,12,20,5,29,2,484672,5708,0,44,8556.311219351,2026-02-21 19:20:59,0,normal
11.2,54.4,59,35,22,12,20,5,29,2,177,52,0,1,8557.395639323,2026-02-21 19:21:00,0,normal
9.6,54.4,59,35,22,12,20,5,29,2,1460973,13534,0,115,8558.476868716,2026-02-21 19:21:01,0,normal
12.3,54.3,59,35,22,12,20,5,29,2,258958,4074,0,24,8559.55781163,2026-02-21 19:21:02,0,normal
9.8,54.2,59,35,22,12,20,5,29,2,238,150,0,2,8560.639419644,2026-02-21 19:21:03,0,normal
8.4,54.2,59,31,22,12,20,5,29,2,0,0,0,0,8561.720850816,2026-02-21 19:21:04,0,normal
9.1,54.2,60,29,23,12,20,5,30,2,74769,12911,5,52,8562.805738608,2026-02-21 19:21:05,0,normal
11.4,54.2,60,28,23,12,20,5,30,2,4150228,18537,0,281,8563.88862699,2026-02-21 19:21:06,0,normal
11.0,54.2,60,28,23,12,20,5,30,2,52458,189,0,3,8564.97064769,2026-02-21 19:21:07,0,normal
11.7,54.1,62,28,25,12,20,5,31,2,6948,11425,0,30,8566.052724927,2026-02-21 19:21:08,0,normal
11.3,54.1,63,29,25,12,21,5,32,2,35005,33030,2,74,8567.13908675,2026-02-21 19:21:09,0,normal
9.7,54.2,63,29,25,12,21,5,32,2,725467,5973,0,53,8568.229797711,2026-02-21 19:21:10,0,normal
14.6,53.4,63,29,25,12,21,5,32,2,3037194,18853,0,199,8569.320522718,2026-02-21 19:21:12,0,normal
26.9,54.5,65,32,25,12,23,5,30,2,1736633,59101,4,373,8570.403713027,2026-02-21 19:21:13,0,normal
23.1,55.6,65,32,24,12,24,5,30,2,6680576,56248,0,808,8571.487669147,2026-02-21 19:21:14,0,normal
13.1,55.7,66,31,25,12,24,5,30,2,1604162,23842,0,257,8572.572178958,2026-02-21 19:21:15,0,normal
20.4,55.7,66,31,25,12,24,5,30,2,5882378,42481,0,520,8573.659390068,2026-02-21 19:21:16,0,normal
15.1,55.8,65,31,25,12,23,5,30,2,2832695,16213,0,214,8574.743073675,2026-02-21 19:21:17,0,normal
12.1,56.1,65,31,25,12,23,5,30,2,1719382,15595,0,156,8575.830057288,2026-02-21 19:21:18,0,normal
11.3,56.1,65,31,25,12,23,5,30,2,2758158,23864,0,238,8576.916850652,2026-02-21 19:21:19,0,normal
13.8,55.8,65,31,25,12,23,5,30,2,1921995,21660,0,189,8578.005584896,2026-02-21 19:21:20,0,normal
14.0,55.2,65,31,25,12,23,5,30,2,2454443,19490,0,203,8579.093523023,2026-02-21 19:21:21,0,normal
13.3,55.0,65,31,25,12,23,5,30,2,1341,2561,0,8,8580.174824932,2026-02-21 19:21:22,0,normal
8.9,55.1,65,31,25,12,23,5,30,2,584,2956,0,6,8581.256805647,2026-02-21 19:21:24,0,normal
10.3,54.8,65,31,25,12,23,5,30,2,2141,7916,0,11,8582.340123888,2026-02-21 19:21:25,0,normal
7.9,54.8,65,31,25,12,23,5,30,2,1082695,5677,0,86,8583.425509706,2026-02-21 19:21:26,0,normal
10.5,54.7,65,31,25,12,23,5,30,2,717342,13149,0,69,8584.509608814,2026-02-21 19:21:27,0,normal
8.7,54.7,65,31,25,12,23,5,30,2,0,0,0,0,8585.592447663,2026-02-21 19:21:28,0,normal
8.0,54.7,65,31,25,12,23,5,30,2,0,0,0,0,8586.675474105,2026-02-21 19:21:29,0,normal
8.1,54.8,65,31,25,12,23,5,30,2,206,52,0,1,8587.756883856,2026-02-21 19:21:30,0,normal
9.8,54.9,68,31,27,12,24,5,32,2,1996555,16230,0,197,8588.838703789,2026-02-21 19:21:31,0,normal
13.5,54.7,68,31,26,12,25,5,32,2,274262,10988,0,64,8589.922406403,2026-02-21 19:21:32,0,normal
13.8,54.6,68,31,27,12,24,5,32,2,1819,3249,5,13,8591.004927384,2026-02-21 19:21:33,0,normal
14.9,54.6,69,31,27,12,24,5,33,3,16616,9341,0,28,8592.087042061,2026-02-21 19:21:34,0,normal
8.4,54.7,69,31,27,12,24,5,33,3,133838,6035,0,44,8593.171302854,2026-02-21 19:21:35,0,normal
11.2,54.7,70,31,27,12,24,5,33,3,1264820,20040,0,192,8594.254841178,2026-02-21 19:21:37,0,normal
11.7,54.7,58,31,27,12,12,5,32,3,149791,5026,0,27,8595.343988799,2026-02-21 19:21:38,0,normal
8.5,54.7,54,31,25,12,12,5,29,2,4898,9925,5,40,8596.427241346,2026-02-21 19:21:39,0,normal
8.8,54.6,55,30,24,12,13,5,30,3,2235,8121,0,14,8597.513374529,2026-02-21 19:21:40,0,normal
9.9,54.5,55,30,24,12,13,5,30,3,1099628,6042,0,96,8598.597780394,2026-02-21 19:21:41,0,normal
13.7,54.6,54,30,24,12,13,5,29,2,2063145,15895,0,152,8599.68429249,2026-02-21 19:21:42,0,normal
12.9,54.5,54,29,24,12,13,5,29,2,0,0,0,0,8600.767835653,2026-02-21 19:21:43,0,normal
13.3,54.5,54,28,24,12,13,5,29,2,353,2812,0,4,8601.851959328,2026-02-21 19:21:44,0,normal
18.3,54.7,52,28,24,12,11,5,29,2,18285,124,0,2,8602.936945384,2026-02-21 19:21:45,0,normal
12.9,54.8,52,28,24,12,11,5,29,2,2603799,10839,0,172,8604.022536839,2026-02-21 19:21:46,0,normal
5.9,54.9,52,28,24,12,11,5,29,2,3691,6547,0,8,8605.107953774,2026-02-21 19:21:47,0,normal
7.8,54.9,52,28,24,12,11,5,29,2,0,0,0,0,8606.192923338,2026-02-21 19:21:48,0,normal
4.9,54.8,51,28,24,12,10,5,28,2,1030,3124,0,10,8607.275247078,2026-02-21 19:21:50,0,normal
6.0,54.7,51,28,24,12,10,5,28,2,1520125,6495,0,103,8608.359095255,2026-02-21 19:21:51,0,normal
7.1,54.8,51,27,24,12,10,5,28,2,1093780,4537,0,72,8609.443605718,2026-02-21 19:21:52,0,normal
6.6,54.8,51,28,24,12,10,5,28,2,17504,25462,0,35,8610.527809865,2026-02-21 19:21:53,0,normal
7.3,54.8,51,28,24,12,10,5,28,2,22014,3666,0,18,8611.612979026,2026-02-21 19:21:54,0,normal
15.4,55.0,51,28,24,12,10,5,28,2,23531,24611,0,36,8612.698148277,2026-02-21 19:21:55,0,normal
7.3,54.7,52,29,24,12,11,5,28,2,788198,11690,2,86,8613.78386635,2026-02-21 19:21:56,0,normal
4.9,54.7,52,29,24,12,11,5,28,2,7238,7288,0,11,8614.865166887,2026-02-21 19:21:57,0,normal
5.9,54.9,53,29,25,12,11,5,28,2,57545,5332,0,23,8615.945801811,2026-02-21 19:21:58,0,normal
4.0,54.7,53,29,25,12,11,5,28,2,1563,3271,0,7,8617.02998659,2026-02-21 19:21:59,0,normal
6.6,55.0,53,29,25,12,11,5,28,2,431392,1817,0,29,8618.111997252,2026-02-21 19:22:00,0,normal
4.8,54.9,53,29,25,12,11,5,28,2,300312,1301,0,21,8619.194319719,2026-02-21 19:22:01,0,normal
11.4,55.1,53,29,25,12,11,5,28,2,6797,7283,0,11,8620.274684276,2026-02-21 19:22:03,0,normal
11.5,55.1,53,29,25,12,11,5,28,2,467,2931,0,6,8621.36666855,2026-02-21 19:22:04,0,normal
18.0,55.3,53,29,25,12,11,5,28,2,0,0,0,0,8622.455015636,2026-02-21 19:22:05,0,normal
20.6,55.5,53,29,24,12,12,5,28,2,2661016,19848,0,194,8623.540041948,2026-02-21 19:22:06,0,normal
28.3,56.3,53,29,24,12,12,5,28,2,678,426,0,5,8624.626257296,2026-02-21 19:22:07,0,normal
3.7,56.4,53,29,24,12,12,5,28,2,7022,11177,0,15,8625.70975288,2026-02-21 19:22:08,0,normal
10.8,53.1,53,29,24,12,12,5,28,2,6723,3186,0,8,8626.79530965,2026-02-21 19:22:09,0,normal
8.5,53.1,52,29,24,12,11,5,28,2,2058,7992,0,12,8627.876509396,2026-02-21 19:22:10,0,normal
4.3,52.9,52,29,24,12,11,5,28,2,2369358,12267,0,178,8628.95855313,2026-02-21 19:22:11,0,normal
8.6,53.0,52,29,24,12,11,5,28,2,1328867,14556,0,114,8630.039101962,2026-02-21 19:22:12,0,normal
3.8,53.0,52,29,24,12,11,5,28,2,401,143,0,2,8631.123188998,2026-02-21 19:22:13,0,normal
5.6,52.9,46,29,24,12,5,5,27,2,634,2996,0,6,8632.20731711,2026-02-21 19:22:14,0,normal
5.9,52.8,46,29,24,12,5,5,27,2,180995,1085,0,17,8633.289980698,2026-02-21 19:22:16,0,normal
7.6,53.0,46,29,24,12,5,5,27,2,2741704,13411,0,198,8634.371401761,2026-02-21 19:22:17,0,normal
4.3,52.8,46,29,24,12,5,5,27,2,1190847,17354,0,98,8635.457330209,2026-02-21 19:22:18,0,normal
7.9,52.6,46,29,24,12,5,5,27,2,102,52,0,1,8636.538116748,2026-02-21 19:22:19,0,normal
7.0,52.6,46,29,24,12,5,5,27,2,231,143,0,2,8637.622773707,2026-02-21 19:22:20,0,normal
10.4,51.9,46,29,24,12,5,5,27,2,2487191,10560,0,167,8638.702882031,2026-02-21 19:22:21,0,normal
6.2,52.1,46,29,24,12,5,5,27,2,1388009,5604,0,89,8639.786981008,2026-02-21 19:22:22,0,normal
9.5,52.2,46,29,24,12,5,5,27,2,10739,10534,0,23,8640.871183812,2026-02-21 19:22:23,0,normal
13.4,52.2,49,29,27,12,5,5,28,2,1294811,27147,2,298,8641.955466255,2026-02-21 19:22:24,0,normal
15.7,52.5,49,29,27,12,5,5,28,2,2527153,42383,0,612,8643.046550578,2026-02-21 19:22:25,0,normal
18.2,53.1,49,28,27,12,5,5,28,2,2993358,19674,0,341,8644.142847973,2026-02-21 19:22:26,0,normal
12.2,53.4,49,28,27,12,5,5,28,2,0,0,0,0,8645.224811997,2026-02-21 19:22:27,0,normal
5.7,53.5,49,28,27,12,5,5,28,2,5851,7300,0,12,8646.308428307,2026-02-21 19:22:29,0,normal
4.6,53.6,48,28,26,12,5,5,28,2,785,2993,0,7,8647.390297082,2026-02-21 19:22:30,0,normal
6.3,53.6,47,28,25,12,5,5,28,2,1029448,5632,0,89,8648.470270843,2026-02-21 19:22:31,0,normal
6.2,53.5,46,28,24,12,5,5,27,2,318,180,0,3,8649.555593272,2026-02-21 19:22:32,0,normal
5.6,53.2,46,28,24,12,5,5,27,2,613,6404,0,6,8650.641202129,2026-02-21 19:22:33,0,normal
5.7,53.2,46,28,24,12,5,5,27,2,7296,3914,0,13,8651.721749309,2026-02-21 19:22:34,0,normal
3.5,53.1,43,28,23,12,3,5,25,2,894,416,0,8,8652.803626631,2026-02-21 19:22:35,0,normal
4.7,53.1,43,27,23,12,3,5,25,2,2739841,11221,0,176,8653.886272096,2026-02-21 19:22:36,0,normal
7.4,52.7,44,27,24,12,3,5,25,2,7702,1921,0,10,8654.969084856,2026-02-21 19:22:37,0,normal
5.4,52.7,44,26,24,12,3,5,25,2,10035,7997,0,14,8656.0519584,2026-02-21 19:22:38,0,normal
7.7,52.9,44,26,24,12,3,5,25,2,467,2931,0,6,8657.135233378,2026-02-21 19:22:39,0,normal
13.1,53.0,44,26,24,12,3,5,25,2,385791,9775,0,40,8658.220374456,2026-02-21 19:22:40,0,normal
10.4,53.0,44,26,23,12,4,5,25,2,2286153,9910,0,158,8659.304270062,2026-02-21 19:22:42,0,normal
11.0,53.0,43,26,23,12,3,5,25,2,0,0,0,0,8660.399101651,2026-02-21 19:22:43,0,normal
5.6,53.0,43,26,23,12,3,5,25,2,7012,10207,0,17,8661.480341194,2026-02-21 19:22:44,0,normal
9.1,52.9,43,26,23,12,3,5,25,2,0,0,0,0,8662.563262628,2026-02-21 19:22:45,0,normal
6.0,53.1,43,26,23,12,3,5,25,2,1710510,9938,0,117,8663.64663497,2026-02-21 19:22:46,0,normal
9.8,53.1,43,26,23,12,3,5,25,2,0,0,0,0,8664.73016044,2026-02-21 19:22:47,0,normal
14.2,53.5,43,26,23,12,3,5,25,2,238,222,0,2,8665.814919429,2026-02-21 19:22:48,0,normal
6.6,53.6,43,26,23,12,3,5,25,2,3719,6490,0,7,8666.901917579,2026-02-21 19:22:49,0,normal
8.8,52.9,43,26,23,12,3,5,25,2,18286,189,0,3,8667.984163786,2026-02-21 19:22:50,0,normal
12.3,53.4,43,26,23,12,3,5,25,2,1410379,7994,0,86,8669.064973205,2026-02-21 19:22:51,0,normal
22.6,53.2,43,27,23,12,3,5,25,2,6376,4881,2,12,8670.148040723,2026-02-21 19:22:52,0,normal
20.5,53.0,43,27,23,12,3,5,25,2,315535,17729,0,90,8671.233997545,2026-02-21 19:22:53,0,normal
13.3,53.0,43,27,23,12,3,5,25,2,7852,8365,0,14,8672.317868244,2026-02-21 19:22:55,0,normal
23.8,53.1,42,27,22,12,3,5,25,2,268776,13107,2,71,8673.403291763,2026-02-21 19:22:56,0,normal
19.7,53.2,42,27,21,12,3,6,25,2,433067,6930,0,100,8674.487180656,2026-02-21 19:22:57,0,normal
7.6,53.3,42,27,21,12,3,6,25,2,413106,11477,0,119,8675.570450024,2026-02-21 19:22:58,0,normal
10.0,53.2,43,28,22,12,2,6,26,2,416158,25209,2,136,8676.653303691,2026-02-21 19:22:59,0,normal
10.4,53.2,43,27,23,12,2,6,26,2,604094,16297,0,164,8677.73611635,2026-02-21 19:23:00,0,normal
17.0,53.4,43,27,23,12,2,6,26,2,821768,8770,0,139,8678.820766544,2026-02-21 19:23:01,0,normal
14.7,53.4,43,27,23,12,2,6,26,2,1483439,9707,0,154,8679.904464519,2026-02-21 19:23:02,0,normal
10.5,53.4,42,27,22,12,2,6,25,2,1035,2898,0,6,8680.986915959,2026-02-21 19:23:03,0,normal
12.8,53.3,42,27,22,12,2,6,25,2,3841,6566,0,8,8682.070153267,2026-02-21 19:23:04,0,normal
13.3,53.1,42,27,21,12,3,6,25,2,235215,1469,0,23,8683.154937274,2026-02-21 19:23:05,0,normal
12.9,53.1,42,27,21,12,3,6,25,2,3406746,15215,0,241,8684.239097607,2026-02-21 19:23:07,0,normal
14.7,53.2,41,27,21,12,2,6,24,2,102,52,0,1,8685.323488825,2026-02-21 19:23:08,0,normal
13.4,53.2,41,27,21,12,2,6,24,2,396,6350,0,5,8686.407998015,2026-02-21 19:23:09,0,normal
17.8,53.0,41,27,21,12,2,6,24,2,4492,3060,0,8,8687.494450578,2026-02-21 19:23:10,0,normal
12.9,52.9,41,27,21,12,2,6,24,2,982176,12732,0,87,8688.575134445,2026-02-21 19:23:11,0,normal
20.3,52.9,39,27,19,12,2,6,22,2,3024894,12840,0,204,8689.661322131,2026-02-21 19:23:12,0,normal
13.8,53.0,39,27,19,12,2,6,22,2,0,0,0,0,8690.744264514,2026-02-21 19:23:13,0,normal
16.0,52.9,39,27,19,12,2,6,22,2,15856,12195,0,23,8691.830177884,2026-02-21 19:23:14,0,normal
17.4,52.9,39,27,19,12,2,6,22,2,0,0,0,0,8692.914533004,2026-02-21 19:23:15,0,normal
17.8,52.9,39,27,18,12,3,6,22,2,2930422,12647,0,199,8693.998565828,2026-02-21 19:23:16,0,normal
18.6,52.9,39,27,18,12,3,6,22,2,1874,399,0,2,8695.083558256,2026-02-21 19:23:17,0,normal
22.0,53.0,39,27,18,12,3,6,22,2,141,143,0,2,8696.169380675,2026-02-21 19:23:18,0,normal
19.5,52.8,39,27,18,12,3,6,22,2,11612,11014,0,22,8697.254813201,2026-02-21 19:23:20,0,normal
15.3,52.9,39,27,18,12,3,6,22,2,1033948,4445,0,71,8698.353980432,2026-02-21 19:23:21,0,normal
16.6,53.0,39,27,18,12,3,6,22,2,3072289,12047,0,191,8699.448414102,2026-02-21 19:23:22,0,normal
19.7,52.9,39,27,18,12,3,6,22,2,0,0,0,0,8700.533410658,2026-02-21 19:23:23,0,normal
16.0,52.8,39,27,17,12,4,6,22,2,861,3202,0,10,8701.621518985,2026-02-21 19:23:24,0,normal
16.7,52.9,39,27,17,12,4,6,22,2,14110,8691,0,17,8702.702326334,2026-02-21 19:23:25,0,normal
17.2,52.9,39,27,17,12,4,6,22,2,4044469,24286,0,270,8703.783997247,2026-02-21 19:23:26,0,normal
19.4,52.9,39,27,17,12,4,6,22,2,0,0,0,0,8704.866791011,2026-02-21 19:23:27,0,normal
20.0,52.8,39,27,17,12,4,6,22,2,212,52,0,1,8705.951126164,2026-02-21 19:23:28,0,normal
19.4,52.9,39,27,17,12,4,6,22,2,5563,10256,0,17,8707.033754958,2026-02-21 19:23:29,0,normal
15.2,52.8,39,26,17,12,4,6,22,2,245779,1393,0,22,8708.123281752,2026-02-21 19:23:30,0,normal
16.8,52.9,38,26,16,12,4,6,21,2,2444887,9148,0,145,8709.207375069,2026-02-21 19:23:31,0,normal
20.8,52.9,38,26,16,12,4,6,21,2,0,0,0,0,8710.296452338,2026-02-21 19:23:33,0,normal
16.2,53.0,38,26,16,12,4,6,21,2,468,2930,0,6,8711.382412917,2026-02-21 19:23:34,0,normal
18.1,52.9,38,26,16,12,4,6,21,2,6380,7262,0,11,8712.468782635,2026-02-21 19:23:35,0,normal
14.3,52.9,38,26,16,12,4,6,21,2,2114685,8368,0,133,8713.560839346,2026-02-21 19:23:36,0,normal
14.9,52.8,38,26,16,12,4,6,21,2,20304,126,0,2,8714.641815683,2026-02-21 19:23:37,0,normal
16.7,52.8,37,26,15,12,4,6,20,2,926,3650,0,5,8715.728698215,2026-02-21 19:23:38,0,normal
18.0,52.8,37,26,15,12,4,6,20,2,419,2793,0,4,8716.814779641,2026-02-21 19:23:39,0,normal
20.8,52.9,37,26,15,12,4,6,20,2,23325,7176,0,14,8717.900037608,2026-02-21 19:23:40,0,normal
22.6,53.0,37,26,15,12,4,6,20,2,1640226,17353,0,120,8718.982690688,2026-02-21 19:23:41,0,normal
19.4,52.8,37,26,15,12,4,6,20,2,0,0,0,0,8720.065623534,2026-02-21 19:23:42,0,normal
13.8,53.0,37,26,15,12,4,6,20,2,0,0,0,0,8721.146906056,2026-02-21 19:23:43,0,normal
13.6,53.0,34,26,14,12,3,5,18,2,180,52,0,1,8722.228558444,2026-02-21 19:23:44,0,normal
18.1,52.9,34,26,14,12,3,5,18,2,1507224,12834,0,107,8723.317424846,2026-02-21 19:23:46,0,normal
17.2,53.0,34,26,14,12,3,5,18,2,2839026,11251,0,178,8724.404475946,2026-02-21 19:23:47,0,normal
14.4,53.0,34,26,14,12,3,5,18,2,0,0,0,0,8725.492588691,2026-02-21 19:23:48,0,normal
14.5,53.0,34,26,14,12,3,5,18,2,468,2930,0,6,8726.577144618,2026-02-21 19:23:49,0,normal
14.9,52.9,34,26,14,12,3,5,18,2,0,0,0,0,8727.660647175,2026-02-21 19:23:50,0,normal
21.9,53.0,34,26,14,12,3,5,18,2,852279,13508,0,102,8728.741646786,2026-02-21 19:23:51,0,normal
20.8,53.0,34,26,14,12,3,5,18,2,1035669,12297,0,139,8729.825746656,2026-02-21 19:23:52,0,normal
18.8,52.9,34,26,14,12,3,5,18,2,716,70,0,1,8730.915504104,2026-02-21 19:23:53,0,normal
14.4,53.0,34,26,14,12,3,5,18,2,385,405,0,2,8731.998598142,2026-02-21 19:23:54,0,normal
14.5,52.9,34,26,14,12,3,5,18,2,59614,517,0,8,8733.084705247,2026-02-21 19:23:55,0,normal
23.0,52.8,34,26,14,12,3,5,18,2,1165531,24383,0,156,8734.168118816,2026-02-21 19:23:56,0,normal
24.4,52.8,34,26,14,12,3,5,18,2,1119914,9515,0,142,8735.251789399,2026-02-21 19:23:58,0,normal
19.9,52.9,34,26,14,12,3,5,18,2,284125,2734,0,40,8736.340343494,2026-02-21 19:23:59,0,normal
17.7,52.9,33,26,13,12,3,5,18,2,964,3152,0,10,8737.423802138,2026-02-21 19:24:00,0,normal
17.1,52.8,33,26,13,12,3,5,18,2,544024,11466,0,76,8738.509257427,2026-02-21 19:24:01,0,normal
24.3,53.0,33,26,13,12,3,5,18,2,1142763,10709,0,140,8739.600519644,2026-02-21 19:24:02,0,normal
20.0,53.0,33,26,13,12,3,5,18,2,1110900,10803,0,148,8740.687769517,2026-02-21 19:24:03,0,normal
16.4,53.0,33,26,13,12,3,5,18,2,1079026,11712,0,130,8741.772377392,2026-02-21 19:24:04,0,normal
20.6,53.1,32,26,12,12,3,5,17,2,904,495,0,9,8742.855522567,2026-02-21 19:24:05,0,normal
21.0,53.0,32,26,12,12,3,5,17,2,2166524,17467,0,182,8743.936691236,2026-02-21 19:24:06,0,normal
17.9,53.1,32,26,12,12,3,5,17,2,1269730,5489,0,87,8745.021956958,2026-02-21 19:24:07,0,normal
11.5,53.1,31,26,12,12,2,5,16,2,0,0,0,0,8746.10841407,2026-02-21 19:24:08,0,normal
8.4,53.2,31,26,12,12,2,5,16,2,354,2812,0,4,8747.193800097,2026-02-21 19:24:09,0,normal
12.4,53.2,31,26,12,12,2,5,16,2,943070,11664,0,79,8748.277151158,2026-02-21 19:24:11,0,normal
12.1,53.2,31,26,11,12,3,5,16,2,1386798,14395,0,113,8749.361469708,2026-02-21 19:24:12,0,normal
15.9,53.1,31,26,11,12,3,5,16,2,0,0,0,0,8750.442447438,2026-02-21 19:24:13,0,normal
12.7,53.1,31,26,11,12,3,5,16,2,354,2812,0,4,8751.527483928,2026-02-21 19:24:14,0,normal
8.9,53.1,31,26,11,12,3,5,16,2,0,0,0,0,8752.611537382,2026-02-21 19:24:15,0,normal
10.7,53.1,31,26,11,12,3,5,16,2,682271,3255,0,50,8753.691221649,2026-02-21 19:24:16,0,normal
11.8,53.2,30,26,11,12,2,5,15,2,7991,7314,0,12,8754.780204922,2026-02-21 19:24:17,0,normal
4.9,53.0,30,26,11,12,2,5,15,2,1264,3701,0,6,8755.863618593,2026-02-21 19:24:18,0,normal
8.7,52.9,30,26,11,12,2,5,15,2,354,2812,0,4,8756.944772041,2026-02-21 19:24:19,0,normal
3.3,52.9,30,26,11,12,2,5,15,2,22641,629,0,9,8758.025719463,2026-02-21 19:24:20,0,normal
10.9,52.7,30,26,11,12,2,5,15,2,2779892,19364,0,197,8759.108680602,2026-02-21 19:24:21,0,normal
7.5,52.7,30,26,11,12,2,5,15,2,3705,74,0,1,8760.189736127,2026-02-21 19:24:22,0,normal
6.5,52.8,32,26,13,12,2,5,16,2,3711,9871,0,23,8761.271441473,2026-02-21 19:24:24,0,normal
4.4,52.8,34,26,15,12,2,5,18,2,21746,12919,2,50,8762.355807373,2026-02-21 19:24:25,0,normal
4.1,52.7,33,26,15,12,1,5,18,2,912794,3701,0,59,8763.437909687,2026-02-21 19:24:26,0,normal
8.4,52.8,33,26,15,12,1,5,18,2,2818160,24795,2,199,8764.522742896,2026-02-21 19:24:27,0,normal
3.7,52.9,30,26,12,12,1,5,15,2,1274,416,0,8,8765.604630476,2026-02-21 19:24:28,0,normal
7.5,52.8,30,26,12,12,1,5,15,2,1742,5399,0,14,8766.686301799,2026-02-21 19:24:29,0,normal
5.4,53.0,30,26,12,12,1,5,15,2,0,0,0,0,8767.768781904,2026-02-21 19:24:30,0,normal
20.5,53.1,32,26,14,12,1,5,16,2,3555893,23787,2,251,8768.852881032,2026-02-21 19:24:31,0,normal
19.7,53.9,33,26,15,12,1,5,16,2,13558,10754,0,27,8769.937557296,2026-02-21 19:24:32,0,normal
9.5,54.2,33,26,15,12,1,5,16,2,3690,338,0,4,8771.021308179,2026-02-21 19:24:33,0,normal
9.5,53.2,33,26,15,12,1,5,16,2,0,0,0,0,8772.101257014,2026-02-21 19:24:34,0,normal
5.7,53.0,33,26,15,12,1,5,16,2,958892,4027,0,64,8773.183238299,2026-02-21 19:24:35,0,normal
9.5,52.6,31,26,13,12,1,5,15,2,2656665,10837,0,172,8774.264430651,2026-02-21 19:24:37,0,normal
12.6,52.1,32,26,14,12,1,5,16,2,5310,8705,0,15,8775.353593992,2026-02-21 19:24:38,0,normal
16.7,52.6,33,26,15,12,1,5,16,2,4372,6433,0,13,8776.441114844,2026-02-21 19:24:39,0,normal
9.8,52.8,33,26,15,12,1,5,16,2,0,0,0,0,8777.526057479,2026-02-21 19:24:40,0,normal
7.2,52.9,33,26,15,12,1,5,16,2,3451483,13317,0,210,8778.608787282,2026-02-21 19:24:41,0,normal
6.5,53.0,33,26,15,12,1,5,16,2,357452,15919,0,40,8779.689808263,2026-02-21 19:24:42,0,normal
5.1,53.1,34,26,14,12,3,5,17,2,66120,3271,0,36,8780.773239445,2026-02-21 19:24:43,0,normal
5.9,52.8,34,26,13,12,4,5,17,2,104267,5543,0,43,8781.853329175,2026-02-21 19:24:44,0,normal
4.7,52.7,35,26,14,12,4,5,18,2,19996,3384,5,15,8782.93328887,2026-02-21 19:24:45,0,normal
6.6,52.7,35,26,14,12,4,5,18,2,3498192,19190,0,243,8784.015792419,2026-02-21 19:24:46,0,normal
5.5,52.7,35,26,14,12,4,5,18,2,4073,6544,0,8,8785.097286628,2026-02-21 19:24:47,0,normal
5.1,52.7,35,26,14,12,4,5,18,2,0,0,0,0,8786.180462611,2026-02-21 19:24:48,0,normal
4.4,52.7,35,26,13,12,5,5,18,2,888,3158,0,9,8787.261359589,2026-02-21 19:24:50,0,normal
4.6,52.6,35,26,13,12,5,5,18,2,399673,3042,0,44,8788.340907821,2026-02-21 19:24:51,0,normal
7.4,52.6,35,26,13,12,5,5,18,2,1041299,8851,0,125,8789.420734476,2026-02-21 19:24:52,0,normal
6.0,52.6,35,26,13,12,5,5,18,2,1029700,16177,0,136,8790.501745629,2026-02-21 19:24:53,0,normal
9.0,52.6,35,26,13,12,5,5,18,2,986529,12819,0,150,8791.586993168,2026-02-21 19:24:54,0,normal
11.0,52.9,35,26,13,12,5,5,18,2,78,28,0,1,8792.676741688,2026-02-21 19:24:55,0,normal
10.3,53.1,35,26,13,12,5,5,18,2,817205,8568,0,124,8793.759149227,2026-02-21 19:24:56,0,normal
12.5,53.3,35,26,13,12,5,5,18,2,1126341,29091,0,229,8794.843404589,2026-02-21 19:24:57,0,normal
7.4,52.9,35,26,13,12,5,5,18,2,1098635,14747,0,160,8795.925623492,2026-02-21 19:24:58,0,normal
5.3,52.9,35,26,13,12,5,5,18,2,92081,3598,0,17,8797.008306819,2026-02-21 19:24:59,0,normal
5.2,52.8,35,26,13,12,5,5,18,2,97743,819,0,13,8798.091124218,2026-02-21 19:25:00,0,normal
4.6,52.8,35,26,13,12,5,5,18,2,2052431,11472,0,182,8799.173552435,2026-02-21 19:25:01,0,normal
6.6,52.8,35,26,13,12,5,5,18,2,936713,10653,0,73,8800.256701878,2026-02-21 19:25:03,0,normal
5.6,52.9,35,26,13,12,5,5,18,2,456,2783,0,4,8801.33628182,2026-02-21 19:25:04,0,normal
8.4,52.7,35,26,13,12,5,5,18,2,228,132,0,2,8802.418427275,2026-02-21 19:25:05,0,normal
15.3,53.1,37,26,15,12,5,5,18,2,1280473,13329,0,111,8803.503476701,2026-02-21 19:25:06,0,normal
10.8,53.4,37,26,15,12,5,5,18,2,2136872,9522,0,151,8804.591026849,2026-02-21 19:25:07,0,normal
9.6,52.6,37,26,15,12,5,5,18,2,12119,7194,0,14,8805.675155353,2026-02-21 19:25:08,0,normal
8.4,52.7,37,26,15,12,5,5,18,2,103712,5782,0,32,8806.762708967,2026-02-21 19:25:09,0,normal
16.0,52.7,37,26,15,12,5,5,18,2,160137,3011,0,45,8807.848723156,2026-02-21 19:25:10,0,normal
11.3,52.6,37,26,15,12,5,5,18,2,3398205,17967,0,261,8808.932432732,2026-02-21 19:25:11,0,normal
14.9,52.7,37,26,15,12,5,5,18,2,1058260,25874,2,234,8810.014353315,2026-02-21 19:25:12,0,normal
11.4,52.7,37,26,15,12,5,5,18,2,1071395,13359,0,206,8811.098106282,2026-02-21 19:25:13,0,normal
13.6,53.3,36,26,15,12,4,5,18,2,180338,1768,0,34,8812.180360652,2026-02-21 19:25:14,0,normal
4.9,53.3,36,26,15,12,4,5,18,2,948403,4156,0,64,8813.262011507,2026-02-21 19:25:16,0,normal
8.5,52.7,35,26,14,12,4,5,18,2,2884978,11615,0,184,8814.349546506,2026-02-21 19:25:17,0,normal
12.5,53.3,35,26,14,12,4,5,18,2,4464,6067,0,9,8815.443372734,2026-02-21 19:25:18,0,normal
28.5,53.0,34,26,13,12,4,5,18,2,318,180,0,3,8816.533218929,2026-02-21 19:25:19,0,normal
11.6,53.0,34,26,13,12,4,5,18,2,354,2861,0,4,8817.620135755,2026-02-21 19:25:20,0,normal
17.9,53.0,34,26,13,12,4,5,18,2,2821447,11249,0,178,8818.703414181,2026-02-21 19:25:21,0,normal
16.3,53.1,34,26,13,12,4,5,18,2,309,171,0,3,8819.796380011,2026-02-21 19:25:22,0,normal
15.6,52.9,34,26,13,12,4,5,18,2,5472,5758,0,11,8820.883855679,2026-02-21 19:25:23,0,normal
10.5,52.9,34,26,13,12,4,5,18,2,470,2900,0,6,8821.971676906,2026-02-21 19:25:24,0,normal
15.8,52.8,34,26,13,12,4,5,18,2,18285,126,0,2,8823.057259734,2026-02-21 19:25:25,0,normal
13.0,52.8,34,26,13,12,4,5,18,2,1179479,10605,0,140,8824.142578927,2026-02-21 19:25:26,0,normal
10.2,52.9,34,26,13,12,4,5,18,2,1091570,21951,0,148,8825.227838647,2026-02-21 19:25:27,0,normal
16.4,52.8,34,26,13,12,4,5,18,2,310360,5802,0,50,8826.315079844,2026-02-21 19:25:29,0,normal
16.8,52.6,34,26,13,12,4,5,18,2,0,0,0,0,8827.399388446,2026-02-21 19:25:30,0,normal
14.4,52.6,34,26,13,12,4,5,18,2,369530,2901,0,46,8828.482044762,2026-02-21 19:25:31,0,normal
17.0,52.6,34,26,13,12,4,5,18,2,1086498,9326,0,133,8829.563813198,2026-02-21 19:25:32,0,normal
15.9,52.5,34,26,13,12,4,5,18,2,139107,7697,0,30,8830.644424679,2026-02-21 19:25:33,0,normal
18.5,52.7,34,26,13,12,4,5,18,2,604,2950,0,7,8831.7255578,2026-02-21 19:25:34,0,normal
9.3,52.6,34,26,13,12,4,5,18,2,0,0,0,0,8832.807049256,2026-02-21 19:25:35,0,normal
20.4,52.5,34,26,13,12,4,5,18,2,978113,7475,0,112,8833.887621984,2026-02-21 19:25:36,0,normal
13.1,52.6,34,26,13,12,4,5,18,2,1100311,12885,0,148,8834.970929814,2026-02-21 19:25:37,0,normal
21.1,52.5,34,26,13,12,4,5,18,2,1110521,13854,0,142,8836.05473494,2026-02-21 19:25:38,0,normal
15.4,52.5,34,26,13,12,4,5,18,2,265102,5059,0,38,8837.141769939,2026-02-21 19:25:39,0,normal
9.0,52.7,34,26,13,12,4,5,18,2,273219,1722,0,26,8838.222813803,2026-02-21 19:25:40,0,normal
8.5,52.7,34,26,13,12,4,5,18,2,1096450,8898,0,130,8839.306340505,2026-02-21 19:25:42,0,normal
12.5,52.7,34,26,13,12,4,5,18,2,1113980,17015,0,149,8840.39029396,2026-02-21 19:25:43,0,normal
11.1,52.7,34,26,13,12,4,5,18,2,1095684,15013,0,137,8841.473389391,2026-02-21 19:25:44,0,normal
12.1,52.6,34,26,13,12,4,5,18,2,340623,5057,0,38,8842.555133712,2026-02-21 19:25:45,0,normal
11.7,52.6,34,26,13,12,4,5,18,2,1267542,6923,0,110,8843.639505333,2026-02-21 19:25:46,0,normal
20.3,52.5,31,26,13,12,1,5,16,2,1582321,7122,0,113,8844.730781627,2026-02-21 19:25:47,0,normal
13.2,52.6,31,26,13,12,1,5,16,2,580,104,0,2,8845.813278733,2026-02-21 19:25:48,0,normal
11.1,52.5,31,26,13,12,1,5,16,2,4414,9338,0,12,8846.902394174,2026-02-21 19:25:49,0,normal
13.1,52.6,31,26,12,12,2,5,16,2,18860,512,0,8,8847.984680324,2026-02-21 19:25:50,0,normal
15.1,52.5,30,26,11,12,2,5,15,2,3389507,14399,0,228,8849.069072804,2026-02-21 19:25:51,0,normal
22.7,52.5,30,26,11,12,2,5,15,2,0,0,0,0,8850.151928384,2026-02-21 19:25:52,0,normal
18.9,52.5,31,26,11,12,2,5,16,3,11355,10772,0,18,8851.238708394,2026-02-21 19:25:54,0,normal
16.2,52.5,31,26,11,12,2,5,16,3,432,159,0,3,8852.320888865,2026-02-21 19:25:55,0,normal
24.2,52.7,30,26,11,12,2,5,15,2,1762802,7313,0,114,8853.410130252,2026-02-21 19:25:56,0,normal
14.3,52.4,32,26,11,12,2,5,16,3,194055,4110,0,25,8854.494357272,2026-02-21 19:25:57,0,normal
11.8,52.1,32,26,11,12,2,5,16,3,2106,7985,0,12,8855.57615826,2026-02-21 19:25:58,0,normal
11.1,52.2,32,26,11,12,2,5,16,3,13320,8895,0,20,8856.660681056,2026-02-21 19:25:59,0,normal
14.1,52.2,32,26,12,12,2,5,17,2,9854,8070,5,34,8857.745152925,2026-02-21 19:26:00,0,normal
16.1,52.0,31,26,12,12,2,5,16,2,1617501,9687,0,114,8858.828934086,2026-02-21 19:26:01,0,normal
10.1,52.0,31,26,12,12,2,5,16,2,455,104,0,2,8859.913397389,2026-02-21 19:26:02,0,normal
9.6,52.0,32,26,13,12,2,5,17,2,7535,4000,2,19,8860.998401159,2026-02-21 19:26:03,0,normal
10.4,52.0,32,26,13,12,2,5,17,2,7673,7461,0,14,8862.078869672,2026-02-21 19:26:04,0,normal
9.3,52.0,33,26,14,12,2,5,18,2,798608,7166,4,62,8863.162094176,2026-02-21 19:26:05,0,normal
7.2,51.7,33,26,14,12,2,5,18,2,2986424,13787,0,214,8864.246285999,2026-02-21 19:26:07,0,normal
5.1,51.8,33,26,14,12,2,5,18,2,0,0,0,0,8865.3286741,2026-02-21 19:26:08,0,normal
6.6,51.8,33,26,14,12,2,5,18,2,361,253,0,2,8866.409280712,2026-02-21 19:26:09,0,normal
11.2,51.8,33,26,14,12,2,5,18,2,17630,12652,0,30,8867.493429364,2026-02-21 19:26:10,0,normal
4.6,51.6,33,26,14,12,2,5,18,2,2632276,11226,0,175,8868.572960603,2026-02-21 19:26:11,0,normal
5.2,51.7,33,26,14,12,2,5,18,2,800810,3162,0,50,8869.658592263,2026-02-21 19:26:12,0,normal
6.7,51.7,33,26,14,12,2,5,18,2,1948,7865,0,10,8870.739770259,2026-02-21 19:26:13,0,normal
3.4,51.7,33,26,14,12,2,5,18,2,7586,10250,0,18,8871.821327299,2026-02-21 19:26:14,0,normal
2.6,51.8,33,26,14,12,2,5,18,2,475,104,0,2,8872.904481731,2026-02-21 19:26:15,0,normal
11.6,51.8,33,26,14,12,2,5,18,2,3492753,14609,0,229,8873.986638728,2026-02-21 19:26:16,0,normal
5.2,51.9,33,26,14,12,2,5,18,2,970,3689,0,6,8875.069634492,2026-02-21 19:26:17,0,normal
9.1,51.8,33,26,14,12,2,5,18,2,0,0,0,0,8876.148733499,2026-02-21 19:26:18,0,normal
6.5,51.8,33,26,14,12,2,5,18,2,12978,11268,0,23,8877.229590632,2026-02-21 19:26:19,0,normal
5.6,51.7,33,26,14,12,2,5,18,2,867993,4518,0,67,8878.312056489,2026-02-21 19:26:21,0,normal
7.6,51.8,33,28,14,12,2,5,18,3,2855637,11948,0,189,8879.392604461,2026-02-21 19:26:22,0,normal
5.9,51.9,33,26,14,12,2,5,18,2,1311,1813,0,8,8880.473995798,2026-02-21 19:26:23,0,normal
3.7,51.8,33,26,14,12,2,5,18,2,354,2783,0,4,8881.554114893,2026-02-21 19:26:24,0,normal
3.9,51.9,33,26,14,12,2,5,18,2,7144,7233,0,12,8882.638706147,2026-02-21 19:26:25,0,normal
6.3,51.8,33,26,14,12,2,5,18,2,704045,5701,0,81,8883.721112753,2026-02-21 19:26:26,0,normal
6.1,51.9,33,26,14,12,2,5,18,2,981752,10498,0,145,8884.810618367,2026-02-21 19:26:27,0,normal
4.0,51.8,33,26,14,12,2,5,18,2,967795,18023,0,157,8885.893531986,2026-02-21 19:26:28,0,normal
7.2,51.8,33,26,14,12,2,5,18,2,929108,9094,0,138,8886.972940986,2026-02-21 19:26:29,0,normal
5.1,51.8,33,26,14,12,2,5,18,2,193993,11011,0,38,8888.056163136,2026-02-21 19:26:30,0,normal
11.2,51.8,33,26,14,12,2,5,18,2,1037381,11137,0,142,8889.138523215,2026-02-21 19:26:31,0,normal
15.5,51.7,33,26,14,12,2,5,18,2,986641,10551,0,160,8890.225361564,2026-02-21 19:26:32,0,normal
10.0,51.8,33,26,14,12,2,5,18,2,574424,9662,0,96,8891.309960203,2026-02-21 19:26:34,0,normal
16.9,52.1,35,26,16,12,2,5,20,3,13714,17737,4,43,8892.392234951,2026-02-21 19:26:35,0,normal
6.3,52.1,35,26,16,12,2,5,20,3,621331,9432,0,97,8893.480299766,2026-02-21 19:26:36,0,normal
11.9,52.1,35,26,15,12,3,5,20,3,2443680,13487,0,207,8894.567158895,2026-02-21 19:26:37,0,normal
6.4,52.4,35,26,15,12,3,5,20,3,707984,3031,0,48,8895.649106798,2026-02-21 19:26:38,0,normal
8.4,52.4,35,26,15,12,3,5,20,3,354,2783,0,4,8896.732140173,2026-02-21 19:26:39,0,normal
12.3,52.4,35,26,15,12,3,5,20,3,5336,6925,0,10,8897.811075631,2026-02-21 19:26:40,0,normal
10.9,52.4,35,26,15,12,3,5,20,3,3348479,14400,0,227,8898.897220937,2026-02-21 19:26:41,0,normal
15.7,52.2,35,26,15,12,3,5,20,3,117835,574,0,9,8899.991427761,2026-02-21 19:26:42,0,normal
9.9,52.1,35,26,15,12,3,5,20,3,1808,7812,0,9,8901.077199705,2026-02-21 19:26:43,0,normal
10.2,52.1,35,26,15,12,3,5,20,3,354,2783,0,4,8902.165294958,2026-02-21 19:26:44,0,normal
24.8,52.5,35,26,15,12,3,5,20,3,982134,10862,0,72,8903.249239706,2026-02-21 19:26:46,0,normal
11.3,52.5,35,26,15,12,3,5,20,3,2193299,21794,5,164,8904.331284923,2026-02-21 19:26:47,0,normal
21.5,52.6,35,26,15,12,3,5,20,3,1363,2417,0,5,8905.416881718,2026-02-21 19:26:48,0,normal
8.4,52.5,35,26,15,12,3,5,20,3,4091,3430,0,13,8906.500508137,2026-02-21 19:26:49,0,normal
8.0,52.3,35,26,15,12,3,5,20,3,0,0,0,0,8907.580278286,2026-02-21 19:26:50,0,normal
10.1,52.3,35,26,15,12,3,5,20,3,3224429,20112,0,221,8908.658982601,2026-02-21 19:26:51,0,normal
6.8,52.3,35,26,15,12,3,5,20,3,194,28,0,1,8909.739748522,2026-02-21 19:26:52,0,normal
5.4,52.3,33,26,15,12,1,5,19,3,102,52,0,1,8910.819081499,2026-02-21 19:26:53,0,normal
8.2,52.2,33,26,15,12,1,5,19,3,470,2901,0,6,8911.900672682,2026-02-21 19:26:54,0,normal
7.4,52.3,33,26,15,12,1,5,19,3,18516,206,0,3,8912.982405721,2026-02-21 19:26:55,0,normal
9.2,52.3,33,26,15,12,1,5,19,3,3743000,21944,0,246,8914.065518916,2026-02-21 19:26:56,0,normal
14.7,52.5,33,26,15,12,1,5,19,3,1023,3780,0,8,8915.145417998,2026-02-21 19:26:57,0,normal
17.6,52.6,33,26,15,12,1,5,19,3,2873,29095,0,32,8916.225978613,2026-02-21 19:26:58,0,normal
13.8,52.5,34,26,16,12,1,5,20,3,1311,444,0,6,8917.309592589,2026-02-21 19:27:00,0,normal
9.5,52.5,33,26,15,12,1,5,19,3,2088207,21938,0,151,8918.394938423,2026-02-21 19:27:01,0,normal
10.5,52.6,34,26,15,12,1,5,20,3,1525107,13340,0,111,8919.479767143,2026-02-21 19:27:02,0,normal
5.8,52.6,34,26,15,12,1,5,20,3,6152,11902,0,18,8920.563287624,2026-02-21 19:27:03,0,normal
6.0,52.5,33,26,15,12,1,5,19,3,1011,2835,0,5,8921.646444901,2026-02-21 19:27:04,0,normal
8.1,52.6,33,26,15,12,1,5,19,3,500,2983,0,5,8922.726980389,2026-02-21 19:27:05,0,normal
7.3,52.6,33,26,15,12,1,5,19,3,2128599,18112,0,151,8923.809017581,2026-02-21 19:27:06,0,normal
6.0,52.6,33,26,15,12,1,5,19,3,0,0,0,0,8924.891971256,2026-02-21 19:27:07,0,normal
4.2,52.6,33,26,15,12,1,5,19,3,422,195,0,3,8925.974278946,2026-02-21 19:27:08,0,normal
6.0,52.6,33,26,15,12,1,5,19,3,0,0,0,0,8927.056346996,2026-02-21 19:27:09,0,normal
3.6,52.6,33,26,15,12,1,5,19,3,167703,6734,0,23,8928.137430404,2026-02-21 19:27:10,0,normal
5.3,52.5,33,26,15,12,1,5,19,3,993219,15330,0,132,8929.217742001,2026-02-21 19:27:11,0,normal
9.1,52.6,33,26,15,12,1,5,19,3,395599,4279,0,61,8930.299519964,2026-02-21 19:27:13,0,normal
3.5,52.6,33,26,15,12,1,5,19,3,1816,7863,0,10,8931.380806606,2026-02-21 19:27:14,0,normal
4.1,52.6,32,26,14,12,1,5,18,3,1443,3236,0,12,8932.46029803,2026-02-21 19:27:15,0,normal
6.6,52.6,32,26,13,12,2,5,18,3,548014,4914,0,74,8933.543173949,2026-02-21 19:27:16,0,normal
16.4,52.7,33,26,14,12,2,5,19,3,954454,21212,5,163,8934.624335754,2026-02-21 19:27:17,0,normal
6.8,52.7,35,26,15,12,2,5,20,4,452093,6968,0,76,8935.705410335,2026-02-21 19:27:18,0,normal
3.2,52.7,37,26,16,12,3,5,21,4,7558,101809,0,93,8936.788736271,2026-02-21 19:27:19,0,normal
2.3,52.7,38,26,14,12,5,5,21,4,171130,6576,0,73,8937.870660369,2026-02-21 19:27:20,0,normal
3.7,52.7,38,26,14,12,5,5,21,4,922605,21965,0,213,8938.951879644,2026-02-21 19:27:21,0,normal
10.9,52.6,38,26,14,12,5,5,21,4,966712,18375,0,228,8940.032685291,2026-02-21 19:27:22,0,normal
3.5,52.6,35,26,13,12,5,5,20,3,75690,1858,0,27,8941.113603068,2026-02-21 19:27:23,0,normal
2.3,52.6,35,26,12,12,6,5,20,3,521,2862,0,6,8942.195595557,2026-02-21 19:27:24,0,normal
6.4,52.6,35,26,12,12,6,5,20,3,127076,1581,0,25,8943.277876389,2026-02-21 19:27:26,0,normal
8.7,52.7,35,26,12,12,6,5,20,3,1636294,17607,0,179,8944.359032953,2026-02-21 19:27:27,0,normal
5.9,52.7,35,26,12,12,6,5,20,3,359466,1513,0,24,8945.439219975,2026-02-21 19:27:28,0,normal
6.9,52.7,35,26,12,12,6,5,20,3,2949,16107,0,21,8946.524141777,2026-02-21 19:27:29,0,normal
17.7,52.7,34,26,11,12,6,5,19,3,536,116,0,2,8947.609631876,2026-02-21 19:27:30,0,normal
9.5,52.6,35,26,11,12,6,5,20,3,2411564,29396,0,183,8948.688558212,2026-02-21 19:27:31,0,normal
19.5,52.9,35,26,12,12,6,5,20,3,1014078,19489,0,89,8949.768585445,2026-02-21 19:27:32,0,normal
15.7,52.9,34,26,11,12,6,5,19,3,1233,180,0,3,8950.847062017,2026-02-21 19:27:33,0,normal
8.7,52.8,34,26,11,12,6,5,19,3,2242,55410,0,47,8951.927963852,2026-02-21 19:27:34,0,normal
2.9,52.8,34,26,11,12,6,5,19,3,18783,393,0,6,8953.00886197,2026-02-21 19:27:35,0,normal
9.0,52.8,33,26,10,12,6,5,18,3,2376574,30923,0,233,8954.089386286,2026-02-21 19:27:36,0,normal
10.9,52.6,32,26,10,12,5,5,17,2,11214,4026,0,9,8955.170601499,2026-02-21 19:27:37,0,normal
7.2,52.6,32,26,10,12,5,5,17,2,142,52,0,1,8956.253357836,2026-02-21 19:27:39,0,normal
6.4,52.7,32,26,10,12,5,5,17,2,0,0,0,0,8957.335818567,2026-02-21 19:27:40,0,normal
10.0,52.7,32,26,10,12,5,5,17,2,915098,3529,0,56,8958.41528152,2026-02-21 19:27:41,0,normal
17.6,52.6,32,26,10,12,5,5,17,2,20246,10487,0,24,8959.500613141,2026-02-21 19:27:42,0,normal
10.7,52.5,32,26,10,12,5,5,17,2,0,0,0,0,8960.584334249,2026-02-21 19:27:43,0,normal
5.1,52.6,32,26,10,12,5,5,17,2,2323,10665,0,14,8961.664235454,2026-02-21 19:27:44,0,normal
7.1,52.6,32,26,10,12,5,5,17,2,0,0,0,0,8962.746398527,2026-02-21 19:27:45,0,normal
4.9,52.6,32,26,10,12,5,5,17,2,3487361,13990,0,222,8963.827510186,2026-02-21 19:27:46,0,normal
4.9,52.5,33,26,11,12,5,5,18,2,18447,10366,0,27,8964.908311943,2026-02-21 19:27:47,0,normal
3.8,52.5,32,26,9,12,5,5,17,2,9966,6514,0,15,8965.988433173,2026-02-21 19:27:48,0,normal
9.7,52.4,31,26,9,12,5,5,16,2,940,3019,0,9,8967.070084404,2026-02-21 19:27:49,0,normal
3.5,52.4,31,26,9,12,5,5,16,2,169341,825,0,13,8968.152439547,2026-02-21 19:27:50,0,normal
3.4,52.4,31,26,9,12,5,5,16,2,943261,10374,0,122,8969.236366772,2026-02-21 19:27:52,0,normal
4.8,52.4,31,26,9,12,5,5,16,2,973668,19443,0,159,8970.318089527,2026-02-21 19:27:53,0,normal
5.3,52.3,31,26,9,12,5,5,16,2,943616,9098,0,138,8971.397118145,2026-02-21 19:27:54,0,normal
4.8,52.3,31,26,9,12,5,5,16,2,906962,11742,0,138,8972.477392241,2026-02-21 19:27:55,0,normal
4.5,52.4,31,26,9,12,5,5,16,2,546619,4836,0,75,8973.556317544,2026-02-21 19:27:56,0,normal
4.6,52.4,31,26,9,12,5,5,16,2,958211,17999,0,160,8974.635859745,2026-02-21 19:27:57,0,normal
4.3,52.3,31,26,9,12,5,5,16,2,968578,10069,0,150,8975.716959832,2026-02-21 19:27:58,0,normal
2.6,52.3,31,26,9,12,5,5,16,2,1089102,18013,0,166,8976.798477403,2026-02-21 19:27:59,0,normal
5.7,52.3,31,26,9,12,5,5,16,2,898838,7700,0,82,8977.88175113,2026-02-21 19:28:00,0,normal
9.5,52.3,31,26,9,12,5,5,16,2,1627511,8387,0,133,8978.969873691,2026-02-21 19:28:01,0,normal
15.1,52.4,31,26,9,12,5,5,16,2,1642609,14761,0,130,8980.051009645,2026-02-21 19:28:02,0,normal
12.7,52.4,31,30,9,12,5,5,17,3,0,0,0,0,8981.134023704,2026-02-21 19:28:03,0,normal
4.1,52.3,32,26,10,12,5,5,17,2,3299,13177,5,27,8982.215516758,2026-02-21 19:28:04,0,normal
8.2,52.4,31,28,9,12,5,5,16,3,934240,7370,0,77,8983.295851229,2026-02-21 19:28:06,0,normal
17.0,52.6,33,26,11,12,5,5,17,2,377653,7663,0,54,8984.380413435,2026-02-21 19:28:07,0,normal
12.1,52.6,36,26,13,12,5,5,18,2,86588,13595,0,56,8985.464401754,2026-02-21 19:28:08,0,normal
12.9,52.6,37,26,15,12,5,5,17,2,41859,10728,0,47,8986.543199438,2026-02-21 19:28:09,0,normal
11.9,52.5,37,26,15,12,5,5,17,2,32951,624,0,12,8987.62261403,2026-02-21 19:28:10,0,normal
8.0,52.6,37,26,15,12,5,5,17,2,2214904,9806,0,154,8988.705039775,2026-02-21 19:28:11,0,normal
16.5,52.6,38,26,16,12,5,5,18,2,6059,33014,0,33,8989.788656076,2026-02-21 19:28:12,0,normal
12.5,52.7,37,26,15,12,5,5,17,2,13178,2312,0,16,8990.87434683,2026-02-21 19:28:13,0,normal
10.3,52.7,38,26,16,12,5,5,18,2,8483,30996,0,36,8991.955271648,2026-02-21 19:28:14,0,normal
18.7,52.8,38,26,16,12,5,5,17,2,20916,1889,0,14,8993.035150922,2026-02-21 19:28:15,0,normal
8.5,52.6,40,26,18,12,5,5,18,2,3811024,20770,0,263,8994.116603841,2026-02-21 19:28:16,0,normal
7.4,52.7,40,26,18,12,5,5,17,2,45719,17499,0,46,8995.202843968,2026-02-21 19:28:17,0,normal
6.9,52.6,39,26,18,12,4,5,16,2,17210,650,0,10,8996.286670893,2026-02-21 19:28:19,0,normal
16.7,52.9,32,26,10,12,4,2,17,2,802,13004,0,33,8997.369307134,2026-02-21 19:28:20,0,normal
8.6,52.9,28,26,10,12,4,2,14,2,465277,6569,0,58,8998.452755468,2026-02-21 19:28:21,0,normal
5.6,53.1,28,26,9,12,4,2,14,2,1939539,29577,0,183,8999.535217852,2026-02-21 19:28:22,0,normal
6.6,53.0,25,26,10,12,1,2,12,2,1374310,21923,0,192,9000.617981282,2026-02-21 19:28:23,0,normal
11.7,52.8,24,26,9,12,1,2,11,2,1113,2911,0,6,9001.701464422,2026-02-21 19:28:24,0,normal
9.6,52.8,24,26,9,12,1,2,11,2,498,13229,0,11,9002.784263679,2026-02-21 19:28:25,0,normal
6.2,52.7,24,26,9,12,1,2,11,2,2367156,12491,0,196,9003.864168613,2026-02-21 19:28:26,0,normal
9.4,52.9,23,26,9,12,0,2,11,2,1572607,15744,0,154,9004.946052841,2026-02-21 19:28:27,0,normal
2.8,52.9,23,26,9,12,0,2,11,2,8304,3777,0,11,9006.026822077,2026-02-21 19:28:28,0,normal
10.0,52.8,23,26,9,12,0,2,11,2,2331,7865,0,10,9007.105884559,2026-02-21 19:28:29,0,normal
9.0,52.9,23,26,9,12,0,2,11,2,110109,1212,0,17,9008.187724424,2026-02-21 19:28:30,0,normal
11.1,53.3,23,27,9,12,0,2,11,3,3165354,12827,0,202,9009.274111506,2026-02-21 19:28:32,0,normal
17.0,52.9,25,26,11,12,0,2,12,2,24409,15975,2,45,9010.365493635,2026-02-21 19:28:33,0,normal
10.1,52.9,25,26,11,12,0,2,12,2,0,0,0,0,9011.446143056,2026-02-21 19:28:34,0,normal
5.4,52.9,25,26,11,12,0,2,12,2,354,2783,0,4,9012.526140322,2026-02-21 19:28:35,0,normal
5.8,52.8,24,26,10,12,0,2,11,2,2176186,10025,0,160,9013.610119412,2026-02-21 19:28:36,0,normal
50.2,53.9,24,26,10,12,0,2,11,2,1582496,48825,0,136,9014.698857979,2026-02-21 19:28:37,0,normal
24.5,54.1,26,26,12,12,0,2,13,2,31177,74017,0,96,9015.784646467,2026-02-21 19:28:38,0,normal
15.0,53.9,26,26,12,12,0,2,13,2,52017,9536,0,46,9016.872873504,2026-02-21 19:28:39,0,normal
16.0,53.9,26,26,12,12,0,2,13,2,65275,6853,0,44,9017.95985956,2026-02-21 19:28:40,0,normal
18.5,54.2,26,26,12,12,0,2,13,2,3282863,20299,0,239,9019.047500967,2026-02-21 19:28:41,0,normal
22.0,54.3,28,26,14,12,0,2,13,2,48805,8102,0,50,9020.127798598,2026-02-21 19:28:42,0,normal
18.8,54.4,28,26,14,12,0,2,13,2,247618,14837,0,82,9021.20970569,2026-02-21 19:28:43,0,normal
15.1,54.6,28,27,14,12,0,2,13,3,16924,16747,0,42,9022.291077416,2026-02-21 19:28:45,0,normal
14.4,54.5,28,26,14,12,0,2,13,2,1556995,104849,0,203,9023.375529907,2026-02-21 19:28:46,0,normal
15.7,54.5,28,26,14,12,0,2,13,2,2203183,14451,1,164,9024.467681591,2026-02-21 19:28:47,0,normal
12.9,54.5,28,26,14,12,0,2,13,2,16158,13543,0,38,9025.550860611,2026-02-21 19:28:48,0,normal
15.6,54.5,28,26,14,12,0,2,13,2,26960,10399,0,43,9026.631772725,2026-02-21 19:28:49,0,normal
12.7,54.4,28,26,14,12,0,2,13,2,20358,7076,0,34,9027.719862834,2026-02-21 19:28:50,0,normal
15.2,54.3,28,26,14,12,0,2,13,2,825290,12425,0,116,9028.810434692,2026-02-21 19:28:51,0,normal
26.1,54.9,31,26,17,12,0,2,13,2,1305847,17764,0,175,9029.905930595,2026-02-21 19:28:52,0,normal
22.0,54.8,34,26,20,12,0,2,13,2,1138176,40896,0,308,9030.999340461,2026-02-21 19:28:53,0,normal
17.9,54.7,34,26,20,12,0,2,13,2,1293373,38560,0,462,9032.090446432,2026-02-21 19:28:54,0,normal
26.5,54.8,34,26,20,12,0,2,13,2,1068947,26313,0,333,9033.17463639,2026-02-21 19:28:55,0,normal
14.6,55.0,34,27,20,12,0,2,14,3,1210893,18454,0,181,9034.259233983,2026-02-21 19:28:57,0,normal
19.4,54.8,34,27,20,12,0,2,14,3,1202546,18770,0,172,9035.347119087,2026-02-21 19:28:58,0,normal
16.7,54.9,34,27,20,12,0,2,14,3,973477,23876,0,149,9036.429534573,2026-02-21 19:28:59,0,normal
18.3,54.9,34,27,20,12,0,2,14,3,15426,13281,0,35,9037.524150474,2026-02-21 19:29:00,0,normal
41.9,54.5,34,27,10,12,10,2,14,3,992390,7243,0,119,9038.620459773,2026-02-21 19:29:01,0,normal
45.7,54.7,35,27,11,12,10,2,15,3,2119127,29528,0,267,9039.713281355,2026-02-21 19:29:02,0,normal
16.7,54.8,36,26,12,12,10,2,14,2,33658,405359,0,323,9040.802501896,2026-02-21 19:29:03,0,normal
16.1,54.5,36,26,12,12,10,2,14,2,40606,343088,0,279,9041.888926319,2026-02-21 19:29:04,0,normal
18.1,54.3,36,26,12,12,10,2,14,2,23771,4494,0,27,9042.973728987,2026-02-21 19:29:05,0,normal
12.8,54.1,36,26,12,12,10,2,14,2,2277260,14948,0,179,9044.066985515,2026-02-21 19:29:06,0,normal
15.6,54.0,36,26,12,12,10,2,14,2,19766,6149,0,30,9045.152592092,2026-02-21 19:29:07,0,normal
13.7,54.0,36,26,12,12,10,2,14,2,19377,5598,0,26,9046.237040555,2026-02-21 19:29:09,0,normal
12.9,54.0,36,26,12,12,10,2,14,2,27744,16840,0,49,9047.321985049,2026-02-21 19:29:10,0,normal
11.5,54.0,36,26,12,12,10,2,14,2,1736125,12344,0,134,9048.402437009,2026-02-21 19:29:11,0,normal
22.5,54.6,40,26,16,12,10,2,14,2,1396515,11139,0,127,9049.492789986,2026-02-21 19:29:12,0,normal
45.3,55.2,44,31,20,12,10,2,15,3,700815,25686,0,240,9050.602673189,2026-02-21 19:29:13,0,normal
43.1,56.0,45,29,21,12,10,2,15,2,1302715,63212,6,520,9051.711529623,2026-02-21 19:29:14,0,normal
36.9,55.9,45,30,21,12,10,2,15,2,1238758,66447,2,548,9052.809264168,2026-02-21 19:29:15,0,normal
37.7,55.7,45,30,21,12,10,2,15,2,1250303,35544,0,478,9053.904131511,2026-02-21 19:29:16,0,normal
32.2,55.6,45,30,21,12,10,2,15,2,1215396,30663,0,409,9054.994283731,2026-02-21 19:29:17,0,normal
17.6,55.6,45,30,21,12,10,2,15,2,946688,13316,0,181,9056.079669043,2026-02-21 19:29:18,0,normal
21.1,55.5,45,30,21,12,10,2,15,2,1337346,18937,0,192,9057.164667819,2026-02-21 19:29:19,0,normal
23.7,55.8,46,30,21,12,10,2,16,2,1234794,11953,0,178,9058.254175109,2026-02-21 19:29:21,0,normal
34.3,54.5,46,30,11,12,21,2,16,2,1257539,21000,0,195,9059.350464901,2026-02-21 19:29:22,0,normal
18.3,54.3,46,30,11,12,21,2,16,2,1205263,9973,0,143,9060.44345502,2026-02-21 19:29:23,0,normal
16.0,54.5,45,30,10,12,21,2,15,2,871697,293574,5,313,9061.532374035,2026-02-21 19:29:24,0,normal
19.7,54.2,45,30,10,12,21,2,15,2,15665,1292,0,12,9062.616523617,2026-02-21 19:29:25,0,normal
13.2,54.2,45,30,10,12,21,2,15,2,1464730,7371,0,117,9063.699459951,2026-02-21 19:29:26,0,normal
26.2,54.3,45,30,10,12,21,2,15,2,1753652,8309,0,132,9064.790884089,2026-02-21 19:29:27,0,normal
13.4,54.1,45,30,10,12,21,2,15,2,0,0,0,0,9065.874680117,2026-02-21 19:29:28,0,normal
22.4,54.1,45,30,10,12,21,2,15,2,9901,13472,2,31,9066.964236279,2026-02-21 19:29:29,0,normal
14.6,54.1,45,30,10,12,21,2,15,2,32822,8148,0,14,9068.04964788,2026-02-21 19:29:30,0,normal
16.4,54.1,45,30,10,12,21,2,15,2,3510398,18158,0,237,9069.132646621,2026-02-21 19:29:31,0,normal
21.3,54.0,45,30,10,12,21,2,15,2,0,0,0,0,9070.217800298,2026-02-21 19:29:32,0,normal
20.1,53.9,45,30,10,12,21,2,15,2,192,104,0,2,9071.305033098,2026-02-21 19:29:34,0,normal
23.0,53.9,45,30,10,12,21,2,15,2,23242,13565,0,29,9072.393092259,2026-02-21 19:29:35,0,normal
22.3,53.9,45,30,10,12,21,2,15,2,2316313,9476,0,149,9073.481969146,2026-02-21 19:29:36,0,normal
21.2,53.9,45,30,10,12,21,2,15,2,1202812,4861,0,76,9074.568411592,2026-02-21 19:29:37,0,normal
18.4,53.8,45,30,10,12,21,2,15,2,4611,3839,0,7,9075.653023191,2026-02-21 19:29:38,0,normal
23.2,53.9,45,30,10,12,21,2,15,2,467,2901,0,6,9076.737494677,2026-02-21 19:29:39,0,normal
22.0,53.8,45,30,10,12,21,2,15,2,15207,8765,0,18,9077.836373119,2026-02-21 19:29:40,0,normal
30.6,53.9,45,30,10,12,21,2,15,2,3481853,13862,0,220,9078.930434058,2026-02-21 19:29:41,0,normal
22.0,53.6,45,30,10,12,21,2,15,2,243,222,0,2,9080.021771303,2026-02-21 19:29:42,0,normal
16.8,53.4,45,30,10,12,21,2,15,2,1092,3057,0,9,9081.112451445,2026-02-21 19:29:43,0,normal
14.1,53.4,45,27,10,12,21,2,15,2,1706,17310,0,22,9082.199281849,2026-02-21 19:29:44,0,normal
23.5,53.3,45,26,10,12,21,2,15,2,1287234,7743,0,93,9083.284511128,2026-02-21 19:29:46,0,normal
26.0,53.5,45,26,10,12,21,2,15,2,2859809,11285,0,179,9084.370345873,2026-02-21 19:29:47,0,normal
17.8,53.6,43,26,8,12,21,2,14,2,768,360,0,6,9085.46036793,2026-02-21 19:29:48,0,normal
15.6,53.6,43,26,8,12,21,2,14,2,529,5913,0,8,9086.546326137,2026-02-21 19:29:49,0,normal
19.3,53.6,43,26,8,12,21,2,14,2,6135,6530,0,8,9087.64277579,2026-02-21 19:29:50,0,normal
30.2,53.6,43,26,8,12,21,2,14,2,1319856,8567,0,115,9088.733073974,2026-02-21 19:29:51,0,normal
16.8,53.5,43,26,8,12,21,2,14,2,1698485,20499,0,133,9089.818774327,2026-02-21 19:29:52,0,normal
29.0,53.7,43,26,8,12,21,2,14,2,762133,36082,0,61,9090.910458023,2026-02-21 19:29:53,0,normal
28.4,53.3,43,26,8,12,21,2,14,2,3895,64904,0,51,9092.008181036,2026-02-21 19:29:54,0,normal
28.5,53.5,43,26,8,12,21,2,14,2,128461,111583,0,107,9093.097803162,2026-02-21 19:29:55,0,normal
37.8,53.6,43,26,8,12,21,2,14,2,1259206,11671,0,141,9094.184367377,2026-02-21 19:29:56,0,normal
27.7,53.7,43,26,8,12,21,2,14,2,1273120,42221,0,159,9095.274703984,2026-02-21 19:29:58,0,normal
27.3,53.8,43,26,8,12,21,2,14,2,575995,7430,0,67,9096.359502944,2026-02-21 19:29:59,0,normal
15.6,53.8,43,26,8,12,21,2,14,2,1702,7465,0,8,9097.443459975,2026-02-21 19:30:00,0,normal
18.1,53.8,33,26,8,12,11,2,13,2,796255,18888,0,94,9098.53128148,2026-02-21 19:30:01,0,normal
33.1,53.9,33,26,8,12,11,2,13,2,2434825,24691,0,198,9099.624627967,2026-02-21 19:30:02,0,normal
16.3,53.9,33,26,8,12,11,2,13,2,22362,98264,0,77,9100.711109827,2026-02-21 19:30:03,0,normal
20.5,53.8,32,26,7,12,11,2,12,2,1952,11336,0,17,9101.800968988,2026-02-21 19:30:04,0,normal
23.6,53.8,32,26,7,12,11,2,12,2,9245,6856,0,14,9102.889491088,2026-02-21 19:30:05,0,normal
16.7,53.8,32,26,7,12,11,2,12,2,2656991,11700,0,185,9103.981837718,2026-02-21 19:30:06,0,normal
8.0,53.8,32,26,7,12,11,2,12,2,216055,897,0,14,9105.063079261,2026-02-21 19:30:07,0,normal
6.0,53.9,32,26,7,12,11,2,12,2,958,52,0,1,9106.142859029,2026-02-21 19:30:08,0,normal
13.0,53.9,34,26,9,12,11,2,13,2,4229,9237,0,24,9107.22411593,2026-02-21 19:30:09,0,normal
8.5,54.0,35,26,10,12,11,2,13,2,852673,10723,0,83,9108.305413008,2026-02-21 19:30:11,0,normal
9.1,54.1,35,26,10,12,11,2,13,2,1883662,8258,0,131,9109.387313067,2026-02-21 19:30:12,0,normal
23.2,54.0,35,26,10,12,11,2,13,2,231,143,0,2,9110.476583302,2026-02-21 19:30:13,0,normal
23.3,54.0,35,26,10,12,11,2,13,2,355,2782,0,4,9111.571248415,2026-02-21 19:30:14,0,normal
17.1,54.0,35,26,10,12,11,2,13,2,0,7614,0,7,9112.654608484,2026-02-21 19:30:15,0,normal
16.6,54.2,35,26,10,12,11,2,13,2,2693349,19385,0,203,9113.736809127,2026-02-21 19:30:16,0,normal
10.2,54.2,35,26,10,12,11,2,13,2,0,0,0,0,9114.819220456,2026-02-21 19:30:17,0,normal
16.6,54.3,35,26,10,12,11,2,13,2,966,6489,0,9,9115.905613369,2026-02-21 19:30:18,0,normal
17.5,54.5,35,26,10,12,11,2,13,2,772,3039,0,8,9116.9959628,2026-02-21 19:30:19,0,normal
15.2,54.4,35,26,10,12,11,2,13,2,79550,25677,0,29,9118.078312403,2026-02-21 19:30:20,0,normal
10.3,54.4,24,26,10,12,0,2,10,2,2859123,14325,0,227,9119.160383643,2026-02-21 19:30:21,0,normal
9.5,54.5,24,26,10,12,0,2,10,2,244,222,0,2,9120.242514415,2026-02-21 19:30:23,0,normal
7.1,54.5,24,26,10,12,0,2,10,2,0,2712,0,3,9121.328575495,2026-02-21 19:30:24,0,normal
3.2,54.0,24,26,10,12,0,2,10,2,468,189,0,3,9122.414721763,2026-02-21 19:30:25,0,normal
5.5,53.7,24,26,10,12,0,2,10,2,2173146,15985,0,158,9123.497877368,2026-02-21 19:30:26,0,normal
6.5,53.7,24,26,10,12,0,2,10,2,1138635,6931,0,84,9124.579144088,2026-02-21 19:30:27,0,normal
3.0,53.7,24,26,10,12,0,2,10,2,231,143,0,2,9125.659535744,2026-02-21 19:30:28,0,normal
2.2,53.6,24,26,10,12,0,2,10,2,355,2783,0,4,9126.740183501,2026-02-21 19:30:29,0,normal
6.4,53.6,24,26,10,12,0,2,10,2,0,0,0,0,9127.818954265,2026-02-21 19:30:30,0,normal
8.6,53.2,24,26,10,12,0,2,10,2,3580125,30052,0,261,9128.901572652,2026-02-21 19:30:31,0,normal
16.9,53.4,24,26,10,12,0,2,10,2,620084,2655,0,41,9129.984049232,2026-02-21 19:30:32,0,normal
20.7,54.1,24,26,10,12,0,2,10,2,0,0,0,0,9131.073239146,2026-02-21 19:30:33,0,normal
52.2,54.5,24,26,10,12,0,2,10,2,1961,15360,5,22,9132.168682701,2026-02-21 19:30:34,0,normal
39.2,54.0,24,26,10,12,0,2,10,2,183839,92998,0,94,9133.265384527,2026-02-21 19:30:36,0,normal
53.4,54.0,24,26,10,12,0,2,10,2,898611,137863,0,218,9134.365840741,2026-02-21 19:30:37,0,normal
25.4,54.0,24,26,10,12,0,2,10,2,827072,118908,0,195,9135.455243094,2026-02-21 19:30:38,0,normal
26.8,54.0,25,26,11,12,0,2,11,2,828300,150615,0,236,9136.546130595,2026-02-21 19:30:39,0,normal
37.2,54.1,25,26,11,12,0,2,11,2,851866,127392,0,225,9137.638990109,2026-02-21 19:30:40,0,normal
37.8,54.1,25,26,11,12,0,2,11,2,753738,142404,0,214,9138.730524263,2026-02-21 19:30:41,0,normal
22.0,54.0,25,26,11,12,0,2,11,2,844031,146536,0,228,9139.816087148,2026-02-21 19:30:42,0,normal
14.8,53.9,25,26,11,12,0,2,11,2,817028,148386,0,232,9140.89876094,2026-02-21 19:30:43,0,normal
23.6,53.9,25,26,11,12,0,2,11,2,943893,172119,0,262,9141.982522503,2026-02-21 19:30:44,0,normal
36.1,53.9,25,26,11,12,0,2,11,2,629107,218326,0,231,9143.069193628,2026-02-21 19:30:45,0,normal
25.2,53.8,25,26,11,12,0,2,11,2,1888007,70923,0,219,9144.157825825,2026-02-21 19:30:46,0,normal
17.0,53.9,25,26,11,12,0,2,11,2,2000788,10220,2,158,9145.245102277,2026-02-21 19:30:48,0,normal
19.9,53.7,25,26,11,12,0,2,11,2,1457,3151,0,7,9146.329194692,2026-02-21 19:30:49,0,normal
14.9,53.6,25,26,11,12,0,2,11,2,1205,369,0,3,9147.412115206,2026-02-21 19:30:50,0,normal
9.3,53.6,25,26,11,12,0,2,11,2,1600661,7369,0,114,9148.493762881,2026-02-21 19:30:51,0,normal
12.3,53.8,25,26,11,12,0,2,11,2,1838566,15620,0,137,9149.574506919,2026-02-21 19:30:52,0,normal
9.3,53.6,25,26,11,12,0,2,11,2,1103,369,0,3,9150.655627475,2026-02-21 19:30:53,0,normal
10.8,53.6,25,26,11,12,0,2,11,2,1103,369,0,3,9151.736041133,2026-02-21 19:30:54,0,normal
12.6,53.5,25,26,11,12,0,2,11,2,1458,3151,0,7,9152.817542182,2026-02-21 19:30:55,0,normal
14.5,53.5,26,26,12,12,0,2,12,2,3519954,23649,0,236,9153.903627468,2026-02-21 19:30:56,0,normal
13.3,53.5,25,26,11,12,0,2,11,2,7273,11413,0,22,9154.984912572,2026-02-21 19:30:57,0,normal
15.9,53.5,25,26,11,12,0,2,11,2,1804,512,0,5,9156.07069,2026-02-21 19:30:58,0,normal
14.3,53.4,25,26,11,12,0,2,11,2,1458,3151,0,7,9157.155731446,2026-02-21 19:30:59,0,normal
13.1,53.4,25,26,11,12,0,2,11,2,717955,11373,0,63,9158.237792186,2026-02-21 19:31:01,0,normal
20.1,53.7,26,26,11,12,1,2,11,2,2001246,10231,0,154,9159.321090681,2026-02-21 19:31:02,0,normal
18.0,53.7,27,26,10,12,3,2,11,2,114956,10026,0,52,9160.402224982,2026-02-21 19:31:03,0,normal
9.8,53.6,27,26,10,12,3,2,11,2,2100,88736,0,68,9161.484928449,2026-02-21 19:31:04,0,normal
23.6,53.5,27,26,10,12,3,2,11,2,3702,12161,0,14,9162.56868903,2026-02-21 19:31:05,0,normal
18.5,53.5,28,26,11,12,3,2,11,2,1946731,14011,0,140,9163.649397542,2026-02-21 19:31:06,0,normal
11.4,53.4,29,27,11,12,4,2,12,2,88195,20664,7,64,9164.729650918,2026-02-21 19:31:07,0,normal
7.4,53.4,29,27,11,12,4,2,12,2,1489,361,0,5,9165.810125983,2026-02-21 19:31:08,0,normal
6.7,53.4,29,27,11,12,4,2,12,2,1850,52,0,1,9166.891793486,2026-02-21 19:31:09,0,normal
7.8,53.5,29,27,11,12,4,2,12,2,18618,321,0,5,9167.974928232,2026-02-21 19:31:10,0,normal
8.4,53.1,29,27,11,12,4,2,12,2,3274877,16230,0,216,9169.056742941,2026-02-21 19:31:11,0,normal
5.9,53.2,30,27,12,12,4,2,13,2,15017,9591,0,21,9170.138592636,2026-02-21 19:31:12,0,normal
3.2,53.2,30,27,12,12,4,2,13,2,1385,385,0,5,9171.218994431,2026-02-21 19:31:13,0,normal
4.4,53.0,30,27,12,12,4,2,13,2,0,0,0,0,9172.301629459,2026-02-21 19:31:15,0,normal
5.9,52.9,30,27,12,12,4,2,13,2,865546,11723,0,72,9173.38283848,2026-02-21 19:31:16,0,normal
4.4,52.9,30,27,12,12,4,2,13,2,971498,4115,0,65,9174.464385376,2026-02-21 19:31:17,0,normal
4.7,52.8,30,27,12,12,4,2,13,2,5100,6889,0,10,9175.545612111,2026-02-21 19:31:18,0,normal
2.6,53.1,30,27,12,12,4,2,13,2,354,2862,0,4,9176.625795857,2026-02-21 19:31:19,0,normal
2.6,53.1,30,27,12,12,4,2,13,2,4080,473,0,5,9177.707435297,2026-02-21 19:31:20,0,normal
3.2,53.2,29,27,11,12,4,2,12,2,687490,15603,0,108,9178.79705117,2026-02-21 19:31:21,0,normal
4.8,53.1,29,27,11,12,4,2,12,2,825158,10043,0,142,9179.877437036,2026-02-21 19:31:22,0,normal
6.1,53.1,29,27,11,12,4,2,12,2,829462,16859,0,157,9180.959303923,2026-02-21 19:31:23,0,normal
3.1,53.1,29,27,11,12,4,2,12,2,561944,11500,0,113,9182.039225317,2026-02-21 19:31:24,0,normal
9.5,53.1,29,27,11,12,4,2,12,2,72614,1254,0,16,9183.118655418,2026-02-21 19:31:25,0,normal
7.9,53.1,29,27,11,12,4,2,12,2,904076,9747,0,144,9184.200102857,2026-02-21 19:31:26,0,normal
8.4,53.2,29,27,11,12,4,2,12,2,832802,14915,0,136,9185.279068818,2026-02-21 19:31:28,0,normal
10.6,53.1,29,27,11,12,4,2,12,2,834861,12938,0,157,9186.36079503,2026-02-21 19:31:29,0,normal
20.0,53.1,29,27,11,12,4,2,12,2,565905,7840,0,84,9187.44040548,2026-02-21 19:31:30,0,normal
9.1,53.1,29,27,11,12,4,2,12,2,715106,12388,0,82,9188.522083842,2026-02-21 19:31:31,0,normal
5.0,53.1,29,27,11,12,4,2,12,2,2054303,124728,0,261,9189.604159743,2026-02-21 19:31:32,0,normal
5.1,53.1,29,27,11,12,4,2,12,2,995312,19062,0,101,9190.68599482,2026-02-21 19:31:33,0,normal
1.9,53.1,29,27,11,12,4,2,12,2,259,126,0,2,9191.76641485,2026-02-21 19:31:34,0,normal
13.0,53.1,29,27,11,12,4,2,12,2,353,2783,0,4,9192.845334623,2026-02-21 19:31:35,0,normal
11.8,53.1,29,27,11,12,4,2,12,2,2279101,11033,0,175,9193.925315639,2026-02-21 19:31:36,0,normal
17.4,53.1,32,26,14,12,4,2,14,2,1711378,26204,4,166,9195.009019784,2026-02-21 19:31:37,0,normal
9.1,53.1,32,26,14,12,4,2,13,2,46913,10563,0,41,9196.090035293,2026-02-21 19:31:38,0,normal
7.1,53.1,33,26,15,12,4,2,13,2,35917,6847,0,41,9197.169762031,2026-02-21 19:31:39,0,normal
16.3,53.1,33,26,15,12,4,2,13,2,810818,7233,0,102,9198.259490988,2026-02-21 19:31:41,0,normal
7.0,53.1,33,26,15,12,4,2,13,2,3027850,12672,0,201,9199.342578546,2026-02-21 19:31:42,0,normal
7.2,53.1,34,26,15,12,4,2,14,2,678,13075,0,14,9200.422388611,2026-02-21 19:31:43,0,normal
7.7,53.0,33,26,15,12,4,2,13,2,12169,23396,0,33,9201.500543719,2026-02-21 19:31:44,0,normal
7.8,53.1,34,26,16,12,4,2,13,2,1362,7249,0,14,9202.579412547,2026-02-21 19:31:45,0,normal
8.2,53.1,35,26,17,12,4,2,13,2,3128455,22139,0,221,9203.661784151,2026-02-21 19:31:46,0,normal
11.6,53.2,36,26,18,12,4,2,14,2,298976,2804,0,39,9204.748084161,2026-02-21 19:31:47,0,normal
10.3,53.2,35,26,17,12,4,2,13,2,7241,22851,0,28,9205.829206479,2026-02-21 19:31:48,0,normal
6.3,53.1,35,26,17,12,4,2,13,2,7219,10104,0,16,9206.907220914,2026-02-21 19:31:49,0,normal
7.7,53.0,36,26,18,12,4,2,14,2,19006,16919,0,19,9207.991317847,2026-02-21 19:31:50,0,normal
7.0,53.0,35,26,17,12,4,2,13,2,2909681,17540,0,206,9209.077143646,2026-02-21 19:31:51,0,normal
12.0,53.1,35,26,17,12,4,2,13,2,192,0,0,0,9210.157510917,2026-02-21 19:31:52,0,normal
12.4,53.1,35,26,17,12,4,2,13,2,6133,9785,0,16,9211.238322622,2026-02-21 19:31:54,0,normal
8.3,53.1,35,26,17,12,4,2,13,2,658,18838,0,16,9212.31760147,2026-02-21 19:31:55,0,normal
7.1,53.1,35,26,17,12,4,2,13,2,1398119,5993,0,95,9213.397396187,2026-02-21 19:31:56,0,normal
6.7,53.1,35,26,17,12,4,2,13,2,2755302,10599,0,167,9214.479882497,2026-02-21 19:31:57,0,normal
8.6,53.2,35,26,17,12,4,2,13,2,102,52,0,1,9215.566650305,2026-02-21 19:31:58,0,normal
8.1,53.2,35,26,17,12,4,2,13,2,4027,9241,0,11,9216.646091227,2026-02-21 19:31:59,0,normal
4.7,53.2,35,26,17,12,4,2,13,2,1870,96842,0,71,9217.726477876,2026-02-21 19:32:00,0,normal
4.2,53.1,35,26,17,12,4,2,13,2,1881248,17437,0,152,9218.807148196,2026-02-21 19:32:01,0,normal
4.5,53.0,35,26,17,12,4,2,13,2,2491499,10377,0,164,9219.887045485,2026-02-21 19:32:02,0,normal
9.5,53.3,35,26,17,12,4,2,13,2,0,0,0,0,9220.973979394,2026-02-21 19:32:03,0,normal
32.6,53.4,32,26,16,12,2,2,13,2,7237,10012,0,20,9222.072834022,2026-02-21 19:32:04,0,normal
14.6,53.4,32,26,16,12,2,2,13,2,155912,1082,0,17,9223.159134592,2026-02-21 19:32:05,0,normal
16.5,53.3,32,26,16,12,2,2,13,2,856789,8422,0,111,9224.244571139,2026-02-21 19:32:07,0,normal
18.4,53.3,31,26,16,12,1,2,12,2,829136,11950,0,143,9225.332774221,2026-02-21 19:32:08,0,normal
20.3,53.3,31,26,16,12,1,2,12,2,834312,16553,0,144,9226.416182741,2026-02-21 19:32:09,0,normal
17.5,53.3,31,26,16,12,1,2,12,2,829426,9955,0,137,9227.501314598,2026-02-21 19:32:10,0,normal
10.1,53.4,31,26,16,12,1,2,12,2,826522,11086,0,131,9228.586425805,2026-02-21 19:32:11,0,normal
17.2,53.4,31,26,16,12,1,2,12,2,830247,10797,0,147,9229.668570763,2026-02-21 19:32:12,0,normal
13.1,53.5,31,26,16,12,1,2,12,2,828979,9346,0,142,9230.746354044,2026-02-21 19:32:13,0,normal
8.7,53.5,31,26,16,12,1,2,12,2,1036273,19039,0,159,9231.824911057,2026-02-21 19:32:14,0,normal
8.4,53.5,31,26,16,12,1,2,12,2,990311,12407,0,152,9232.904827152,2026-02-21 19:32:15,0,normal
13.3,53.6,31,26,16,12,1,2,12,2,3122378,26798,0,310,9233.983802309,2026-02-21 19:32:16,0,normal
8.1,53.5,31,26,16,12,1,2,12,2,829696,8858,0,87,9235.064987585,2026-02-21 19:32:17,0,normal
6.0,53.5,31,26,16,12,1,2,12,2,562,2836,0,5,9236.144484162,2026-02-21 19:32:18,0,normal
8.7,53.3,31,26,16,12,1,2,12,2,790,6454,0,7,9237.230571091,2026-02-21 19:32:19,0,normal
4.6,53.2,31,26,16,12,1,2,12,2,1154180,10433,0,84,9238.30977526,2026-02-21 19:32:21,0,normal
6.1,53.2,30,26,15,12,1,2,11,2,3030742,12488,0,198,9239.390276442,2026-02-21 19:32:22,0,normal
4.2,53.3,30,26,15,12,1,2,11,2,366,5503,0,6,9240.471866328,2026-02-21 19:32:23,0,normal
7.0,53.3,30,26,15,12,1,2,11,2,170,2711,0,3,9241.550353039,2026-02-21 19:32:24,0,normal
9.0,53.3,31,27,16,12,1,2,12,2,16294,17097,2,32,9242.63003283,2026-02-21 19:32:25,0,normal
8.5,53.3,32,27,17,12,1,2,13,2,625395,23261,0,163,9243.712945449,2026-02-21 19:32:26,0,normal
15.8,53.3,32,27,17,12,1,2,13,2,854606,17667,0,192,9244.799813464,2026-02-21 19:32:27,0,normal
8.1,53.3,32,27,17,12,1,2,12,2,822676,20459,0,203,9245.882407096,2026-02-21 19:32:28,0,normal
8.1,53.2,33,27,17,12,2,2,13,2,827095,20866,0,192,9246.963503207,2026-02-21 19:32:29,0,normal
7.1,53.2,32,27,16,12,2,2,12,2,815356,31440,0,172,9248.044939405,2026-02-21 19:32:30,0,normal
6.1,53.2,32,27,16,12,2,2,12,2,845228,25923,0,158,9249.12805702,2026-02-21 19:32:31,0,normal
5.7,53.2,32,27,16,12,2,2,12,2,1171042,40364,0,235,9250.209038957,2026-02-21 19:32:32,0,normal
6.5,53.2,32,27,16,12,2,2,12,2,2364201,12034,0,197,9251.287038144,2026-02-21 19:32:34,0,normal
2.4,53.2,32,27,16,12,2,2,12,2,285412,7002,0,29,9252.367348047,2026-02-21 19:32:35,0,normal
3.0,53.1,32,27,16,12,2,2,12,2,1248563,12021,0,98,9253.451872283,2026-02-21 19:32:36,0,normal
8.4,53.3,31,27,15,12,2,2,11,2,1231841,8185,0,93,9254.530369262,2026-02-21 19:32:37,0,normal
5.5,53.2,31,27,15,12,2,2,11,2,282,52,0,1,9255.61413856,2026-02-21 19:32:38,0,normal
14.4,53.1,31,27,15,12,2,2,11,2,0,0,0,0,9256.692886692,2026-02-21 19:32:39,0,normal
9.4,53.1,32,27,16,12,2,2,12,2,1922,10525,5,19,9257.773258011,2026-02-21 19:32:40,0,normal
4.8,53.2,31,27,15,12,2,2,11,2,2453580,24792,0,187,9258.857898192,2026-02-21 19:32:41,0,normal
3.6,53.2,32,27,16,12,2,2,12,2,3865,4679,0,15,9259.939485745,2026-02-21 19:32:42,0,normal
4.3,53.1,31,27,15,12,2,2,11,2,7297,5466,0,14,9261.017464512,2026-02-21 19:32:43,0,normal
4.5,53.1,31,27,15,12,2,2,11,2,207,52,0,1,9262.100908791,2026-02-21 19:32:44,0,normal
14.5,53.0,31,27,15,12,2,2,11,2,534212,1826,0,30,9263.182399782,2026-02-21 19:32:45,0,normal
7.6,53.1,31,28,15,12,2,2,11,3,1043013,24492,0,94,9264.263364604,2026-02-21 19:32:47,0,normal
12.6,53.1,32,27,16,12,2,2,11,2,10402,15564,0,30,9265.344091128,2026-02-21 19:32:48,0,normal
7.0,53.1,34,27,17,12,2,2,12,2,1671,11347,0,21,9266.423083459,2026-02-21 19:32:49,0,normal
8.9,53.1,32,27,16,12,2,2,11,2,23841,9228,0,24,9267.503403211,2026-02-21 19:32:50,0,normal
5.7,53.0,32,27,16,12,2,2,11,2,1684992,13220,0,119,9268.581790497,2026-02-21 19:32:51,0,normal
27.0,53.7,32,27,16,12,2,2,11,2,2333920,38553,0,184,9269.662558249,2026-02-21 19:32:52,0,normal
20.4,53.7,32,28,16,12,2,2,11,2,37376,8390,0,15,9270.745486027,2026-02-21 19:32:53,0,normal
16.3,53.5,32,27,16,12,2,2,11,2,511,5522,0,6,9271.83255006,2026-02-21 19:32:54,0,normal
11.1,53.5,32,27,16,12,2,2,11,2,0,0,0,0,9272.914088681,2026-02-21 19:32:55,0,normal
15.4,53.4,32,27,16,12,2,2,11,2,4186859,22725,0,265,9273.996584117,2026-02-21 19:32:56,0,normal
11.8,53.5,32,27,16,12,2,2,11,2,582,3641,0,5,9275.076805524,2026-02-21 19:32:57,0,normal
9.1,53.5,32,27,16,12,2,2,11,2,0,0,0,0,9276.157526399,2026-02-21 19:32:58,0,normal
8.5,53.3,32,27,15,12,3,2,11,2,902,3106,0,9,9277.237466909,2026-02-21 19:33:00,0,normal
15.3,53.2,31,27,14,12,3,2,11,2,361524,1866,0,30,9278.318499159,2026-02-21 19:33:01,0,normal
18.8,53.2,31,27,14,12,3,2,11,2,3130839,22197,0,224,9279.400949571,2026-02-21 19:33:02,0,normal
22.9,53.1,31,27,14,12,3,2,11,2,1983,8009,0,13,9280.482486858,2026-02-21 19:33:03,0,normal
21.5,53.2,31,27,14,12,3,2,11,2,604,2835,0,5,9281.568714341,2026-02-21 19:33:04,0,normal
21.3,53.1,31,27,14,12,2,2,11,2,203,178,0,3,9282.652423666,2026-02-21 19:33:05,0,normal
21.7,53.1,30,27,14,12,2,2,10,2,174635,6512,0,32,9283.732796337,2026-02-21 19:33:06,0,normal
25.5,53.2,30,27,14,12,2,2,10,2,840052,19346,0,147,9284.820245684,2026-02-21 19:33:07,0,normal
22.9,53.1,30,27,14,12,2,2,10,2,826964,10575,0,142,9285.90520723,2026-02-21 19:33:08,0,normal
22.2,53.2,30,27,14,12,2,2,10,2,826313,9856,0,135,9286.988815024,2026-02-21 19:33:09,0,normal
21.2,53.1,30,27,14,12,2,2,10,2,669453,10283,0,114,9288.070450747,2026-02-21 19:33:10,0,normal
15.4,53.3,30,27,14,12,2,2,10,2,911069,8924,0,136,9289.155119222,2026-02-21 19:33:11,0,normal
21.3,53.2,30,27,14,12,2,2,10,2,712334,17052,0,136,9290.233427288,2026-02-21 19:33:12,0,normal
20.0,53.2,30,27,14,12,2,2,10,2,318,2782,0,4,9291.321352588,2026-02-21 19:33:14,0,normal
21.6,53.2,30,27,14,12,2,2,10,2,218,52,0,1,9292.40922052,2026-02-21 19:33:15,0,normal
22.0,53.2,30,27,14,12,2,2,10,2,541512,4129,0,66,9293.491725895,2026-02-21 19:33:16,0,normal
19.5,53.4,30,27,14,12,2,2,10,2,2554483,26795,0,215,9294.579437904,2026-02-21 19:33:17,0,normal
23.1,53.3,30,27,14,12,2,2,10,2,16598,2678,0,17,9295.668373882,2026-02-21 19:33:18,0,normal
23.1,53.3,30,27,14,12,2,2,10,2,64902,4179,0,17,9296.751804203,2026-02-21 19:33:19,0,normal
24.6,53.2,30,27,14,12,2,2,10,2,26664,505,0,4,9297.836806726,2026-02-21 19:33:20,0,normal
28.0,53.2,30,27,14,12,2,2,10,2,2882836,13135,0,209,9298.922042818,2026-02-21 19:33:21,0,normal
26.8,53.3,30,27,14,12,2,2,10,2,1061569,14012,0,89,9300.004656546,2026-02-21 19:33:22,0,normal
17.5,53.3,30,27,14,12,2,2,10,2,725,11099,0,13,9301.08780611,2026-02-21 19:33:23,0,normal
31.2,53.2,30,27,14,12,2,2,10,2,10008,10412,0,24,9302.181534134,2026-02-21 19:33:24,0,normal
31.6,53.2,30,27,14,12,2,2,10,2,840090,12005,0,67,9303.271896519,2026-02-21 19:33:26,0,normal
33.0,53.4,30,27,14,12,2,2,10,2,3666051,21252,0,238,9304.361324219,2026-02-21 19:33:27,0,normal
26.1,53.4,30,27,14,12,2,2,10,2,13761,21795,0,28,9305.444418831,2026-02-21 19:33:28,0,normal
17.0,53.5,31,27,14,12,2,2,11,2,6643,8710,0,18,9306.527521537,2026-02-21 19:33:29,0,normal
17.7,53.5,29,27,14,12,1,2,9,2,1006,16295,0,17,9307.61776539,2026-02-21 19:33:30,0,normal
14.7,53.6,29,27,14,12,1,2,9,2,2062984,8444,0,134,9308.700158274,2026-02-21 19:33:31,0,normal
30.1,53.6,30,28,15,12,1,2,10,2,1837641,21718,0,146,9309.781888203,2026-02-21 19:33:32,0,normal
30.5,53.5,29,27,14,12,1,2,9,2,14894,20367,0,28,9310.870252537,2026-02-21 19:33:33,0,normal
31.1,53.3,29,28,14,12,1,2,9,3,630,4181,0,7,9311.955978879,2026-02-21 19:33:34,0,normal
23.8,53.4,29,27,14,12,1,2,9,2,25578,23476,0,31,9313.038045851,2026-02-21 19:33:35,0,normal
27.7,53.4,29,27,14,12,1,2,9,2,1394252,10698,0,131,9314.130236949,2026-02-21 19:33:36,0,normal
20.0,53.5,29,27,14,12,1,2,9,2,1382167,23872,0,171,9315.213419345,2026-02-21 19:33:37,0,normal
23.1,53.4,29,27,14,12,1,2,9,2,1287219,16669,0,162,9316.299996564,2026-02-21 19:33:39,0,normal
28.5,53.4,29,27,14,12,1,2,9,2,430,8454,0,11,9317.390828641,2026-02-21 19:33:40,0,normal
25.3,53.4,29,27,14,12,1,2,9,2,526568,3483,0,52,9318.47909978,2026-02-21 19:33:41,0,normal
15.2,53.6,30,27,15,12,1,2,10,2,1370177,12201,0,158,9319.566973032,2026-02-21 19:33:42,0,normal
27.2,53.5,29,27,14,12,1,2,9,2,1387402,25838,5,182,9320.653546725,2026-02-21 19:33:43,0,normal
15.5,53.5,30,27,15,12,1,2,10,2,946393,8921,0,100,9321.737471685,2026-02-21 19:33:44,0,normal
17.1,53.5,29,27,14,12,1,2,9,2,8410,27162,0,37,9322.820610118,2026-02-21 19:33:45,0,normal
21.8,53.6,29,27,14,12,1,2,9,2,2569899,11092,0,176,9323.907857075,2026-02-21 19:33:46,0,normal
15.9,53.6,29,27,14,12,1,2,9,2,740505,27575,0,81,9324.991537336,2026-02-21 19:33:47,0,normal
17.7,53.8,30,27,14,12,1,2,10,2,12490,11018,0,25,9326.079905087,2026-02-21 19:33:48,0,normal
16.3,53.7,29,27,14,12,1,2,9,2,654,2839,0,5,9327.167192459,2026-02-21 19:33:49,0,normal
16.8,53.7,29,26,14,12,1,2,9,2,894268,7024,0,69,9328.256073083,2026-02-21 19:33:51,0,normal
20.7,53.7,30,26,15,12,1,2,10,2,2764206,11870,0,173,9329.350371286,2026-02-21 19:33:52,0,normal
25.2,53.9,29,26,14,12,1,2,9,2,6947,19664,0,22,9330.433100101,2026-02-21 19:33:53,0,normal
53.0,54.7,29,26,14,12,1,2,9,2,6042,3378,0,9,9331.525939035,2026-02-21 19:33:54,0,normal
60.5,54.8,29,26,14,12,1,2,9,2,4072,105546,0,80,9332.627669362,2026-02-21 19:33:55,0,normal
49.2,55.1,29,26,14,12,1,2,9,2,3815305,15206,0,241,9333.720426543,2026-02-21 19:33:56,0,normal
28.4,54.4,29,26,14,12,1,2,9,2,524639,278082,0,232,9334.811021825,2026-02-21 19:33:57,0,normal
20.3,54.5,30,26,14,12,1,2,10,2,27088,431285,0,316,9335.898575478,2026-02-21 19:33:58,0,normal
22.0,54.3,30,26,15,12,1,2,10,2,29523,506785,0,376,9336.993536456,2026-02-21 19:33:59,0,normal
17.7,54.2,30,26,15,12,1,2,10,2,44905,840,0,11,9338.077591169,2026-02-21 19:34:00,0,normal
21.7,54.1,30,26,15,12,1,2,10,2,4260675,20177,0,277,9339.162122047,2026-02-21 19:34:01,0,normal
13.1,54.1,29,26,15,12,0,2,10,2,2839,8221,0,13,9340.243945602,2026-02-21 19:34:03,0,normal
14.1,54.0,29,26,15,12,0,2,10,2,4350,6921,0,12,9341.327474178,2026-02-21 19:34:04,0,normal
14.4,53.9,29,26,15,12,0,2,10,2,1103,369,0,3,9342.409314404,2026-02-21 19:34:05,0,normal
11.2,54.0,29,26,15,12,0,2,10,2,633693,5133,0,65,9343.489787304,2026-02-21 19:34:06,0,normal
14.1,53.8,29,26,15,12,0,2,10,2,1145377,14060,0,128,9344.571742536,2026-02-21 19:34:07,0,normal
19.8,53.6,29,26,15,12,0,2,10,2,1103,369,0,3,9345.653832481,2026-02-21 19:34:08,0,normal
21.3,53.3,29,26,15,12,0,2,10,2,8986,10474,0,19,9346.740765739,2026-02-21 19:34:09,0,normal
16.6,53.3,29,26,15,12,0,2,10,2,1314,421,0,4,9347.834069576,2026-02-21 19:34:10,0,normal
15.0,53.3,29,26,15,12,0,2,10,2,1180130,9037,0,123,9348.919409142,2026-02-21 19:34:11,0,normal
20.1,53.3,29,26,15,12,0,2,10,2,399210,3450,0,46,9350.005448321,2026-02-21 19:34:12,0,normal
14.6,53.2,29,26,15,12,0,2,10,2,1103,369,0,3,9351.089366408,2026-02-21 19:34:13,0,normal
19.2,53.2,29,26,15,12,0,2,10,2,5316,9730,0,16,9352.172178008,2026-02-21 19:34:14,0,normal
15.8,53.1,29,26,15,12,0,2,10,2,389733,2940,0,44,9353.254203332,2026-02-21 19:34:16,0,normal
14.5,53.1,29,26,15,12,0,2,10,2,1380776,10600,0,124,9354.336077051,2026-02-21 19:34:17,0,normal
22.3,53.1,29,26,15,12,0,2,10,2,3496,11877,0,17,9355.420791483,2026-02-21 19:34:18,0,normal
21.5,53.3,30,26,15,12,1,2,10,2,12095,8363,0,23,9356.505986908,2026-02-21 19:34:19,0,normal
20.0,53.3,30,26,14,12,2,2,10,2,153997,2800,0,46,9357.594041431,2026-02-21 19:34:20,0,normal
18.3,53.3,30,26,14,12,2,2,10,2,1839157,50541,0,166,9358.680119393,2026-02-21 19:34:21,0,normal
12.9,53.4,30,26,14,12,2,2,10,2,4523,58636,0,49,9359.759693906,2026-02-21 19:34:22,0,normal
10.5,53.3,30,26,14,12,2,2,10,2,0,0,0,0,9360.83919985,2026-02-21 19:34:23,0,normal
14.8,53.3,30,26,14,12,2,2,10,2,12973,8013,0,18,9361.921851079,2026-02-21 19:34:24,0,normal
14.6,53.3,30,26,14,12,2,2,10,2,18286,126,0,2,9363.006903465,2026-02-21 19:34:25,0,normal
19.1,53.2,30,26,14,12,2,2,10,2,1411607,10100,0,139,9364.088426436,2026-02-21 19:34:26,0,normal
15.8,53.2,30,26,14,12,2,2,10,2,1400578,9646,0,145,9365.169645697,2026-02-21 19:34:27,0,normal
19.7,53.1,30,26,14,12,2,2,10,2,1317733,16480,0,147,9366.25183583,2026-02-21 19:34:29,0,normal
22.0,53.1,30,26,14,12,2,2,10,2,11224,3147,0,8,9367.33784332,2026-02-21 19:34:30,0,normal
21.8,53.1,30,26,14,12,2,2,10,2,269255,2203,0,35,9368.426868996,2026-02-21 19:34:31,0,normal
20.8,53.2,30,26,14,12,2,2,10,2,1468177,10487,0,159,9369.514044518,2026-02-21 19:34:32,0,normal
20.4,53.1,30,26,14,12,2,2,10,2,1329040,17746,0,163,9370.599528324,2026-02-21 19:34:33,0,normal
15.1,53.1,30,26,14,12,2,2,10,2,1114058,17298,0,130,9371.680282001,2026-02-21 19:34:34,0,normal
9.8,53.2,30,26,14,12,2,2,10,2,495,104,0,2,9372.7609361,2026-02-21 19:34:35,0,normal
17.1,53.1,30,26,14,12,2,2,10,2,1623424,8526,0,135,9373.842966243,2026-02-21 19:34:36,0,normal
27.2,53.4,30,27,14,12,2,2,10,2,2406570,18096,2,217,9374.928621812,2026-02-21 19:34:37,0,normal
13.6,53.6,30,27,14,12,2,2,10,2,33298,1223,0,12,9376.014987554,2026-02-21 19:34:38,0,normal
16.2,53.8,30,27,14,12,2,2,10,2,26669,3406,0,10,9377.099185367,2026-02-21 19:34:39,0,normal
13.9,53.8,30,27,14,12,2,2,10,2,298082,1703,0,26,9378.182278535,2026-02-21 19:34:40,0,normal
28.6,53.6,30,27,14,12,2,2,10,2,3009754,13212,0,209,9379.272016508,2026-02-21 19:34:42,0,normal
23.4,53.8,30,27,14,12,2,2,10,2,286,80,0,2,9380.355930938,2026-02-21 19:34:43,0,normal
19.4,53.8,30,27,14,12,2,2,10,2,332,2787,0,4,9381.440292137,2026-02-21 19:34:44,0,normal
13.1,53.7,30,27,14,12,2,2,10,2,3628,89428,5,75,9382.527173848,2026-02-21 19:34:45,0,normal
18.4,53.6,31,27,15,12,2,2,10,2,2934273,16097,2,202,9383.609079618,2026-02-21 19:34:46,0,normal
10.3,53.6,31,27,15,12,2,2,10,2,479294,2012,0,32,9384.692079792,2026-02-21 19:34:47,0,normal
6.7,53.5,31,27,15,12,2,2,10,2,1714,7399,0,8,9385.773137861,2026-02-21 19:34:48,0,normal
7.6,53.3,31,27,15,12,2,2,10,2,443,2905,0,6,9386.853336426,2026-02-21 19:34:49,0,normal
8.3,53.2,31,27,15,12,2,2,10,2,18470,241,0,4,9387.933234979,2026-02-21 19:34:50,0,normal
5.4,53.2,31,27,15,12,2,2,10,2,1276748,8191,0,107,9389.013248857,2026-02-21 19:34:51,0,normal
6.3,53.2,31,27,15,12,2,2,10,2,1340839,8731,0,116,9390.092895666,2026-02-21 19:34:52,0,normal
4.6,53.2,31,27,15,12,2,2,10,2,471964,2547,0,40,9391.172578313,2026-02-21 19:34:53,0,normal
4.8,52.6,31,27,15,12,2,2,10,2,514,2838,0,5,9392.252418515,2026-02-21 19:34:55,0,normal
1.9,52.5,31,27,15,12,2,2,10,2,207221,1392,0,22,9393.332131537,2026-02-21 19:34:56,0,normal
2.3,52.5,31,27,15,12,2,2,10,2,1411991,9400,0,143,9394.411832057,2026-02-21 19:34:57,0,normal
4.5,52.5,32,27,15,12,2,2,11,2,1302600,14180,0,159,9395.49127315,2026-02-21 19:34:58,0,normal
2.0,52.3,31,27,15,12,2,2,10,2,8467,11729,0,23,9396.570560374,2026-02-21 19:34:59,0,normal
1.5,52.3,31,26,15,12,2,2,10,2,168,0,0,0,9397.64904991,2026-02-21 19:35:00,0,normal
2.4,52.2,31,26,15,12,2,2,10,2,1880560,9008,0,143,9398.727677545,2026-02-21 19:35:01,0,normal
3.6,52.3,31,26,15,12,2,2,10,2,1862410,7695,0,122,9399.808599477,2026-02-21 19:35:02,0,normal
6.8,52.3,32,27,16,12,2,2,11,3,2009,10389,1,17,9400.886889698,2026-02-21 19:35:03,0,normal
6.9,52.2,32,26,16,12,2,2,11,2,7274,4021,1,13,9401.966874219,2026-02-21 19:35:04,0,normal
9.8,52.1,32,26,16,12,2,2,11,2,23893,252,0,4,9403.046677681,2026-02-21 19:35:05,0,normal
3.3,52.2,32,26,16,12,2,2,11,2,3239557,13038,0,207,9404.12662896,2026-02-21 19:35:06,0,normal
3.2,52.3,32,26,16,12,2,2,11,2,0,0,0,0,9405.205790036,2026-02-21 19:35:07,0,normal
7.7,52.2,32,26,16,12,2,2,11,2,604,2841,0,5,9406.290131036,2026-02-21 19:35:09,0,normal
2.9,52.2,32,25,16,12,2,2,11,2,919,184,0,3,9407.372362316,2026-02-21 19:35:10,0,normal
2.6,52.3,32,25,16,12,2,2,11,2,286203,1891,0,30,9408.45152284,2026-02-21 19:35:11,0,normal
18.5,52.7,32,25,16,12,2,2,11,2,3087213,12872,0,194,9409.534114958,2026-02-21 19:35:12,0,normal
10.0,52.6,32,25,16,12,2,2,11,2,102,52,0,1,9410.622077738,2026-02-21 19:35:13,0,normal
8.6,52.5,32,25,16,12,2,2,11,2,0,0,0,0,9411.703634823,2026-02-21 19:35:14,0,normal
6.8,52.5,32,25,16,12,2,2,11,2,333,2792,0,4,9412.784119174,2026-02-21 19:35:15,0,normal
7.8,52.5,32,25,16,12,2,2,11,2,3349674,14968,0,197,9413.862769641,2026-02-21 19:35:16,0,normal
10.5,52.5,32,25,16,12,2,2,11,2,0,0,0,0,9414.943589331,2026-02-21 19:35:17,0,normal
6.1,52.5,32,25,16,12,2,2,11,2,0,7367,0,6,9416.02647615,2026-02-21 19:35:18,0,normal
5.7,52.5,32,25,16,12,2,2,11,2,1822,195,0,3,9417.107708515,2026-02-21 19:35:19,0,normal
5.8,52.5,30,25,16,12,0,2,11,2,168268,1072,0,17,9418.187339453,2026-02-21 19:35:20,0,normal
5.0,52.6,30,25,16,12,0,2,11,2,3283364,13327,0,210,9419.26661317,2026-02-21 19:35:22,0,normal
11.1,52.2,30,25,16,12,0,2,11,2,231,143,0,2,9420.346605517,2026-02-21 19:35:23,0,normal
3.5,52.2,30,25,16,12,0,2,11,2,0,0,0,0,9421.424916057,2026-02-21 19:35:24,0,normal
2.6,52.2,30,25,16,12,0,2,11,2,331,2788,0,4,9422.503027042,2026-02-21 19:35:25,0,normal
6.2,52.1,30,25,16,12,0,2,11,2,2871130,11506,0,182,9423.58218359,2026-02-21 19:35:26,0,normal
5.6,52.1,30,25,16,12,0,2,11,2,1190075,7709,0,82,9424.659406949,2026-02-21 19:35:27,0,normal
2.9,52.2,30,25,16,12,0,2,11,2,0,0,0,0,9425.739069335,2026-02-21 19:35:28,0,normal
2.4,52.2,30,25,16,12,0,2,11,2,0,0,0,0,9426.817157127,2026-02-21 19:35:29,0,normal
1.3,52.2,30,25,16,12,0,2,11,2,0,0,0,0,9427.897431833,2026-02-21 19:35:30,0,normal
2.1,52.2,30,25,16,12,0,2,11,2,2248791,11969,0,150,9428.976469107,2026-02-21 19:35:31,0,normal
3.4,52.2,30,25,16,12,0,2,11,2,0,0,0,0,9430.055753785,2026-02-21 19:35:32,0,normal
1.3,52.2,30,25,16,12,0,2,11,2,0,0,0,0,9431.13456745,2026-02-21 19:35:33,0,normal
4.7,52.1,30,25,16,12,0,2,11,2,1612,7510,0,8,9432.211987528,2026-02-21 19:35:34,0,normal
2.2,52.1,30,25,16,12,0,2,11,2,1384769,5482,0,87,9433.291334684,2026-02-21 19:35:36,0,normal
5.8,52.2,30,25,16,12,0,2,11,2,2056370,8100,0,128,9434.370546775,2026-02-21 19:35:37,0,normal
6.5,52.2,30,25,16,12,0,2,11,2,806,3349,0,5,9435.451547786,2026-02-21 19:35:38,0,normal
9.9,52.2,30,25,16,12,0,2,11,2,816,3320,0,8,9436.531715653,2026-02-21 19:35:39,0,normal
3.6,52.3,30,25,16,12,0,2,11,2,0,0,0,0,9437.61522444,2026-02-21 19:35:40,0,normal
15.9,52.4,30,25,16,12,0,2,11,2,2895733,11875,0,187,9438.693069537,2026-02-21 19:35:41,0,normal
9.5,52.4,30,25,16,12,0,2,11,2,1039741,3929,0,62,9439.773303237,2026-02-21 19:35:42,0,normal
1.7,52.4,31,25,17,12,0,2,12,2,7623,27237,0,32,9440.854472304,2026-02-21 19:35:43,0,normal
2.7,52.5,30,25,16,12,0,2,11,2,1090,2917,0,6,9441.934099446,2026-02-21 19:35:44,0,normal
5.0,52.4,30,25,16,12,0,2,11,2,18267,189,0,3,9443.011679193,2026-02-21 19:35:45,0,normal
6.6,52.4,30,25,16,12,0,2,11,2,853218,8233,0,114,9444.091347652,2026-02-21 19:35:46,0,normal
3.8,52.4,30,25,16,12,0,2,11,2,828764,13543,5,152,9445.168990238,2026-02-21 19:35:47,0,normal
5.0,52.4,30,25,16,12,0,2,11,2,328405,6453,0,62,9446.249371115,2026-02-21 19:35:49,0,normal
1.5,52.5,30,25,16,12,0,2,11,2,0,0,0,0,9447.328038995,2026-02-21 19:35:50,0,normal
4.9,52.4,30,25,16,12,0,2,11,2,385892,10669,0,60,9448.406427161,2026-02-21 19:35:51,0,normal
4.4,52.4,30,25,16,12,0,2,11,2,809007,8580,0,130,9449.485778846,2026-02-21 19:35:52,0,normal
6.9,52.3,30,25,16,12,0,2,11,2,818570,8615,0,130,9450.56472543,2026-02-21 19:35:53,0,normal
3.4,52.4,30,25,16,12,0,2,11,2,415944,7117,0,69,9451.645547314,2026-02-21 19:35:54,0,normal
4.6,52.3,31,25,17,12,0,2,12,2,122,116,0,2,9452.724151996,2026-02-21 19:35:55,0,normal
6.4,52.3,31,25,17,12,0,2,12,2,963875,13226,4,157,9453.807741435,2026-02-21 19:35:56,0,normal
3.3,57.1,35,26,20,12,3,0,15,2,0,0,0,0,14041.095785271,2026-02-21 20:52:23,0,normal
4.5,57.0,35,26,20,12,3,0,15,2,201,52,0,1,14042.189560245,2026-02-21 20:52:24,0,normal
2.3,57.0,35,26,20,12,3,0,15,2,297457,3783,0,25,14043.271409574,2026-02-21 20:52:26,0,normal
2.5,57.0,35,26,20,12,3,0,15,2,383,244,0,2,14044.35391837,2026-02-21 20:52:27,0,normal
4.4,57.1,36,26,21,12,3,0,16,3,451,132,0,3,14045.437059705,2026-02-21 20:52:28,0,normal
1.8,57.0,36,26,21,12,3,0,16,3,536,312,0,6,14046.519828639,2026-02-21 20:52:29,0,normal
6.0,57.0,36,26,21,12,3,0,16,3,0,153,0,1,14047.600133109,2026-02-21 20:52:30,0,normal
7.5,57.0,36,26,21,12,3,0,16,3,371,91,0,1,14048.680419945,2026-02-21 20:52:31,0,normal
4.7,56.9,36,26,21,12,3,0,16,3,284066,3596,0,22,14049.761749407,2026-02-21 20:52:32,0,normal
8.5,57.0,34,26,21,12,1,0,16,3,78,28,0,1,14050.843330574,2026-02-21 20:52:33,0,normal
4.5,56.9,34,26,21,12,1,0,16,3,610,469,0,4,14051.924051675,2026-02-21 20:52:34,0,normal
3.1,56.9,34,26,21,12,1,0,16,3,0,0,0,0,14053.005052571,2026-02-21 20:52:35,0,normal
5.7,56.9,36,26,22,12,1,0,17,3,6684,3551,2,14,14054.0850848,2026-02-21 20:52:36,0,normal
11.3,57.3,40,28,25,12,3,0,18,3,1364685,38123,4,313,14055.169058156,2026-02-21 20:52:37,0,normal
8.6,57.5,49,29,33,12,4,0,19,3,716235,47673,6,229,14056.251932208,2026-02-21 20:52:39,0,normal
15.3,57.6,49,28,33,12,4,0,19,3,2783572,26072,0,431,14057.335763909,2026-02-21 20:52:40,0,normal
6.2,57.7,49,28,32,12,5,0,19,3,168,80,0,2,14058.419156264,2026-02-21 20:52:41,0,normal
8.7,57.6,48,28,32,12,4,0,19,3,78,28,0,1,14059.502897484,2026-02-21 20:52:42,0,normal
13.7,57.5,48,28,32,12,4,0,19,3,0,0,0,0,14060.592966222,2026-02-21 20:52:43,0,normal
7.3,57.2,47,28,31,12,4,0,18,3,866,260,0,5,14061.677204235,2026-02-21 20:52:44,0,normal
4.6,57.0,47,28,31,12,4,0,18,3,321,2443,0,3,14062.75952015,2026-02-21 20:52:45,0,normal
5.7,57.0,47,28,31,12,4,0,18,3,292604,1526,0,23,14063.84262764,2026-02-21 20:52:46,0,normal
8.4,56.9,47,28,31,12,4,0,18,3,0,0,0,0,14064.926100857,2026-02-21 20:52:47,0,normal
9.8,57.0,47,28,31,12,4,0,18,3,0,0,0,0,14066.007333168,2026-02-21 20:52:48,0,normal
5.5,56.9,47,28,31,12,4,0,18,3,1550,676,0,13,14067.091966303,2026-02-21 20:52:49,0,normal
4.8,56.9,47,28,31,12,4,0,18,3,107421,3114,0,14,14068.177660079,2026-02-21 20:52:50,0,normal
5.9,56.9,47,28,31,12,4,0,18,3,620,2505,0,4,14069.260062255,2026-02-21 20:52:52,0,normal
5.6,56.9,47,28,31,12,4,0,18,3,199,52,0,1,14070.343318505,2026-02-21 20:52:53,0,normal
4.7,56.9,47,28,31,12,4,0,18,3,0,0,0,0,14071.42570905,2026-02-21 20:52:54,0,normal
7.4,56.9,47,28,31,12,4,0,18,3,62703,2870,0,8,14072.50657853,2026-02-21 20:52:55,0,normal
3.6,56.9,47,28,31,12,4,0,18,3,0,0,0,0,14073.588172229,2026-02-21 20:52:56,0,normal
3.4,56.9,47,28,31,12,4,0,18,3,492,2891,0,3,14074.67148164,2026-02-21 20:52:57,0,normal
11.2,56.8,47,28,31,12,4,0,18,3,0,0,0,0,14075.754809905,2026-02-21 20:52:58,0,normal
4.9,56.9,47,28,31,12,4,0,18,3,460,260,0,5,14076.839591818,2026-02-21 20:52:59,0,normal
23.0,57.3,47,28,31,12,4,0,18,3,779,507,0,9,14077.924753434,2026-02-21 20:53:00,0,normal
12.1,57.3,48,28,32,12,4,0,19,3,3653,23011,11,36,14079.011915305,2026-02-21 20:53:01,0,normal
12.1,57.3,47,28,31,12,4,0,18,3,9211,17918,0,30,14080.096203784,2026-02-21 20:53:02,0,normal
9.3,57.2,47,28,31,12,4,0,18,3,0,0,0,0,14081.181830282,2026-02-21 20:53:03,0,normal
14.3,57.3,47,28,31,12,4,0,18,3,494,8126,0,8,14082.265133611,2026-02-21 20:53:05,0,normal
14.0,57.4,47,28,31,12,4,0,18,3,204,104,0,2,14083.356287225,2026-02-21 20:53:06,0,normal
9.0,57.5,48,28,32,12,4,0,19,3,8280,2066,0,19,14084.450724161,2026-02-21 20:53:07,0,normal
5.9,57.5,48,27,32,12,4,0,19,3,370,13399,0,11,14085.535875398,2026-02-21 20:53:08,0,normal
4.8,57.5,48,26,32,12,4,0,19,3,405,139,0,2,14086.620350445,2026-02-21 20:53:09,0,normal
6.1,57.4,48,25,32,12,4,0,19,3,1277,676,0,13,14087.702913914,2026-02-21 20:53:10,0,normal
7.6,57.3,48,25,32,12,4,0,19,3,0,0,0,0,14088.786192246,2026-02-21 20:53:11,0,normal
4.0,57.3,48,25,32,12,4,0,19,3,0,0,0,0,14089.870299102,2026-02-21 20:53:12,0,normal
8.3,57.2,48,25,32,12,4,0,19,3,0,0,0,0,14090.955202203,2026-02-21 20:53:13,0,normal
3.2,57.2,48,25,32,12,4,0,19,3,0,173,0,1,14092.035900141,2026-02-21 20:53:14,0,normal
4.0,57.3,48,25,32,12,4,0,19,3,238,52,0,1,14093.117788543,2026-02-21 20:53:15,0,normal
2.2,57.3,48,25,32,12,4,0,19,3,0,0,0,0,14094.198846128,2026-02-21 20:53:16,0,normal
5.2,57.3,48,25,32,12,4,0,19,3,0,0,0,0,14095.28049999,2026-02-21 20:53:18,0,normal
4.4,57.3,48,25,32,12,4,0,19,3,0,0,0,0,14096.362654842,2026-02-21 20:53:19,0,normal
2.1,57.3,48,25,32,12,4,0,19,3,460,260,0,5,14097.444984362,2026-02-21 20:53:20,0,normal
3.9,57.3,48,25,32,12,4,0,19,3,638,364,0,7,14098.534271031,2026-02-21 20:53:21,0,normal
9.5,57.3,48,25,32,12,4,0,19,3,0,0,0,0,14099.618820218,2026-02-21 20:53:22,0,normal
11.6,57.2,47,25,25,12,4,0,19,3,1725,1223,0,20,14100.702068413,2026-02-21 20:53:23,0,normal
4.5,57.2,42,25,26,12,4,0,20,3,7539,5625,0,15,14101.785433098,2026-02-21 20:53:24,0,normal
7.4,57.3,41,24,25,12,4,0,19,3,939,232,0,4,14102.870473797,2026-02-21 20:53:25,0,normal
3.8,57.2,41,24,25,12,4,0,19,3,1487,11501,0,16,14103.956725029,2026-02-21 20:53:26,0,normal
6.6,57.1,41,24,25,12,4,0,19,3,0,0,0,0,14105.04071671,2026-02-21 20:53:27,0,normal
5.9,57.2,41,24,25,12,4,0,19,3,901,8427,0,11,14106.127390415,2026-02-21 20:53:28,0,normal
7.5,57.2,41,25,25,12,4,0,19,4,0,104,0,2,14107.209826326,2026-02-21 20:53:29,0,normal
8.4,57.2,42,24,26,12,4,0,20,3,6557,11228,0,21,14108.300312276,2026-02-21 20:53:31,0,normal
4.5,57.1,42,24,25,12,4,0,20,3,1657,492,0,7,14109.388950407,2026-02-21 20:53:32,0,normal
5.9,57.2,42,24,25,12,4,0,20,3,5478,11699,0,14,14110.476857467,2026-02-21 20:53:33,0,normal
6.0,57.1,41,24,25,12,4,0,19,3,1369,319,0,5,14111.562256349,2026-02-21 20:53:34,0,normal
5.5,57.1,41,24,25,12,4,0,19,3,0,0,0,0,14112.647946518,2026-02-21 20:53:35,0,normal
1.9,57.2,41,24,25,12,4,0,19,3,1293,13848,0,17,14113.730060914,2026-02-21 20:53:36,0,normal
5.4,57.3,41,24,24,12,5,0,19,3,1474,1786,0,9,14114.810415578,2026-02-21 20:53:37,0,normal
18.4,57.3,40,24,25,12,3,0,19,4,16616586,27807,0,693,14115.893772386,2026-02-21 20:53:38,1,tcp_bandwidth_exhaustion
26.2,57.3,41,24,26,12,3,0,19,5,33310627,66975,0,1354,14116.983886449,2026-02-21 20:53:39,1,tcp_bandwidth_exhaustion
22.2,57.2,40,24,25,12,3,0,19,4,29203068,38971,0,971,14118.071680586,2026-02-21 20:53:40,1,tcp_bandwidth_exhaustion
14.8,57.5,40,24,25,12,3,0,19,4,27025192,35120,0,878,14119.155829001,2026-02-21 20:53:41,1,tcp_bandwidth_exhaustion
25.2,57.5,38,24,25,12,1,0,18,4,29446518,35884,0,893,14120.243298349,2026-02-21 20:53:43,1,tcp_bandwidth_exhaustion
11.5,57.4,38,24,25,12,1,0,18,4,19627424,22044,0,549,14121.331789375,2026-02-21 20:53:44,1,tcp_bandwidth_exhaustion
18.2,57.4,38,24,25,12,1,0,18,4,18467370,23372,0,584,14122.41760584,2026-02-21 20:53:45,1,tcp_bandwidth_exhaustion
14.6,57.3,38,24,25,12,1,0,18,4,29138616,32160,0,804,14123.499723382,2026-02-21 20:53:46,1,tcp_bandwidth_exhaustion
20.4,57.3,38,24,25,12,1,0,18,4,29653662,40360,0,1009,14124.58282888,2026-02-21 20:53:47,1,tcp_bandwidth_exhaustion
14.9,57.4,38,24,25,12,1,0,18,4,27756202,33892,0,847,14125.669124785,2026-02-21 20:53:48,1,tcp_bandwidth_exhaustion
22.0,57.3,38,24,25,12,1,0,18,4,25438108,32520,0,813,14126.76014586,2026-02-21 20:53:49,1,tcp_bandwidth_exhaustion
16.9,57.3,39,24,26,12,1,0,18,5,27758827,32848,0,820,14127.845023463,2026-02-21 20:53:50,1,tcp_bandwidth_exhaustion
17.0,57.4,39,24,26,12,1,0,18,5,25771534,34004,0,848,14128.939398333,2026-02-21 20:53:51,1,tcp_bandwidth_exhaustion
19.5,57.4,38,24,25,12,1,0,18,4,29981612,43040,0,1076,14130.022275732,2026-02-21 20:53:52,1,tcp_bandwidth_exhaustion
21.4,57.3,37,24,23,12,2,0,17,4,28234442,38646,0,960,14131.11299516,2026-02-21 20:53:53,1,tcp_bandwidth_exhaustion
14.8,57.3,31,24,16,12,3,0,16,4,26189578,35039,0,866,14132.198298372,2026-02-21 20:53:54,1,tcp_bandwidth_exhaustion
15.2,57.4,31,24,14,12,5,0,16,4,34705338,60099,0,1493,14133.283450481,2026-02-21 20:53:56,1,tcp_bandwidth_exhaustion
18.8,57.4,31,24,14,12,5,0,16,4,34499236,63424,0,1585,14134.376385308,2026-02-21 20:53:57,1,tcp_bandwidth_exhaustion
17.7,57.4,32,24,15,12,5,0,16,5,35079300,60612,0,1515,14135.466721327,2026-02-21 20:53:58,1,tcp_bandwidth_exhaustion
15.6,57.5,31,24,14,12,5,0,16,4,31579388,58312,0,1454,14136.552666634,2026-02-21 20:53:59,1,tcp_bandwidth_exhaustion
21.7,57.3,31,24,14,12,5,0,16,4,34822306,59560,0,1489,14137.640284842,2026-02-21 20:54:00,1,tcp_bandwidth_exhaustion
16.5,57.4,31,24,14,12,5,0,16,4,32284064,58618,0,1395,14138.721777101,2026-02-21 20:54:01,1,tcp_bandwidth_exhaustion
20.6,57.3,31,24,14,12,5,0,16,4,31220834,56219,0,1404,14139.806436535,2026-02-21 20:54:02,1,tcp_bandwidth_exhaustion
18.8,57.3,32,24,15,12,5,0,16,5,29633480,53172,0,1329,14140.889817649,2026-02-21 20:54:03,1,tcp_bandwidth_exhaustion
19.4,57.2,32,24,15,12,5,0,16,5,32608962,61200,0,1530,14141.980257813,2026-02-21 20:54:04,1,tcp_bandwidth_exhaustion
26.0,57.0,32,24,15,12,5,0,16,5,35734961,60184,0,1504,14143.071948565,2026-02-21 20:54:05,1,tcp_bandwidth_exhaustion
5.4,56.9,31,24,14,12,5,0,16,4,30089447,55327,11,1210,14144.162819498,2026-02-21 20:54:06,1,tcp_bandwidth_exhaustion
9.4,56.8,32,24,15,12,5,0,16,5,27206549,39864,0,996,14145.246453047,2026-02-21 20:54:08,1,tcp_bandwidth_exhaustion
11.2,56.8,31,24,14,12,5,0,16,4,25099732,31440,0,786,14146.327042471,2026-02-21 20:54:09,1,tcp_bandwidth_exhaustion
41.2,58.1,32,24,15,12,5,0,16,5,25934636,32052,0,801,14147.432067962,2026-02-21 20:54:10,1,tcp_bandwidth_exhaustion
54.3,58.0,32,24,15,12,5,0,16,5,30138479,48183,0,1204,14148.540112039,2026-02-21 20:54:11,1,tcp_bandwidth_exhaustion
43.3,58.2,31,24,14,12,5,0,16,4,30148619,99223,0,1083,14149.637727181,2026-02-21 20:54:12,1,tcp_bandwidth_exhaustion
36.4,57.4,31,24,14,12,5,0,16,4,28711679,275732,0,1113,14150.733240157,2026-02-21 20:54:13,1,tcp_bandwidth_exhaustion
17.9,57.3,32,24,15,12,5,0,16,5,29572009,182240,0,1051,14151.824565763,2026-02-21 20:54:14,1,tcp_bandwidth_exhaustion
8.5,57.1,31,24,14,12,5,0,16,4,27369224,431156,0,1190,14152.905789448,2026-02-21 20:54:15,1,tcp_bandwidth_exhaustion
7.9,57.0,31,24,14,12,5,0,16,4,25660988,404089,0,1045,14153.987903405,2026-02-21 20:54:16,1,tcp_bandwidth_exhaustion
10.1,57.1,31,24,14,12,5,0,16,4,26819398,30358,0,755,14155.073310262,2026-02-21 20:54:17,1,tcp_bandwidth_exhaustion
13.7,57.1,32,24,14,12,5,0,17,4,28011223,38048,2,864,14156.158634423,2026-02-21 20:54:18,1,tcp_bandwidth_exhaustion
8.2,57.1,31,24,14,12,5,0,16,4,29014102,37932,0,948,14157.247926273,2026-02-21 20:54:20,1,tcp_bandwidth_exhaustion
9.2,57.1,31,24,14,12,5,0,16,4,27971364,32732,0,818,14158.334161804,2026-02-21 20:54:21,1,tcp_bandwidth_exhaustion
4.0,57.1,31,24,14,12,5,0,16,4,29674384,37800,0,945,14159.415706473,2026-02-21 20:54:22,1,tcp_bandwidth_exhaustion
12.8,57.2,31,24,14,12,5,0,16,4,30698188,40148,0,1004,14160.496785807,2026-02-21 20:54:23,1,tcp_bandwidth_exhaustion
15.0,57.1,33,24,14,12,5,0,17,5,31018734,42194,0,1053,14161.580284152,2026-02-21 20:54:24,1,tcp_bandwidth_exhaustion
4.3,57.0,33,24,14,12,5,0,17,4,29829772,36960,0,923,14162.663617047,2026-02-21 20:54:25,1,tcp_bandwidth_exhaustion
6.9,57.0,33,24,16,12,5,0,17,4,33073152,43303,0,1049,14163.746677819,2026-02-21 20:54:26,1,tcp_bandwidth_exhaustion
10.7,57.0,33,24,16,12,5,0,17,4,30673322,42000,0,1030,14164.829911136,2026-02-21 20:54:27,1,tcp_bandwidth_exhaustion
10.2,57.1,33,24,16,12,5,0,17,4,32535551,40420,0,1009,14165.912707363,2026-02-21 20:54:28,1,tcp_bandwidth_exhaustion
6.8,57.2,33,24,16,12,5,0,17,4,33612334,44040,0,1101,14166.999393411,2026-02-21 20:54:29,1,tcp_bandwidth_exhaustion
24.4,57.2,32,24,15,12,5,0,17,4,31928600,51864,0,1296,14168.085172427,2026-02-21 20:54:30,1,tcp_bandwidth_exhaustion
10.3,57.2,32,24,15,12,5,0,17,4,32585500,50360,0,1259,14169.171809653,2026-02-21 20:54:31,1,tcp_bandwidth_exhaustion
7.8,57.0,32,24,15,12,5,0,17,4,30238576,42243,0,984,14170.255494287,2026-02-21 20:54:33,1,tcp_bandwidth_exhaustion
5.6,57.1,32,24,15,12,5,0,17,4,31610764,43160,0,1079,14171.338308427,2026-02-21 20:54:34,1,tcp_bandwidth_exhaustion
5.8,56.9,32,24,15,12,5,0,17,4,25824200,39041,0,971,14172.422337527,2026-02-21 20:54:35,1,tcp_bandwidth_exhaustion
7.8,56.9,32,24,15,12,5,0,17,4,32277212,45892,0,1147,14173.505471145,2026-02-21 20:54:36,1,tcp_bandwidth_exhaustion
10.7,56.9,32,24,15,12,5,0,17,4,29494813,42215,0,1052,14174.592044551,2026-02-21 20:54:37,1,tcp_bandwidth_exhaustion
6.5,57.0,32,24,15,12,5,0,17,4,32770972,46465,0,1158,14175.674481532,2026-02-21 20:54:38,1,tcp_bandwidth_exhaustion
7.6,56.9,32,24,15,12,5,0,17,4,32246780,53972,0,1349,14176.757998941,2026-02-21 20:54:39,1,tcp_bandwidth_exhaustion
7.9,56.9,31,24,15,12,4,0,16,4,32025708,60652,0,1516,14177.842400622,2026-02-21 20:54:40,1,tcp_bandwidth_exhaustion
7.5,56.9,31,24,15,12,4,0,16,4,22387758,35412,0,885,14178.926381972,2026-02-21 20:54:41,1,tcp_bandwidth_exhaustion
6.6,56.8,31,24,15,12,4,0,16,4,30356696,52304,0,1307,14180.008615012,2026-02-21 20:54:42,1,tcp_bandwidth_exhaustion
8.2,57.0,35,24,18,12,5,0,18,5,27749506,52654,0,1058,14181.090350547,2026-02-21 20:54:43,1,tcp_bandwidth_exhaustion
12.2,57.0,33,24,15,12,6,0,17,4,25508959,43470,0,954,14182.176889539,2026-02-21 20:54:44,1,tcp_bandwidth_exhaustion
10.8,57.0,33,24,15,12,6,0,17,4,32327445,70642,0,1311,14183.259944362,2026-02-21 20:54:46,1,tcp_bandwidth_exhaustion
13.8,57.0,33,24,15,12,6,0,17,4,28320598,54242,0,1226,14184.340755874,2026-02-21 20:54:47,1,tcp_bandwidth_exhaustion
9.6,56.9,34,25,16,12,6,0,17,6,31942258,57484,0,1431,14185.421087454,2026-02-21 20:54:48,1,tcp_bandwidth_exhaustion
10.9,56.9,33,24,15,12,6,0,17,4,30924439,70579,0,1483,14186.504360304,2026-02-21 20:54:49,1,tcp_bandwidth_exhaustion
4.7,56.9,33,24,15,12,6,0,17,4,28392214,43711,0,1091,14187.584693918,2026-02-21 20:54:50,1,tcp_bandwidth_exhaustion
4.4,56.9,33,24,15,12,6,0,17,4,30291744,49200,0,1230,14188.665891113,2026-02-21 20:54:51,1,tcp_bandwidth_exhaustion
5.0,57.0,33,24,15,12,6,0,17,4,31839904,52292,0,1307,14189.748554831,2026-02-21 20:54:52,1,tcp_bandwidth_exhaustion
16.2,56.9,34,24,15,12,6,0,17,5,30122938,45300,0,1063,14190.830412146,2026-02-21 20:54:53,1,tcp_bandwidth_exhaustion
12.8,57.1,32,24,14,12,6,0,16,4,27617432,50939,0,1271,14191.91181651,2026-02-21 20:54:54,1,tcp_bandwidth_exhaustion
7.3,57.0,32,24,14,12,6,0,16,4,29731396,55628,0,1265,14192.996241963,2026-02-21 20:54:55,1,tcp_bandwidth_exhaustion
6.9,57.0,28,24,14,12,2,0,14,4,30137455,69527,0,1440,14194.077876228,2026-02-21 20:54:56,1,tcp_bandwidth_exhaustion
15.4,57.3,29,24,14,12,2,0,15,4,17897205,28411,0,707,14195.16796269,2026-02-21 20:54:57,1,tcp_bandwidth_exhaustion
6.7,57.0,29,24,15,12,2,0,14,5,27908615,60958,0,1180,14196.252963604,2026-02-21 20:54:59,1,tcp_bandwidth_exhaustion
8.9,57.0,29,24,15,12,2,0,14,5,31725294,49424,0,1235,14197.33609022,2026-02-21 20:55:00,1,tcp_bandwidth_exhaustion
6.1,57.0,28,24,14,12,2,0,14,4,32261010,58206,0,1145,14198.419667003,2026-02-21 20:55:01,1,tcp_bandwidth_exhaustion
8.8,57.1,28,25,13,12,3,0,14,4,30654953,80827,2,1212,14199.502586622,2026-02-21 20:55:02,1,tcp_bandwidth_exhaustion
15.7,57.5,30,26,15,12,3,0,16,4,30714485,71336,0,1115,14200.586362939,2026-02-21 20:55:03,1,tcp_bandwidth_exhaustion
15.9,57.5,31,26,16,12,3,0,16,5,30745504,50559,0,1258,14201.671797018,2026-02-21 20:55:04,1,tcp_bandwidth_exhaustion
12.9,57.6,30,26,15,12,3,0,16,4,29925486,48994,0,964,14202.762213607,2026-02-21 20:55:05,1,tcp_bandwidth_exhaustion
7.2,57.6,30,26,15,12,3,0,16,4,32194001,40694,0,930,14203.846120819,2026-02-21 20:55:06,1,tcp_bandwidth_exhaustion
7.0,57.5,29,26,14,12,3,0,16,3,19706082,32275,0,643,14204.928639164,2026-02-21 20:55:07,0,normal
6.5,57.7,29,26,13,12,4,0,16,3,306,180,0,3,14206.011912616,2026-02-21 20:55:08,0,normal
7.7,57.6,29,26,13,12,4,0,16,3,0,0,0,0,14207.094930769,2026-02-21 20:55:09,0,normal
9.6,57.7,29,26,13,12,4,0,16,3,349637,4478,0,27,14208.176234414,2026-02-21 20:55:10,0,normal
13.5,57.5,29,30,13,12,4,0,17,4,0,0,0,0,14209.257397004,2026-02-21 20:55:12,0,normal
9.3,57.3,29,26,13,12,4,0,16,3,8585,14274,4,28,14210.340314518,2026-02-21 20:55:13,0,normal
3.7,57.2,29,26,13,12,4,0,16,3,0,8236,0,7,14211.420642212,2026-02-21 20:55:14,0,normal
2.2,57.2,29,26,13,12,4,0,16,3,431630,4303,0,24,14212.50256458,2026-02-21 20:55:15,0,normal
1.8,57.1,29,26,13,12,4,0,16,3,476,2720,0,6,14213.585178355,2026-02-21 20:55:16,0,normal
10.4,57.1,29,26,13,12,4,0,16,3,0,0,0,0,14214.669034222,2026-02-21 20:55:17,0,normal
15.1,57.2,30,26,13,12,4,0,17,3,1049,548,0,6,14215.75354028,2026-02-21 20:55:18,0,normal
7.1,57.1,29,26,13,12,4,0,16,3,487080,26743,0,63,14216.837836685,2026-02-21 20:55:19,0,normal
6.9,57.2,29,26,13,12,4,0,16,3,102,0,0,0,14217.920944089,2026-02-21 20:55:20,0,normal
6.6,57.2,29,27,13,12,4,0,17,4,1009,13836,0,15,14219.003111145,2026-02-21 20:55:21,0,normal
6.8,57.4,29,27,13,12,4,0,17,4,440,128,0,2,14220.085240131,2026-02-21 20:55:22,0,normal
36.3,58.6,29,27,13,12,4,0,17,4,1164,96772,0,70,14221.176934033,2026-02-21 20:55:23,0,normal
44.0,58.6,29,27,13,12,4,0,17,4,2514,11426,0,12,14222.273865648,2026-02-21 20:55:25,0,normal
40.8,58.5,29,27,13,12,4,0,17,4,431745,9926,0,31,14223.361489339,2026-02-21 20:55:26,0,normal
23.9,57.7,29,27,13,12,4,0,17,4,3785,197676,0,144,14224.454230447,2026-02-21 20:55:27,0,normal
7.9,57.6,28,27,10,12,6,0,16,4,26973,632287,0,475,14225.535609975,2026-02-21 20:55:28,0,normal
2.9,57.6,28,26,10,12,6,0,15,3,486694,281479,0,237,14226.619705665,2026-02-21 20:55:29,0,normal
1.2,57.7,28,26,9,12,7,0,15,3,571,323,0,5,14227.702635473,2026-02-21 20:55:30,0,normal
5.0,57.7,28,26,9,12,7,0,15,3,0,0,0,0,14228.785504778,2026-02-21 20:55:31,0,normal
10.3,57.8,28,26,9,12,7,0,15,3,322,52,0,1,14229.866678931,2026-02-21 20:55:32,0,normal
9.2,57.6,28,26,9,12,7,0,15,3,0,0,0,0,14230.951124375,2026-02-21 20:55:33,0,normal
4.7,57.6,28,26,9,12,7,0,15,3,1222,5789,0,12,14232.033674281,2026-02-21 20:55:34,0,normal
1.4,57.6,28,26,9,12,7,0,15,3,102,0,0,0,14233.116117467,2026-02-21 20:55:35,0,normal
2.2,57.4,28,26,9,12,7,0,15,3,554300,5162,0,38,14234.199338443,2026-02-21 20:55:36,0,normal
3.0,57.4,28,26,9,12,7,0,15,3,199,52,0,1,14235.280202715,2026-02-21 20:55:38,0,normal
7.8,57.3,28,26,9,12,7,0,15,3,0,0,0,0,14236.361291858,2026-02-21 20:55:39,0,normal
3.4,57.3,28,26,9,12,7,0,15,3,173,52,0,1,14237.442772766,2026-02-21 20:55:40,0,normal
8.2,57.2,29,26,9,12,7,0,16,4,1057,424,0,6,14238.525349653,2026-02-21 20:55:41,0,normal
2.9,57.2,28,26,9,12,7,0,15,3,102,0,0,0,14239.606725846,2026-02-21 20:55:42,0,normal
9.5,57.7,28,27,9,12,7,0,15,3,694376,13475,0,59,14240.692151529,2026-02-21 20:55:43,0,normal
16.1,57.6,28,27,9,12,7,0,15,3,1005,3150,0,5,14241.77795301,2026-02-21 20:55:44,0,normal
7.7,57.6,26,27,9,12,5,0,14,3,759,602,0,5,14242.8639566,2026-02-21 20:55:45,0,normal
29.9,58.6,26,27,9,12,5,0,14,3,638,3370,0,6,14243.954182506,2026-02-21 20:55:46,0,normal
31.2,59.4,27,27,10,12,5,0,15,3,15162,9739,0,48,14245.056116182,2026-02-21 20:55:47,0,normal
23.3,59.0,26,27,9,12,5,0,14,3,30260,1518,0,23,14246.159182885,2026-02-21 20:55:48,0,normal
11.6,59.0,26,27,9,12,5,0,14,3,569,1144,0,3,14247.249984272,2026-02-21 20:55:50,0,normal
6.4,59.0,26,27,9,12,5,0,14,3,0,0,0,0,14248.336215419,2026-02-21 20:55:51,0,normal
6.7,59.0,26,27,9,12,5,0,14,3,1018,201,0,2,14249.422146212,2026-02-21 20:55:52,0,normal
4.2,59.0,26,27,9,12,5,0,14,3,0,0,0,0,14250.505180206,2026-02-21 20:55:53,0,normal
2.9,58.7,27,27,9,12,5,0,15,4,936,575,0,5,14251.588923391,2026-02-21 20:55:54,0,normal
11.1,58.7,27,27,9,12,5,0,15,4,1162,303,0,5,14252.673287553,2026-02-21 20:55:55,0,normal
7.4,58.6,26,27,9,12,5,0,14,3,1390,612,0,7,14253.757715476,2026-02-21 20:55:56,0,normal
4.5,58.1,28,27,9,12,5,0,15,4,0,120,0,2,14254.840267776,2026-02-21 20:55:57,0,normal
3.1,58.0,28,27,9,12,5,0,15,4,470,319,0,4,14255.922881993,2026-02-21 20:55:58,0,normal
3.7,58.0,27,27,9,12,5,0,15,3,1207,1012,0,10,14257.012733236,2026-02-21 20:55:59,0,normal
12.4,57.9,26,27,9,12,5,0,14,3,17128,4792,0,21,14258.096061983,2026-02-21 20:56:00,0,normal
15.2,58.2,27,27,9,12,5,0,15,3,80051,14799,0,51,14259.186583334,2026-02-21 20:56:01,0,normal
25.8,58.2,26,28,10,12,4,0,15,3,1289366,35156,0,233,14260.272603154,2026-02-21 20:56:03,0,normal
14.2,58.3,26,28,10,12,4,0,15,3,51981,8252,0,35,14261.367735351,2026-02-21 20:56:04,0,normal
13.7,58.2,26,28,10,12,4,0,15,3,3109,3317,0,16,14262.453120028,2026-02-21 20:56:05,0,normal
18.5,58.3,26,28,10,12,4,0,15,3,280,52,0,1,14263.537669618,2026-02-21 20:56:06,0,normal
6.5,58.3,26,28,10,12,4,0,15,3,1146,1281,0,4,14264.62162872,2026-02-21 20:56:07,0,normal
16.1,58.3,26,28,10,12,4,0,15,3,216,36,0,1,14265.706500114,2026-02-21 20:56:08,0,normal
9.2,58.4,26,28,10,12,4,0,15,3,208,116,0,2,14266.791588595,2026-02-21 20:56:09,0,normal
16.2,58.3,25,28,10,12,3,0,14,3,1228,2094,0,6,14267.874179859,2026-02-21 20:56:10,0,normal
22.3,58.4,25,28,10,12,3,0,14,3,326490,2565,0,41,14268.958571532,2026-02-21 20:56:11,0,normal
19.2,58.4,25,28,10,12,3,0,14,3,731579,4217,0,77,14270.042528369,2026-02-21 20:56:12,0,normal
19.7,58.4,26,26,11,12,3,0,15,3,1923,3465,5,12,14271.132679395,2026-02-21 20:56:13,0,normal
12.2,58.5,26,26,11,12,3,0,15,3,73023,5311,0,26,14272.214846401,2026-02-21 20:56:14,0,normal
13.0,58.6,26,26,11,12,3,0,15,3,390,176,0,2,14273.298620926,2026-02-21 20:56:16,0,normal
5.0,58.6,26,26,11,12,3,0,15,3,130,0,0,0,14274.381946668,2026-02-21 20:56:17,0,normal
13.9,58.6,26,26,11,12,3,0,15,3,707,280,0,5,14275.465557566,2026-02-21 20:56:18,0,normal
14.7,58.5,26,26,11,12,3,0,15,3,2985,1566,0,7,14276.548615806,2026-02-21 20:56:19,0,normal
16.6,58.5,26,26,11,12,3,0,15,3,1254,26406,0,91,14277.635632958,2026-02-21 20:56:20,0,normal
18.9,58.7,26,26,11,12,3,0,15,3,382,7723,0,47,14278.727575848,2026-02-21 20:56:21,0,normal
14.4,58.7,26,26,11,12,3,0,15,3,718,228,0,4,14279.815425023,2026-02-21 20:56:22,0,normal
20.9,58.6,26,26,11,12,3,0,15,3,1107,2171,0,3,14280.906034359,2026-02-21 20:56:23,0,normal
20.1,58.7,26,26,11,12,3,0,15,3,2903,4326,5,16,14281.991358693,2026-02-21 20:56:24,0,normal
12.4,58.8,26,26,11,12,3,0,15,3,280,0,0,0,14283.076354551,2026-02-21 20:56:25,0,normal
8.0,58.7,26,26,11,12,3,0,15,3,457,2619,0,22,14284.15938048,2026-02-21 20:56:26,0,normal
13.5,58.7,26,26,11,12,3,0,15,3,1569,2629,0,13,14285.242221743,2026-02-21 20:56:28,0,normal
8.2,58.7,26,26,11,12,3,0,15,3,1788,104,0,2,14286.329677318,2026-02-21 20:56:29,0,normal
11.1,58.7,26,26,11,12,3,0,15,3,618,292,0,4,14287.413420524,2026-02-21 20:56:30,0,normal
11.1,58.6,23,26,11,12,0,0,12,3,280,0,0,0,14288.496394747,2026-02-21 20:56:31,0,normal
9.4,58.7,23,26,11,12,0,0,12,3,605,104,0,2,14289.579499655,2026-02-21 20:56:32,0,normal
8.8,58.7,23,26,11,12,0,0,12,3,366,36,0,1,14290.664146377,2026-02-21 20:56:33,0,normal
11.9,58.7,23,26,11,12,0,0,12,3,736,104,0,2,14291.754132013,2026-02-21 20:56:34,0,normal
3.6,58.7,23,26,11,12,0,0,12,3,1344,665,0,8,14292.840512841,2026-02-21 20:56:35,0,normal
1.2,58.7,23,26,11,12,0,0,12,3,430,0,0,0,14293.924737844,2026-02-21 20:56:36,0,normal
10.8,58.7,23,26,11,12,0,0,12,3,1493,475,0,6,14295.00686773,2026-02-21 20:56:37,0,normal
14.1,58.6,22,26,10,12,0,0,11,2,746,184,0,4,14296.090631026,2026-02-21 20:56:38,1,bulk_download
3.6,58.7,22,26,10,12,0,0,11,2,1006,1714,0,14,14297.175471833,2026-02-21 20:56:39,1,bulk_download
2.5,58.7,22,26,10,12,0,0,11,2,524,1146,0,13,14298.261498457,2026-02-21 20:56:41,1,bulk_download
2.1,58.5,22,26,10,12,0,0,11,2,1340,666,0,8,14299.345471253,2026-02-21 20:56:42,1,bulk_download
2.9,58.5,22,26,10,12,0,0,11,2,366,36,0,1,14300.429136694,2026-02-21 20:56:43,1,bulk_download
2.1,58.5,22,26,10,12,0,0,11,2,901,284,0,5,14301.512721683,2026-02-21 20:56:44,1,bulk_download
1.8,58.4,22,25,10,12,0,0,11,2,280,0,0,0,14302.595743103,2026-02-21 20:56:45,1,bulk_download
2.1,58.3,22,25,10,12,0,0,11,2,654,140,0,2,14303.678323146,2026-02-21 20:56:46,1,bulk_download
11.4,57.6,22,25,10,12,0,0,11,2,1030,374,0,6,14304.762343281,2026-02-21 20:56:47,1,bulk_download
3.4,57.6,22,25,10,12,0,0,11,2,280,0,0,0,14305.845288981,2026-02-21 20:56:48,1,bulk_download
14.5,57.7,22,25,10,12,0,0,11,2,430,0,0,0,14306.926367504,2026-02-21 20:56:49,1,bulk_download
11.6,57.7,22,25,10,12,0,0,11,2,280,0,0,0,14308.00738237,2026-02-21 20:56:50,1,bulk_download
4.5,57.7,22,25,10,12,0,0,11,2,280,0,0,0,14309.08708941,2026-02-21 20:56:51,1,bulk_download
5.4,57.9,22,25,10,12,0,0,11,2,366,172,0,3,14310.168251811,2026-02-21 20:56:52,1,bulk_download
2.2,57.9,22,25,10,12,0,0,11,2,280,0,0,0,14311.250621608,2026-02-21 20:56:54,1,bulk_download
3.0,57.9,23,25,11,12,0,0,12,2,10891,6117,0,17,14312.330387397,2026-02-21 20:56:55,1,bulk_download
3.1,57.9,23,25,11,12,0,0,12,2,280,0,0,0,14313.414389458,2026-02-21 20:56:56,1,bulk_download
2.0,57.9,23,25,11,12,0,0,12,2,540,264,0,3,14314.496407185,2026-02-21 20:56:57,1,bulk_download
3.3,57.8,23,25,11,12,0,0,12,2,366,36,0,1,14315.580606317,2026-02-21 20:56:58,1,bulk_download
1.6,57.8,23,25,11,12,0,0,12,2,410,52,0,1,14316.664094995,2026-02-21 20:56:59,1,bulk_download
2.8,57.9,23,25,11,12,0,0,12,2,745,223,0,4,14317.74638362,2026-02-21 20:57:00,1,bulk_download
12.2,57.9,23,25,11,12,0,0,12,2,280,0,0,0,14318.830415749,2026-02-21 20:57:01,1,bulk_download
13.9,57.9,23,26,11,12,0,0,12,2,1924,1579,0,10,14319.913257873,2026-02-21 20:57:02,1,bulk_download
16.9,58.1,23,26,11,12,0,0,12,2,280,88,0,1,14320.996695786,2026-02-21 20:57:03,1,bulk_download
12.9,58.2,23,26,11,12,0,0,12,2,482,52,0,1,14322.084828393,2026-02-21 20:57:04,1,bulk_download
7.7,58.3,23,26,11,12,0,0,12,2,280,0,0,0,14323.168342268,2026-02-21 20:57:05,1,bulk_download
5.7,58.1,23,26,11,12,0,0,12,2,280,0,0,0,14324.252043995,2026-02-21 20:57:07,1,bulk_download
19.1,58.2,23,25,11,12,0,0,12,2,1506,1522,0,8,14325.334912809,2026-02-21 20:57:08,1,bulk_download
6.5,58.2,23,25,11,12,0,0,12,2,280,0,0,0,14326.418287403,2026-02-21 20:57:09,1,bulk_download
6.9,58.4,24,25,12,12,0,0,13,2,1389,3435,0,12,14327.500908522,2026-02-21 20:57:10,1,bulk_download
8.5,58.4,23,25,11,12,0,0,12,2,6768,2564,0,21,14328.583097902,2026-02-21 20:57:11,1,bulk_download
4.0,58.4,23,25,11,12,0,0,12,2,280,2849,0,4,14329.665245051,2026-02-21 20:57:12,1,bulk_download
10.7,58.4,23,25,11,12,0,0,12,2,995,192,0,3,14330.749173355,2026-02-21 20:57:13,1,bulk_download
8.4,58.4,23,25,11,12,0,0,12,2,280,0,0,0,14331.83464762,2026-02-21 20:57:14,1,bulk_download
5.8,58.4,23,25,11,12,0,0,12,2,430,0,0,0,14332.917901398,2026-02-21 20:57:15,1,bulk_download
6.7,58.4,23,25,11,12,0,0,12,2,280,88,0,1,14334.000406018,2026-02-21 20:57:16,1,bulk_download
8.9,58.6,23,25,11,12,0,0,12,2,568,88,0,2,14335.082190227,2026-02-21 20:57:17,1,bulk_download
4.6,58.6,25,25,12,12,0,0,14,3,14063,3097,0,16,14336.164306338,2026-02-21 20:57:18,1,bulk_download
1.7,58.7,28,25,12,12,2,0,15,3,0,0,0,0,14339.053888528,2026-02-21 20:57:21,0,normal
3.4,58.7,26,25,12,12,2,0,14,2,1005,561,0,7,14340.146250604,2026-02-21 20:57:22,0,normal
2.9,58.6,26,25,12,12,2,0,14,2,358,2406,0,23,14341.228884579,2026-02-21 20:57:23,0,normal
1.9,58.6,26,25,11,12,3,0,14,2,965,4323,0,24,14342.310700056,2026-02-21 20:57:25,0,normal
6.0,58.6,26,25,11,12,3,0,14,2,280,9700,0,54,14343.393832646,2026-02-21 20:57:26,0,normal
6.6,58.6,26,25,11,12,3,0,14,2,703,127,0,2,14344.477980161,2026-02-21 20:57:27,0,normal
4.6,58.7,26,25,11,12,3,0,14,2,366,36,0,1,14345.559076389,2026-02-21 20:57:28,0,normal
4.1,58.6,26,25,11,12,3,0,14,2,1225,1440,0,6,14346.641328715,2026-02-21 20:57:29,0,normal
2.6,58.6,26,25,11,12,3,0,14,2,410,7096,0,46,14347.724358684,2026-02-21 20:57:30,0,normal
2.0,58.5,26,25,11,12,3,0,14,2,280,4534,0,32,14348.806081286,2026-02-21 20:57:31,0,normal
1.9,58.5,26,25,11,12,3,0,14,2,366,10221,0,56,14349.88808627,2026-02-21 20:57:32,0,normal
3.1,58.5,26,25,11,12,3,0,14,2,430,12006,0,54,14350.969177779,2026-02-21 20:57:33,0,normal
2.2,58.5,26,25,11,12,3,0,14,2,280,9051,0,55,14352.050088036,2026-02-21 20:57:34,0,normal
5.2,58.5,26,25,11,12,3,0,14,2,280,5333,0,28,14353.129599839,2026-02-21 20:57:35,0,normal
4.3,58.4,27,25,12,12,3,0,15,2,21736,16274,0,76,14354.209359218,2026-02-21 20:57:36,0,normal
4.5,58.5,28,25,12,12,4,0,16,2,12166,12849,0,72,14355.293492136,2026-02-21 20:57:38,0,normal
7.1,58.9,28,25,12,12,4,0,16,2,438,4113,0,21,14356.373907506,2026-02-21 20:57:39,0,normal
3.2,58.9,28,25,12,12,4,0,16,2,280,10603,0,56,14357.453799471,2026-02-21 20:57:40,0,normal
5.4,58.8,28,25,12,12,4,0,16,2,280,1530,0,16,14358.53456117,2026-02-21 20:57:41,0,normal
14.5,58.7,28,25,12,12,4,0,16,2,358,8823,0,44,14359.619664228,2026-02-21 20:57:42,0,normal
11.7,58.6,28,25,12,12,4,0,16,2,496,3011,0,26,14360.701851463,2026-02-21 20:57:43,0,normal
28.1,60.3,27,25,11,12,4,0,15,2,2896,11939,5,21,14361.794087744,2026-02-21 20:57:44,0,normal
26.1,60.8,27,25,11,12,4,0,15,2,725,279,0,4,14362.885441507,2026-02-21 20:57:45,0,normal
7.4,60.8,27,25,11,12,4,0,15,2,1308,22144,0,68,14363.966438287,2026-02-21 20:57:46,0,normal
5.7,60.9,27,25,11,12,4,0,15,2,366,7133,0,50,14365.047146506,2026-02-21 20:57:47,0,normal
5.4,61.0,27,25,11,12,4,0,15,2,280,5289,0,26,14366.128833453,2026-02-21 20:57:48,0,normal
2.5,61.0,27,25,11,12,4,0,15,2,565,8964,0,55,14367.210205607,2026-02-21 20:57:49,0,normal
3.3,61.0,27,25,11,12,4,0,15,2,280,4085,0,35,14368.289855059,2026-02-21 20:57:51,0,normal
2.5,60.9,27,25,11,12,4,0,15,2,280,10160,0,53,14369.372153934,2026-02-21 20:57:52,0,normal
6.8,60.3,27,25,10,12,5,0,15,2,1149,7302,0,52,14370.455474398,2026-02-21 20:57:53,0,normal
7.6,60.4,27,25,10,12,5,0,15,2,1170,11456,0,60,14371.537504378,2026-02-21 20:57:54,0,normal
1.2,60.3,27,25,10,12,5,0,15,2,280,0,0,0,14372.618822191,2026-02-21 20:57:55,0,normal
5.7,60.2,27,25,10,12,5,0,15,2,618,600,0,6,14373.699551449,2026-02-21 20:57:56,0,normal
4.0,60.2,27,25,10,12,5,0,15,2,1304,11251,0,59,14374.779259059,2026-02-21 20:57:57,0,normal
3.5,60.3,27,25,10,12,5,0,15,2,280,7737,0,49,14375.860108083,2026-02-21 20:57:58,0,normal
1.4,60.3,27,25,10,12,5,0,15,2,280,0,0,0,14376.94151387,2026-02-21 20:57:59,0,normal
1.8,60.2,27,25,10,12,5,0,15,2,430,88,0,1,14378.024050482,2026-02-21 20:58:00,0,normal
1.3,60.2,27,25,10,12,5,0,15,2,280,0,0,0,14379.106284256,2026-02-21 20:58:01,0,normal
3.4,60.1,27,26,10,12,5,0,15,2,518,194,0,3,14380.187541675,2026-02-21 20:58:02,0,normal
2.0,60.1,27,26,10,12,5,0,15,2,519,6246,0,50,14381.270263133,2026-02-21 20:58:04,0,normal
19.9,59.9,27,26,10,12,5,0,15,2,1986,7468,0,14,14382.351159966,2026-02-21 20:58:05,0,normal
5.6,59.9,27,26,10,12,5,0,15,2,809,7857,0,36,14383.433498296,2026-02-21 20:58:06,0,normal
3.8,59.9,27,26,10,12,5,0,15,2,613,5399,0,36,14384.513150283,2026-02-21 20:58:07,0,normal
5.4,60.0,27,25,10,12,5,0,15,2,1849,35333,0,68,14385.593383771,2026-02-21 20:58:08,0,normal
6.4,60.0,27,25,10,12,5,0,15,2,280,12684,0,54,14386.677914476,2026-02-21 20:58:09,0,normal
14.6,60.0,27,25,10,12,5,0,15,2,410,12574,0,55,14387.759857894,2026-02-21 20:58:10,0,normal
1.6,60.0,27,25,10,12,5,0,15,2,583,13735,0,58,14388.840793128,2026-02-21 20:58:11,0,normal
2.2,59.8,27,25,10,12,5,0,15,2,366,12385,0,53,14389.921663142,2026-02-21 20:58:12,0,normal
3.1,59.7,27,25,10,12,5,0,15,2,430,11372,0,54,14391.004007863,2026-02-21 20:58:13,0,normal
2.2,59.8,27,25,10,12,5,0,15,2,546,10859,0,58,14392.085810967,2026-02-21 20:58:14,0,normal
3.0,59.8,27,25,10,12,5,0,15,2,280,12132,0,54,14393.167717535,2026-02-21 20:58:15,0,normal
2.5,59.8,27,25,10,12,5,0,15,2,280,12791,0,52,14394.250611096,2026-02-21 20:58:17,0,normal
7.8,59.6,27,25,10,12,5,0,15,2,366,13693,0,58,14395.330477484,2026-02-21 20:58:18,0,normal
2.4,59.5,27,25,10,12,5,0,15,2,280,12770,0,54,14396.413362709,2026-02-21 20:58:19,0,normal
2.3,59.5,27,25,10,12,5,0,15,2,438,11904,0,56,14397.503884151,2026-02-21 20:58:20,0,normal
2.6,59.5,26,25,11,12,3,0,15,2,7338,17032,0,71,14398.586268707,2026-02-21 20:58:21,0,normal
2.2,59.4,25,25,10,12,3,0,14,2,1354,12846,0,57,14399.668832719,2026-02-21 20:58:22,0,normal
3.8,59.3,25,25,10,12,3,0,14,2,496,13213,0,54,14400.751141653,2026-02-21 20:58:23,0,normal
2.8,59.4,25,25,10,12,3,0,14,2,280,11602,0,55,14401.83315398,2026-02-21 20:58:24,0,normal
13.7,59.2,24,25,10,12,2,0,13,2,421,4984,0,41,14402.914841707,2026-02-21 20:58:25,0,normal
16.8,59.2,24,25,10,12,2,0,13,2,508,11244,0,54,14403.996107492,2026-02-21 20:58:26,0,normal
18.8,59.4,24,25,10,12,2,0,13,2,580,9398,0,54,14405.078354439,2026-02-21 20:58:27,0,normal
18.7,59.4,24,25,10,12,2,0,13,2,280,2372,0,22,14406.163518442,2026-02-21 20:58:28,0,normal
13.8,59.3,24,25,10,12,2,0,13,2,280,0,0,0,14407.247512379,2026-02-21 20:58:30,0,normal
5.9,59.5,24,25,10,12,2,0,13,2,472,5973,0,26,14408.328735013,2026-02-21 20:58:31,0,normal
2.6,59.5,24,25,10,12,2,0,13,2,280,4072,0,30,14409.409480371,2026-02-21 20:58:32,0,normal
4.6,59.5,24,25,10,12,2,0,13,2,801,7463,0,36,14410.491628583,2026-02-21 20:58:33,0,normal
2.8,59.4,24,25,10,12,2,0,13,2,1303,11032,0,61,14411.574486889,2026-02-21 20:58:34,0,normal
2.7,59.4,24,25,10,12,2,0,13,2,902,583,0,8,14412.659009209,2026-02-21 20:58:35,0,normal
1.9,59.3,24,25,10,12,2,0,13,2,741,52,0,1,14413.743733897,2026-02-21 20:58:36,0,normal
3.1,59.3,24,25,10,12,2,0,13,2,366,12580,0,55,14414.825396066,2026-02-21 20:58:37,0,normal
3.7,59.4,24,25,10,12,2,0,13,2,280,12706,0,54,14415.905267794,2026-02-21 20:58:38,0,normal
2.2,59.4,24,25,8,12,4,0,13,2,1308,13365,0,63,14416.986791625,2026-02-21 20:58:39,0,normal
2.5,59.4,24,25,8,12,4,0,13,2,280,13177,0,55,14418.0676259,2026-02-21 20:58:40,0,normal
2.2,59.4,23,25,8,12,3,0,12,2,280,12867,0,54,14419.14933126,2026-02-21 20:58:41,0,normal
4.1,59.5,23,25,8,12,3,0,12,2,366,13249,0,56,14420.230469725,2026-02-21 20:58:42,0,normal
2.1,59.5,23,25,8,12,3,0,12,2,358,10888,0,55,14421.311250129,2026-02-21 20:58:44,0,normal
3.2,59.5,23,25,8,12,3,0,12,2,519,13552,0,56,14422.391142056,2026-02-21 20:58:45,0,normal
2.6,59.5,23,25,8,12,3,0,12,2,1653,13420,0,57,14423.471263985,2026-02-21 20:58:46,0,normal
3.5,59.5,23,25,8,12,3,0,12,2,1364,8642,0,52,14424.551109103,2026-02-21 20:58:47,0,normal
8.4,59.5,23,25,8,12,3,0,12,2,366,11616,0,49,14425.628644364,2026-02-21 20:58:48,0,normal
2.7,59.5,23,25,8,12,3,0,12,2,280,12953,0,54,14426.708666264,2026-02-21 20:58:49,0,normal
2.5,59.5,23,25,8,12,3,0,12,2,410,13232,0,55,14427.788756433,2026-02-21 20:58:50,0,normal
2.4,59.5,23,25,8,12,3,0,12,2,421,11282,0,56,14428.868981123,2026-02-21 20:58:51,0,normal
2.3,59.5,23,25,8,12,3,0,12,2,366,12936,0,55,14429.949310811,2026-02-21 20:58:52,0,normal
3.9,59.4,23,25,8,12,3,0,12,2,430,12136,0,53,14431.029479386,2026-02-21 20:58:53,0,normal
3.1,59.4,22,25,8,12,2,0,11,2,280,12217,0,56,14432.109823452,2026-02-21 20:58:54,0,normal
2.1,59.4,22,25,8,12,2,0,11,2,280,12167,0,54,14433.19143716,2026-02-21 20:58:55,0,normal
2.3,59.4,22,25,8,12,2,0,11,2,594,12427,0,56,14434.273301559,2026-02-21 20:58:57,0,normal
2.9,59.5,22,25,8,12,2,0,11,2,366,10950,0,55,14435.354846347,2026-02-21 20:58:58,0,normal
2.7,59.5,22,25,8,12,2,0,11,2,280,11174,0,54,14436.438135191,2026-02-21 20:58:59,0,normal
3.1,59.5,22,25,8,12,2,0,11,2,280,3379,0,24,14437.51958909,2026-02-21 20:59:00,0,normal
2.2,59.5,22,25,8,12,2,0,11,2,756,13161,0,57,14438.601322043,2026-02-21 20:59:01,0,normal
1.7,59.5,22,26,8,12,2,0,11,2,644,13017,0,58,14439.683862661,2026-02-21 20:59:02,0,normal
4.3,59.5,22,26,8,12,2,0,11,2,793,9051,0,50,14440.765056672,2026-02-21 20:59:03,0,normal
2.6,59.5,22,26,8,12,2,0,11,2,727,9859,0,42,14441.846656344,2026-02-21 20:59:04,0,normal
1.8,59.5,22,26,8,12,2,0,11,2,280,12105,0,54,14442.930119886,2026-02-21 20:59:05,0,normal
4.7,59.6,22,26,8,12,2,0,11,2,804,9625,0,56,14444.01305244,2026-02-21 20:59:06,0,normal
2.2,59.6,22,25,8,12,2,0,11,2,444,11924,0,57,14445.093848744,2026-02-21 20:59:07,0,normal
4.6,59.4,22,25,8,12,2,0,11,2,280,8530,0,45,14446.186263559,2026-02-21 20:59:08,0,normal
3.5,59.4,22,25,8,12,2,0,11,2,280,7276,0,48,14447.268320949,2026-02-21 20:59:10,0,normal
2.4,59.4,22,25,8,12,2,0,11,2,589,11448,0,55,14448.34859344,2026-02-21 20:59:11,0,normal
3.2,59.4,22,25,8,12,2,0,11,2,280,9864,0,54,14449.428663482,2026-02-21 20:59:12,0,normal
3.4,59.4,22,25,8,12,2,0,11,2,366,13077,0,56,14450.508269622,2026-02-21 20:59:13,0,normal
2.4,59.4,22,25,8,12,2,0,11,2,280,8125,0,48,14451.589202262,2026-02-21 20:59:14,0,normal
2.9,59.3,22,25,8,12,2,0,11,2,438,10126,0,44,14452.670660538,2026-02-21 20:59:15,0,normal
4.1,59.4,22,25,8,12,2,0,11,2,485,10711,0,55,14453.758641149,2026-02-21 20:59:16,0,normal
4.2,59.4,22,25,8,12,2,0,11,2,496,561,0,8,14454.839880113,2026-02-21 20:59:17,0,normal
4.7,59.5,23,25,9,12,2,0,12,3,872,3751,0,32,14455.921399054,2026-02-21 20:59:18,0,normal
3.5,59.5,23,25,9,12,2,0,12,3,664,7757,0,55,14457.001983619,2026-02-21 20:59:19,0,normal
5.1,59.5,23,25,9,12,2,0,12,3,430,10764,0,47,14458.081787823,2026-02-21 20:59:20,0,normal
14.1,59.5,23,25,9,12,2,0,12,3,280,11910,0,53,14459.163516287,2026-02-21 20:59:21,0,normal
13.9,59.7,23,26,9,12,2,0,12,3,9282,18726,2,72,14460.243363068,2026-02-21 20:59:23,0,normal
12.0,59.7,23,30,9,12,2,0,13,4,426,12039,0,56,14461.325912233,2026-02-21 20:59:24,0,normal
9.6,59.6,23,26,9,12,2,0,12,3,2891,16545,5,68,14462.406120954,2026-02-21 20:59:25,0,normal
4.8,59.7,23,26,9,12,2,0,12,3,757,13742,0,59,14463.486095715,2026-02-21 20:59:26,0,normal
18.7,59.9,23,26,9,12,2,0,12,3,3051,15626,0,71,14464.568324759,2026-02-21 20:59:27,0,normal
9.5,59.9,23,26,9,12,2,0,12,3,444,7924,0,53,14465.650580903,2026-02-21 20:59:28,0,normal
11.5,60.0,23,26,9,12,2,0,12,3,438,176,0,2,14466.732077983,2026-02-21 20:59:29,0,normal
9.3,59.2,23,26,9,12,2,0,12,3,552,3394,0,29,14467.81298242,2026-02-21 20:59:30,0,normal
18.4,59.2,23,26,9,12,2,0,12,3,578505,3034,0,53,14468.894183795,2026-02-21 20:59:31,0,normal
15.2,59.2,23,26,9,12,2,0,12,3,366,2735,0,22,14469.978140291,2026-02-21 20:59:32,0,normal
21.0,59.4,23,26,9,12,2,0,12,3,661,756,0,10,14471.06893767,2026-02-21 20:59:33,0,normal
14.3,59.4,23,26,9,12,2,0,12,3,280,0,0,0,14472.152476723,2026-02-21 20:59:34,0,normal
16.0,59.4,23,26,9,12,2,0,12,3,280,2775,0,12,14473.234752895,2026-02-21 20:59:35,0,normal
17.2,59.4,23,26,9,12,2,0,12,3,735728,16207,0,109,14474.315623848,2026-02-21 20:59:37,0,normal
10.9,59.5,23,26,9,12,2,0,12,3,1876417,20081,0,181,14475.39721844,2026-02-21 20:59:38,0,normal
2.7,59.5,21,26,9,12,0,0,10,3,420,3919,0,29,14476.481436138,2026-02-21 20:59:39,0,normal
12.7,59.5,21,26,9,12,0,0,10,3,698,140,0,2,14477.564011142,2026-02-21 20:59:40,0,normal
14.1,59.3,21,26,9,12,0,0,10,3,1456,3894,0,13,14478.647191952,2026-02-21 20:59:41,0,normal
3.2,59.3,21,26,9,12,0,0,10,3,524,12018,0,57,14479.730855307,2026-02-21 20:59:42,0,normal
3.4,59.4,21,26,9,12,0,0,10,3,410,12611,0,55,14480.813935027,2026-02-21 20:59:43,0,normal
1.7,59.4,21,26,9,12,0,0,10,3,1866,13766,0,59,14481.89560486,2026-02-21 20:59:44,0,normal
2.2,59.4,21,26,8,12,1,0,10,3,1042,13290,0,59,14482.97646787,2026-02-21 20:59:45,0,normal
5.0,59.4,21,26,8,12,1,0,10,3,770,10188,0,56,14484.062414954,2026-02-21 20:59:46,0,normal
5.2,59.5,21,26,8,12,1,0,10,3,366,12889,0,57,14485.144069099,2026-02-21 20:59:47,0,normal
2.7,59.4,21,26,8,12,1,0,10,3,545,10271,0,55,14486.225143554,2026-02-21 20:59:48,0,normal
2.9,59.5,21,26,8,12,1,0,10,3,358,11797,0,50,14487.308787074,2026-02-21 20:59:50,0,normal
1.8,59.5,21,26,8,12,1,0,10,3,485,13499,0,56,14488.38962321,2026-02-21 20:59:51,0,normal
2.0,59.5,21,26,8,12,1,0,10,3,280,12529,0,55,14489.470685494,2026-02-21 20:59:52,0,normal
4.3,59.6,21,25,8,12,1,0,10,3,366,11945,0,54,14490.550536073,2026-02-21 20:59:53,0,normal
1.9,59.5,21,25,8,12,1,0,10,3,280,13367,0,55,14491.630735616,2026-02-21 20:59:54,0,normal
1.9,59.4,21,25,8,12,1,0,10,3,280,11464,0,54,14492.712217738,2026-02-21 20:59:55,0,normal
1.7,59.4,21,25,8,12,1,0,10,3,438,12274,0,57,14493.792871574,2026-02-21 20:59:56,0,normal
2.2,59.5,21,25,8,12,1,0,10,3,496,13280,0,55,14494.873180052,2026-02-21 20:59:57,0,normal
17.6,59.5,21,25,8,12,1,0,10,3,1394,14347,0,61,14495.962765496,2026-02-21 20:59:58,0,normal
7.4,59.2,21,25,8,12,1,0,10,3,280,12875,0,54,14497.045774754,2026-02-21 20:59:59,0,normal
3.2,59.2,21,25,8,12,1,0,10,3,430,9283,0,55,14498.127239501,2026-02-21 21:00:00,0,normal
11.3,59.4,21,25,8,12,1,0,10,3,280,12950,0,54,14499.209378426,2026-02-21 21:00:01,0,normal
6.3,59.4,21,26,8,12,1,0,10,3,709,12979,0,58,14500.29248203,2026-02-21 21:00:03,0,normal
5.7,59.2,21,26,8,12,1,0,10,3,1030,15481,0,62,14501.373322087,2026-02-21 21:00:04,0,normal
7.1,59.0,21,26,8,12,1,0,10,3,423,9259,0,51,14502.461322454,2026-02-21 21:00:05,0,normal
10.9,59.0,21,26,8,12,1,0,10,3,493,13223,0,55,14503.542952273,2026-02-21 21:00:06,0,normal
10.6,58.9,21,26,8,12,1,0,10,3,280,13236,0,54,14504.622778406,2026-02-21 21:00:07,0,normal
9.1,58.9,21,27,8,12,1,0,10,4,915,16175,0,63,14505.701573103,2026-02-21 21:00:08,0,normal
3.7,59.0,22,25,9,12,1,0,11,3,6828,18401,0,75,14506.782512595,2026-02-21 21:00:09,0,normal
1.9,59.0,22,25,9,12,1,0,11,3,568,12306,0,56,14507.86376782,2026-02-21 21:00:10,0,normal
2.1,59.0,22,25,9,12,1,0,11,3,587,12031,0,55,14508.94422128,2026-02-21 21:00:11,0,normal
1.8,58.9,22,25,9,12,1,0,11,3,811,11604,0,58,14510.025390784,2026-02-21 21:00:12,0,normal
3.9,59.0,22,25,9,12,1,0,11,3,839,13093,0,56,14511.10578811,2026-02-21 21:00:13,0,normal
1.5,59.0,22,25,9,12,1,0,11,3,677,12054,0,56,14512.191953833,2026-02-21 21:00:14,0,normal
10.2,59.0,22,25,9,12,1,0,11,3,493,10219,0,55,14513.273491748,2026-02-21 21:00:16,0,normal
10.6,59.0,22,25,9,12,1,0,11,3,280,12309,0,54,14514.355211606,2026-02-21 21:00:17,0,normal
10.9,58.8,22,25,9,12,1,0,11,3,577,5522,0,37,14515.439894676,2026-02-21 21:00:18,0,normal
18.4,58.9,22,25,9,12,1,0,11,3,3228,4674,0,15,14516.522190875,2026-02-21 21:00:19,0,normal
4.0,58.9,22,25,9,12,1,0,11,3,694,3607,0,17,14517.603476067,2026-02-21 21:00:20,0,normal
12.9,58.9,22,25,9,12,1,0,11,3,280,12571,0,52,14518.684364594,2026-02-21 21:00:21,0,normal
13.5,58.9,22,25,9,12,1,0,11,3,509,9470,0,54,14519.76914617,2026-02-21 21:00:22,0,normal
23.0,58.9,22,25,9,12,1,0,11,3,1456,14075,0,62,14520.851450895,2026-02-21 21:00:23,0,normal
17.9,59.0,22,25,9,12,1,0,11,3,280,12828,0,55,14521.933292391,2026-02-21 21:00:24,0,normal
17.1,58.9,22,25,9,12,1,0,11,3,280,5110,0,35,14523.016890495,2026-02-21 21:00:25,0,normal
16.1,58.9,22,25,9,12,1,0,11,3,430,2803,0,23,14524.098554207,2026-02-21 21:00:26,0,normal
17.0,59.2,21,25,8,12,1,0,10,3,862,4410,0,35,14525.181284352,2026-02-21 21:00:27,0,normal
16.6,59.2,21,25,8,12,1,0,10,3,280,573,0,6,14526.267051548,2026-02-21 21:00:29,0,normal
13.3,59.2,21,25,8,12,1,0,10,3,458,12482,0,54,14527.349225148,2026-02-21 21:00:30,0,normal
5.4,59.2,21,25,8,12,1,0,10,3,280,12571,0,55,14528.430828966,2026-02-21 21:00:31,0,normal
14.2,59.4,21,25,8,12,1,0,10,3,562,13950,0,60,14529.511147343,2026-02-21 21:00:32,0,normal
9.4,59.4,21,25,8,12,1,0,10,3,1691,15642,0,62,14530.593289874,2026-02-21 21:00:33,0,normal
5.2,59.5,21,25,8,12,1,0,10,3,457,7756,0,47,14531.674612968,2026-02-21 21:00:34,0,normal
11.7,59.5,21,25,8,12,1,0,10,3,280,9666,0,40,14532.754686675,2026-02-21 21:00:35,0,normal
16.5,59.3,21,25,8,12,1,0,10,3,410,13202,0,54,14533.834998439,2026-02-21 21:00:36,0,normal
10.5,59.0,23,25,10,12,1,0,12,4,109716,28895,9,111,14534.918667546,2026-02-21 21:00:37,1,udp_flood
15.3,58.9,23,25,9,12,2,0,12,4,108013,11753,0,74,14536.001538033,2026-02-21 21:00:38,1,udp_flood
11.1,58.8,23,25,9,12,2,0,12,4,103030,13203,0,55,14537.088731316,2026-02-21 21:00:39,1,udp_flood
7.7,58.8,24,25,10,12,2,0,13,5,105357,18922,0,66,14538.170162672,2026-02-21 21:00:40,1,udp_flood
6.3,58.8,23,25,9,12,2,0,12,4,106112,8893,0,57,14539.252467698,2026-02-21 21:00:42,1,udp_flood
10.4,58.8,23,25,9,12,2,0,12,4,98348,9915,0,56,14540.342166314,2026-02-21 21:00:43,1,udp_flood
12.7,58.6,23,25,9,12,2,0,12,4,98472,4975,0,28,14541.426920267,2026-02-21 21:00:44,1,udp_flood
11.6,58.5,23,25,9,12,2,0,12,4,103316,4066,0,31,14542.512882449,2026-02-21 21:00:45,1,udp_flood
17.3,58.8,23,27,9,12,2,0,12,5,106534,15076,0,57,14543.598166638,2026-02-21 21:00:46,1,udp_flood
15.4,58.6,24,25,10,12,2,0,13,4,138109,13118,2,72,14544.687732155,2026-02-21 21:00:47,1,udp_flood
10.9,58.8,24,25,10,12,2,0,13,4,111882,13653,0,60,14545.772507138,2026-02-21 21:00:48,1,udp_flood
19.1,59.2,23,26,10,12,1,0,12,4,107639,39140,2,84,14546.861441249,2026-02-21 21:00:49,1,udp_flood
13.8,59.0,23,26,10,12,1,0,12,4,116407,12149,0,57,14547.94315233,2026-02-21 21:00:50,1,udp_flood
14.9,59.0,23,26,10,12,1,0,12,4,100214,8412,0,54,14549.024915989,2026-02-21 21:00:51,1,udp_flood
9.6,59.1,23,26,10,12,1,0,12,4,98408,12225,0,55,14550.108776285,2026-02-21 21:00:52,1,udp_flood
10.7,59.0,25,26,12,12,1,0,13,4,114016,18141,0,74,14551.194215936,2026-02-21 21:00:53,1,udp_flood
10.1,59.1,25,27,12,12,1,0,13,4,108856,19557,2,67,14552.277750991,2026-02-21 21:00:55,1,udp_flood
7.9,59.0,25,27,12,12,1,0,13,4,103475,12603,0,57,14553.362058767,2026-02-21 21:00:56,1,udp_flood
6.0,58.9,25,27,12,12,1,0,13,4,100344,11318,0,52,14554.443961828,2026-02-21 21:00:57,1,udp_flood
11.8,58.8,25,27,12,12,1,0,13,4,101786,9424,0,41,14555.524081862,2026-02-21 21:00:58,1,udp_flood
10.9,58.6,25,27,12,12,1,0,13,4,99978,11530,0,56,14556.604460231,2026-02-21 21:00:59,1,udp_flood
5.7,58.7,25,27,12,12,1,0,13,4,98810,6612,0,40,14557.685835041,2026-02-21 21:01:00,1,udp_flood
4.3,58.6,25,27,12,12,1,0,13,4,106334,7641,0,36,14558.769817627,2026-02-21 21:01:01,1,udp_flood
3.6,58.5,25,28,12,12,1,0,13,4,102682,13125,0,58,14559.853699173,2026-02-21 21:01:02,1,udp_flood
7.3,58.5,25,28,12,12,1,0,13,4,108983,2633,0,24,14560.937460132,2026-02-21 21:01:03,1,udp_flood
7.5,58.5,25,28,12,12,1,0,13,4,104076,3308,0,20,14562.020750047,2026-02-21 21:01:04,1,udp_flood
9.1,58.5,25,28,12,12,1,0,13,4,97969,5662,0,36,14563.104095766,2026-02-21 21:01:05,1,udp_flood
5.6,58.4,25,28,12,12,1,0,13,4,107660,4421,0,20,14564.188683859,2026-02-21 21:01:06,1,udp_flood
9.5,58.4,25,27,12,12,1,0,13,4,110910,2802,0,26,14565.271123067,2026-02-21 21:01:08,1,udp_flood
14.9,58.4,25,27,12,12,1,0,13,4,100622,28,0,1,14566.354033028,2026-02-21 21:01:09,1,udp_flood
15.2,58.5,25,27,12,12,1,0,13,4,103518,52,0,1,14567.441186908,2026-02-21 21:01:10,1,udp_flood
18.6,58.8,25,27,12,12,1,0,13,4,106663,10463,0,47,14568.529417879,2026-02-21 21:01:11,1,udp_flood
11.8,58.3,25,27,12,12,1,0,13,4,98196,12889,0,55,14569.612407119,2026-02-21 21:01:12,1,udp_flood
11.4,58.4,25,27,12,12,1,0,13,4,97692,11405,0,54,14570.697406013,2026-02-21 21:01:13,1,udp_flood
17.2,58.5,25,27,12,12,1,0,13,4,103558,15626,0,62,14571.783961338,2026-02-21 21:01:14,1,udp_flood
16.6,58.6,26,27,13,12,1,0,14,4,176020,19053,5,92,14572.87473917,2026-02-21 21:01:15,1,udp_flood
9.8,58.6,26,27,13,12,1,0,14,4,100520,7185,0,43,14573.95977894,2026-02-21 21:01:16,1,udp_flood
11.6,58.7,26,27,13,12,1,0,14,4,104904,88,0,2,14575.044773946,2026-02-21 21:01:17,1,udp_flood
10.4,58.7,26,27,13,12,1,0,14,4,108995,1063,0,10,14576.129686427,2026-02-21 21:01:18,1,udp_flood
19.7,58.3,26,27,13,12,1,0,14,4,100648,7139,0,45,14577.213979686,2026-02-21 21:01:19,1,udp_flood
8.4,58.4,26,26,13,12,1,0,14,4,102652,24368,0,65,14578.297316048,2026-02-21 21:01:21,1,udp_flood
9.5,58.4,26,26,13,12,1,0,14,4,103123,11713,0,54,14579.379809228,2026-02-21 21:01:22,1,udp_flood
14.2,58.3,26,26,13,12,1,0,14,4,103530,12840,0,56,14580.472271252,2026-02-21 21:01:23,1,udp_flood
7.7,58.4,26,26,13,12,1,0,14,4,106432,5455,0,36,14581.558193328,2026-02-21 21:01:24,1,udp_flood
10.2,58.3,26,26,13,12,1,0,14,4,98202,6209,0,35,14582.642646547,2026-02-21 21:01:25,1,udp_flood
15.5,58.2,26,26,13,12,1,0,14,4,110062,1192,0,14,14583.725571337,2026-02-21 21:01:26,1,udp_flood
19.2,58.1,26,25,13,12,1,0,14,4,100541,6707,0,32,14584.811336078,2026-02-21 21:01:27,1,udp_flood
16.6,58.0,26,25,13,12,1,0,14,4,101258,8199,0,48,14585.898465411,2026-02-21 21:01:28,1,udp_flood
13.8,58.2,26,25,13,12,1,0,14,4,108591,7831,0,33,14586.983290167,2026-02-21 21:01:29,1,udp_flood
11.3,58.2,26,25,13,12,1,0,14,4,86522,3535,0,36,14588.06597673,2026-02-21 21:01:30,0,normal
3.7,58.3,26,25,13,12,1,0,14,4,572,11899,0,54,14589.152268602,2026-02-21 21:01:31,0,normal
13.8,58.5,26,25,13,12,1,0,14,4,699,9118,0,58,14590.235029964,2026-02-21 21:01:33,0,normal
11.7,58.5,26,25,13,12,1,0,14,4,280,3975,0,32,14591.318361227,2026-02-21 21:01:34,0,normal
7.2,58.5,26,25,13,12,1,0,14,4,1017,1300,0,4,14592.398374682,2026-02-21 21:01:35,0,normal
3.1,58.5,26,25,13,12,1,0,14,4,499,168,0,3,14593.480874343,2026-02-21 21:01:36,0,normal
8.1,58.5,26,25,13,12,1,0,14,4,761,4377,0,29,14594.562030493,2026-02-21 21:01:37,0,normal
6.4,58.5,26,25,13,12,1,0,14,4,366,5287,0,41,14595.644316263,2026-02-21 21:01:38,0,normal
3.8,58.5,26,25,13,12,1,0,14,4,3002,8050,5,18,14596.727766109,2026-02-21 21:01:39,0,normal
5.5,58.4,26,25,13,12,1,0,14,4,653,80,0,2,14597.811641593,2026-02-21 21:01:40,0,normal
3.5,58.4,26,25,13,12,1,0,14,4,1228,3174,0,17,14598.893708041,2026-02-21 21:01:41,0,normal
4.1,58.5,25,25,13,12,0,0,13,3,366,1621,0,17,14599.977172694,2026-02-21 21:01:42,0,normal
10.3,58.4,25,25,13,12,0,0,13,3,468,13232,0,45,14601.059220828,2026-02-21 21:01:43,0,normal
12.1,58.4,25,25,13,12,0,0,13,3,1102,5374,0,38,14602.140900821,2026-02-21 21:01:44,0,normal
6.3,58.2,25,25,13,12,0,0,13,3,880,407,0,5,14603.223762944,2026-02-21 21:01:45,0,normal
4.6,58.2,25,25,13,12,0,0,13,3,8496,25751,0,36,14604.306030139,2026-02-21 21:01:47,0,normal
7.8,58.2,25,25,13,12,0,0,13,3,468,36,0,1,14605.397480455,2026-02-21 21:01:48,0,normal
6.4,58.1,25,25,13,12,0,0,13,3,280,88,0,1,14606.480844038,2026-02-21 21:01:49,0,normal
6.7,58.2,26,25,13,12,0,0,14,3,1255,29529,0,26,14607.56550635,2026-02-21 21:01:50,0,normal
9.3,58.2,25,25,13,12,0,0,13,3,7805,5572,0,15,14608.648731773,2026-02-21 21:01:51,0,normal
11.7,58.4,25,25,13,12,0,0,13,3,597,267,0,4,14609.752226178,2026-02-21 21:01:52,0,normal
54.5,59.3,25,25,13,12,0,0,13,3,4909,113108,0,86,14610.862282033,2026-02-21 21:01:53,0,normal
51.2,59.7,25,25,13,12,0,0,13,3,2201,12624,0,58,14611.967643083,2026-02-21 21:01:54,0,normal
46.5,59.8,25,25,13,12,0,0,13,3,752,41783,0,42,14613.068182511,2026-02-21 21:01:55,0,normal
18.9,59.3,25,25,13,12,0,0,13,3,40302,792506,0,596,14614.160556331,2026-02-21 21:01:56,0,normal
8.4,59.2,25,25,13,12,0,0,13,3,1504,74998,0,78,14615.244408291,2026-02-21 21:01:58,0,normal
3.2,59.2,25,25,13,12,0,0,13,3,11763,218495,0,209,14616.327206022,2026-02-21 21:01:59,0,normal
1.6,59.2,25,25,13,12,0,0,13,3,1486,12352,0,63,14617.409656854,2026-02-21 21:02:00,0,normal
2.5,59.1,25,25,13,12,0,0,13,3,280,750,0,10,14618.494377987,2026-02-21 21:02:01,0,normal
6.2,59.0,25,26,13,12,0,0,13,3,432,2996,0,15,14619.576498194,2026-02-21 21:02:02,0,normal
4.3,59.0,25,26,13,12,0,0,13,3,468,6134,0,39,14620.659945094,2026-02-21 21:02:03,0,normal
1.4,58.9,25,26,13,12,0,0,13,3,280,0,0,0,14621.742565591,2026-02-21 21:02:04,0,normal
8.4,58.8,25,26,13,12,0,0,13,3,422,140,0,2,14622.823720667,2026-02-21 21:02:05,0,normal
13.3,58.6,25,26,13,12,0,0,13,3,834,5909,0,27,14623.905785161,2026-02-21 21:02:06,0,normal
13.4,58.5,25,25,13,12,0,0,13,3,444,13206,0,56,14624.991728597,2026-02-21 21:02:07,0,normal
6.8,58.6,25,25,13,12,0,0,13,3,473,12252,0,55,14626.074390355,2026-02-21 21:02:08,0,normal
2.2,58.6,25,25,13,12,0,0,13,3,280,1536,0,16,14627.1571154,2026-02-21 21:02:09,0,normal
3.4,58.5,25,25,13,12,0,0,13,3,1083,7619,0,48,14628.239942407,2026-02-21 21:02:11,0,normal
13.8,58.6,25,25,13,12,0,0,13,3,1234,3366,0,33,14629.322227095,2026-02-21 21:02:12,0,normal
5.8,58.5,25,25,13,12,0,0,13,3,366,36,0,1,14630.405638619,2026-02-21 21:02:13,0,normal
3.1,58.5,25,25,13,12,0,0,13,3,645,228,0,3,14631.495262045,2026-02-21 21:02:14,0,normal
12.6,58.5,25,25,13,12,0,0,13,3,280,88,0,1,14632.575582736,2026-02-21 21:02:15,0,normal
7.2,58.5,25,25,13,12,0,0,13,3,517,314,0,3,14633.65829173,2026-02-21 21:02:16,0,normal
11.4,58.4,25,25,13,12,0,0,13,3,1245,14805,0,65,14634.740391531,2026-02-21 21:02:17,0,normal
21.6,58.3,25,25,13,12,0,0,13,3,745,802,0,11,14635.824399303,2026-02-21 21:02:18,0,normal
25.1,58.1,25,25,13,12,0,0,13,3,184338,1481,0,22,14636.920566774,2026-02-21 21:02:19,0,normal
19.2,58.1,25,25,13,12,0,0,13,3,280,0,0,0,14638.007227508,2026-02-21 21:02:20,0,normal
17.6,58.1,25,25,13,12,0,0,13,3,280,0,0,0,14639.093921494,2026-02-21 21:02:21,0,normal
24.6,58.1,25,25,13,12,0,0,13,3,516,36,0,1,14640.174822304,2026-02-21 21:02:22,0,normal
12.1,57.8,25,25,13,12,0,0,13,3,280,2248,0,15,14641.257384953,2026-02-21 21:02:24,0,normal
2.6,57.9,25,25,13,12,0,0,13,3,280,4858,0,38,14642.3390342,2026-02-21 21:02:25,0,normal
3.7,57.9,25,25,13,12,0,0,13,3,422,1981,0,20,14643.421344968,2026-02-21 21:02:26,0,normal
8.8,58.1,25,25,13,12,0,0,13,3,6761,2592,0,22,14644.500681491,2026-02-21 21:02:27,0,normal
17.9,58.1,25,25,13,12,0,0,13,3,694,216,0,4,14645.582664923,2026-02-21 21:02:28,0,normal
8.8,58.1,25,25,13,12,0,0,13,3,1017,6534,0,34,14646.66546561,2026-02-21 21:02:29,0,normal
1.6,58.1,25,25,13,12,0,0,13,3,422,52,0,1,14647.749156428,2026-02-21 21:02:30,0,normal
8.2,58.1,25,29,13,12,0,0,14,4,280,1306,0,6,14648.83294542,2026-02-21 21:02:31,0,normal
9.9,58.1,25,25,13,12,0,0,13,3,3551,11172,4,71,14649.915416278,2026-02-21 21:02:32,0,normal
11.0,58.2,25,25,13,12,0,0,13,3,678,5330,0,7,14651.002602418,2026-02-21 21:02:33,0,normal
14.6,58.2,25,25,13,12,0,0,13,3,1821,347,0,6,14652.095484131,2026-02-21 21:02:34,0,normal
3.3,58.2,25,25,13,12,0,0,13,3,830,2870,0,4,14653.17974018,2026-02-21 21:02:35,0,normal
4.2,58.2,25,25,13,12,0,0,13,3,280,0,0,0,14654.262940368,2026-02-21 21:02:37,0,normal
4.6,58.2,25,25,13,12,0,0,13,3,366,36,0,1,14655.345867682,2026-02-21 21:02:38,0,normal
5.6,58.1,25,25,13,12,0,0,13,3,465,2318,0,11,14656.426997072,2026-02-21 21:02:39,0,normal
6.1,58.1,25,25,13,12,0,0,13,3,280,11965,0,55,14657.510731493,2026-02-21 21:02:40,0,normal
10.4,58.2,25,25,13,12,0,0,13,3,438,11958,0,56,14658.592570705,2026-02-21 21:02:41,0,normal
7.0,58.0,25,29,13,12,0,0,14,4,280,10182,0,55,14659.675543986,2026-02-21 21:02:42,0,normal
10.4,58.0,25,25,13,12,0,0,13,3,2402,16920,5,66,14660.75572275,2026-02-21 21:02:43,0,normal
7.4,58.0,25,25,13,12,0,0,13,3,421,10559,0,58,14661.837279571,2026-02-21 21:02:44,0,normal
10.4,58.0,24,25,12,12,0,0,12,3,714,7765,0,36,14662.917207626,2026-02-21 21:02:45,0,normal
9.1,57.9,24,25,12,12,0,0,12,3,814,11931,0,57,14663.999674465,2026-02-21 21:02:46,0,normal
5.7,57.9,25,25,11,12,0,1,13,3,8129,36638,0,89,14665.08641564,2026-02-21 21:02:47,0,normal
10.8,57.9,24,25,11,12,0,1,12,3,472,11779,0,54,14666.177140994,2026-02-21 21:02:48,0,normal
12.5,57.9,24,25,11,12,0,1,12,3,1738,7614,0,40,14667.26365426,2026-02-21 21:02:50,0,normal
11.2,57.9,24,25,11,12,0,1,12,3,626,3134,0,29,14668.345047094,2026-02-21 21:02:51,0,normal
6.1,57.9,24,25,11,12,0,1,12,3,661,318,0,3,14669.428369199,2026-02-21 21:02:52,0,normal
6.1,57.9,24,25,11,12,0,1,12,3,366,3278,0,22,14670.51003166,2026-02-21 21:02:53,0,normal
7.6,57.9,24,25,11,12,0,1,12,3,491,1283,0,15,14671.591366285,2026-02-21 21:02:54,0,normal
10.6,57.9,24,25,11,12,0,1,12,3,438,4199,0,33,14672.67503418,2026-02-21 21:02:55,0,normal
9.4,57.9,24,25,11,12,0,1,12,3,280,0,0,0,14673.757456356,2026-02-21 21:02:56,0,normal
5.9,58.0,24,25,11,12,0,1,12,3,976,7206,0,38,14674.842551539,2026-02-21 21:02:57,0,normal
4.0,58.0,24,25,11,12,0,1,12,3,991,1511,0,4,14675.925943696,2026-02-21 21:02:58,0,normal
6.8,57.9,24,25,10,12,1,1,12,3,1002,425,0,6,14677.011249666,2026-02-21 21:02:59,0,normal
5.2,57.9,24,25,10,12,1,1,12,3,280,0,0,0,14678.1016123,2026-02-21 21:03:00,0,normal
10.4,58.0,24,25,10,12,1,1,12,3,987,4197,0,29,14679.18489426,2026-02-21 21:03:01,0,normal
15.9,58.1,24,26,10,12,1,1,12,3,872,246,0,4,14680.266224326,2026-02-21 21:03:03,0,normal
9.6,58.0,25,26,11,12,1,1,13,3,6398,27429,0,28,14681.346933847,2026-02-21 21:03:04,0,normal
5.6,57.9,24,26,10,12,1,1,12,3,1694,208,0,4,14682.428949311,2026-02-21 21:03:05,0,normal
2.6,58.0,25,26,11,12,1,1,13,3,5452,16389,0,19,14683.510879074,2026-02-21 21:03:06,0,normal
6.6,58.0,24,26,10,12,1,1,12,3,1934,8300,0,9,14684.590729343,2026-02-21 21:03:07,0,normal
6.1,57.8,24,25,10,12,1,1,12,3,366,3265,0,29,14685.67367978,2026-02-21 21:03:08,0,normal
3.8,57.8,24,25,10,12,1,1,12,3,1050,13778,0,13,14686.756198267,2026-02-21 21:03:09,0,normal
5.5,57.8,24,25,10,12,1,1,12,3,1302,372,0,9,14687.838389208,2026-02-21 21:03:10,1,port_scan_simulation
4.8,57.8,24,25,10,12,1,1,12,3,1337,507,0,10,14688.922679591,2026-02-21 21:03:11,1,port_scan_simulation
7.7,57.8,25,25,11,12,1,1,13,3,6586,13649,0,35,14690.007396433,2026-02-21 21:03:12,1,port_scan_simulation
7.1,57.8,24,25,10,12,1,1,12,3,2944,1799,0,27,14691.089994159,2026-02-21 21:03:13,1,port_scan_simulation
4.9,57.8,24,25,10,12,1,1,12,3,1174,6160,0,50,14692.170709661,2026-02-21 21:03:14,1,port_scan_simulation
3.9,57.9,24,25,10,12,1,1,12,3,2304,13111,0,60,14693.254156632,2026-02-21 21:03:16,1,port_scan_simulation
5.2,57.9,24,25,10,12,1,1,12,3,1949,8759,0,53,14694.336591661,2026-02-21 21:03:17,1,port_scan_simulation
12.9,57.9,24,25,10,12,1,1,12,3,1284,10328,0,64,14695.419968669,2026-02-21 21:03:18,1,port_scan_simulation
4.0,57.9,24,25,10,12,1,1,12,3,7796,28938,0,85,14696.502489311,2026-02-21 21:03:19,1,port_scan_simulation
3.8,57.8,24,25,10,12,1,1,12,3,1598,2039,0,26,14697.583602048,2026-02-21 21:03:20,1,port_scan_simulation
6.3,57.8,25,25,11,12,1,1,13,3,8544,6175,0,25,14698.663544239,2026-02-21 21:03:21,1,port_scan_simulation
9.4,57.9,24,25,10,12,1,1,12,3,3164,11903,0,26,14699.752305196,2026-02-21 21:03:22,1,port_scan_simulation
11.8,57.9,24,25,10,12,1,1,12,3,1273,6313,0,54,14700.835768226,2026-02-21 21:03:23,1,port_scan_simulation
19.8,58.7,24,25,10,12,1,1,12,3,1564,14372,0,21,14701.926251926,2026-02-21 21:03:24,1,port_scan_simulation
60.7,59.6,24,25,10,12,1,1,12,3,6131,105148,0,102,14703.02387524,2026-02-21 21:03:25,1,port_scan_simulation
48.1,59.6,24,25,10,12,1,1,12,3,1131,1868,0,24,14704.11289964,2026-02-21 21:03:26,1,port_scan_simulation
40.9,59.7,24,25,10,12,1,1,12,3,2127,58069,0,53,14705.201877734,2026-02-21 21:03:27,1,port_scan_simulation
20.2,59.6,24,25,10,12,1,1,12,3,37648,781039,0,566,14706.287367139,2026-02-21 21:03:29,1,port_scan_simulation
18.4,59.5,25,25,11,12,1,1,13,3,6811,9057,0,52,14707.372555578,2026-02-21 21:03:30,1,port_scan_simulation
15.7,59.6,25,25,11,12,1,1,13,3,2336,13843,0,66,14708.466441335,2026-02-21 21:03:31,1,port_scan_simulation
25.7,59.5,25,25,11,12,1,1,13,3,2878,14791,0,69,14709.559853343,2026-02-21 21:03:32,1,port_scan_simulation
11.9,59.4,25,25,11,12,1,1,13,3,3113,7262,0,56,14710.64789059,2026-02-21 21:03:33,1,port_scan_simulation
2.7,59.4,25,25,11,12,1,1,13,3,5573,222922,0,216,14711.731488743,2026-02-21 21:03:34,1,port_scan_simulation
3.8,59.3,25,25,11,12,1,1,13,3,7436,142429,0,160,14712.814708788,2026-02-21 21:03:35,1,port_scan_simulation
5.9,59.3,25,25,11,12,1,1,13,3,5117,42728,0,96,14713.896610168,2026-02-21 21:03:36,1,port_scan_simulation
14.1,59.3,25,25,10,12,2,1,13,3,2925,8567,0,71,14714.980486534,2026-02-21 21:03:37,1,port_scan_simulation
22.6,59.1,25,25,10,12,2,1,13,3,2234,6914,0,60,14716.063636095,2026-02-21 21:03:38,1,port_scan_simulation
12.0,59.2,24,25,9,12,2,1,12,3,3011,14524,0,71,14717.147502012,2026-02-21 21:03:39,1,port_scan_simulation
1.9,59.2,24,25,9,12,2,1,12,3,2349,13951,0,64,14718.229145564,2026-02-21 21:03:40,1,port_scan_simulation
1.9,59.1,24,25,9,12,2,1,12,3,2248,13762,0,64,14719.311446384,2026-02-21 21:03:42,1,port_scan_simulation
4.6,59.2,24,25,8,12,2,1,12,3,3564,9154,0,67,14720.393590148,2026-02-21 21:03:43,1,port_scan_simulation
2.3,59.2,24,25,8,12,3,1,12,3,2505,14298,0,67,14721.475033567,2026-02-21 21:03:44,1,port_scan_simulation
1.4,59.2,24,25,8,12,3,1,12,3,2199,13864,0,64,14722.556398739,2026-02-21 21:03:45,1,port_scan_simulation
1.9,59.1,24,25,8,12,3,1,12,3,2350,13296,0,65,14723.63869518,2026-02-21 21:03:46,1,port_scan_simulation
1.6,59.0,24,25,8,12,3,1,12,3,2320,13824,0,65,14724.719312368,2026-02-21 21:03:47,1,port_scan_simulation
3.2,59.0,24,25,8,12,3,1,12,3,2301,13230,0,68,14725.801456671,2026-02-21 21:03:48,1,port_scan_simulation
3.3,58.9,25,25,7,12,3,1,12,3,4200,6858,0,48,14726.884458465,2026-02-21 21:03:49,1,port_scan_simulation
8.3,58.9,25,25,8,12,4,1,12,3,95801,16060,0,96,14727.969874472,2026-02-21 21:03:50,1,port_scan_simulation
11.1,58.8,26,25,7,12,6,1,12,3,73852,16382,0,98,14729.056624655,2026-02-21 21:03:51,1,port_scan_simulation
4.7,58.9,26,25,7,12,6,1,12,3,1182,10492,0,63,14730.141185636,2026-02-21 21:03:52,1,port_scan_simulation
7.5,58.9,26,25,7,12,6,1,12,3,1096,13744,0,62,14731.229905485,2026-02-21 21:03:53,1,port_scan_simulation
2.7,58.8,26,25,7,12,6,1,12,3,1246,13110,0,62,14732.313185353,2026-02-21 21:03:55,1,port_scan_simulation
8.2,58.6,26,25,7,12,6,1,12,3,1096,8559,0,54,14733.393963343,2026-02-21 21:03:56,1,port_scan_simulation
9.2,58.6,26,25,7,12,6,1,12,3,1096,12662,0,62,14734.475154328,2026-02-21 21:03:57,1,port_scan_simulation
9.0,58.5,26,25,7,12,6,1,12,3,1298,6189,0,45,14735.55729166,2026-02-21 21:03:58,1,port_scan_simulation
2.6,58.5,26,25,7,12,6,1,12,3,1174,11071,0,63,14736.640404253,2026-02-21 21:03:59,1,port_scan_simulation
8.8,58.7,26,25,7,12,6,1,12,3,1198,10258,0,53,14737.730446865,2026-02-21 21:04:00,1,port_scan_simulation
11.1,58.6,25,25,7,12,5,1,11,3,1746,12221,0,64,14738.81975573,2026-02-21 21:04:01,1,port_scan_simulation
16.5,58.5,26,26,7,12,5,1,12,3,8244,22485,0,86,14739.901932014,2026-02-21 21:04:02,1,port_scan_simulation
8.1,58.5,25,26,7,12,5,1,11,3,1198,13408,0,61,14740.986987394,2026-02-21 21:04:03,1,port_scan_simulation
6.6,58.5,25,26,7,12,5,1,11,3,1521,13155,0,65,14742.077392116,2026-02-21 21:04:04,1,port_scan_simulation
11.5,58.4,25,26,7,12,5,1,11,3,1198,12513,0,64,14743.160623541,2026-02-21 21:04:05,1,port_scan_simulation
5.2,58.4,25,26,7,12,5,1,11,3,1233,9413,0,55,14744.241995336,2026-02-21 21:04:07,1,port_scan_simulation
8.4,58.5,25,25,7,12,5,1,11,3,1410,13693,0,64,14745.323765798,2026-02-21 21:04:08,1,port_scan_simulation
11.6,58.6,25,25,7,12,5,1,11,3,1204,13515,0,62,14746.408084024,2026-02-21 21:04:09,1,port_scan_simulation
8.0,58.2,25,25,7,12,5,1,11,3,1198,9483,0,62,14747.494120946,2026-02-21 21:04:10,1,port_scan_simulation
21.8,58.4,25,25,7,12,5,1,11,3,3607,5765,0,28,14748.578442978,2026-02-21 21:04:11,1,port_scan_simulation
14.7,58.5,25,25,7,12,5,1,11,3,1096,12376,0,63,14749.663673467,2026-02-21 21:04:12,1,port_scan_simulation
15.6,58.4,25,25,7,12,5,1,11,3,1366,12422,0,64,14750.748875472,2026-02-21 21:04:13,1,port_scan_simulation
4.6,58.4,25,25,7,12,5,1,11,3,1198,12113,0,63,14751.831472967,2026-02-21 21:04:14,1,port_scan_simulation
1.9,58.3,25,29,7,12,5,1,12,4,1537,12807,0,65,14752.914234319,2026-02-21 21:04:15,1,port_scan_simulation
2.5,58.4,25,25,7,12,5,1,11,3,7480,141470,4,167,14753.995855623,2026-02-21 21:04:16,1,port_scan_simulation
2.0,58.4,25,25,7,12,5,1,11,3,1607,13796,0,66,14755.079670614,2026-02-21 21:04:17,1,port_scan_simulation
10.1,58.4,25,25,7,12,5,1,11,3,1340,13768,0,64,14756.16580527,2026-02-21 21:04:18,1,port_scan_simulation
14.0,58.2,25,25,7,12,5,1,11,3,1072,14112,0,64,14757.247500191,2026-02-21 21:04:20,1,port_scan_simulation
13.9,58.2,25,25,7,12,5,1,11,3,1570,11230,0,64,14758.331523052,2026-02-21 21:04:21,1,port_scan_simulation
3.1,58.2,25,25,7,12,5,1,11,3,1406,10586,0,52,14759.41428144,2026-02-21 21:04:22,1,port_scan_simulation
4.3,58.2,25,25,7,12,5,1,11,3,1080,6232,0,45,14760.49563014,2026-02-21 21:04:23,1,port_scan_simulation
2.6,58.3,25,25,7,12,5,1,11,3,2162,13218,0,67,14761.578902732,2026-02-21 21:04:24,1,port_scan_simulation
11.6,58.2,25,25,7,12,5,1,11,3,1311,10303,0,64,14762.660358573,2026-02-21 21:04:25,1,port_scan_simulation
3.2,58.2,25,25,7,12,5,1,11,3,1038,6618,0,53,14763.742953423,2026-02-21 21:04:26,0,normal
1.9,58.2,25,25,7,12,5,1,11,3,366,124,0,2,14764.825675522,2026-02-21 21:04:27,0,normal
6.7,58.1,25,25,7,12,5,1,11,3,598,7076,0,46,14765.9091374,2026-02-21 21:04:28,0,normal
3.1,58.1,25,25,7,12,5,1,11,3,280,11899,0,55,14766.989633551,2026-02-21 21:04:29,0,normal
2.1,58.1,25,25,7,12,5,1,11,3,547,11938,0,54,14768.071526423,2026-02-21 21:04:30,0,normal
3.4,58.2,25,25,6,12,5,1,11,3,2417,14052,0,68,14769.154455511,2026-02-21 21:04:31,0,normal
14.5,58.3,24,25,6,12,5,1,10,3,684,13395,0,57,14770.236814989,2026-02-21 21:04:33,0,normal
18.0,58.2,24,25,6,12,5,1,10,3,738,13514,0,57,14771.321357024,2026-02-21 21:04:34,0,normal
15.5,58.2,24,25,6,12,5,1,10,3,280,12793,0,54,14772.405800164,2026-02-21 21:04:35,0,normal
14.7,58.4,24,25,6,12,5,1,10,3,2267,6420,0,54,14773.487006878,2026-02-21 21:04:36,0,normal
14.7,58.3,24,25,6,12,5,1,10,3,358,2943,0,27,14774.570429933,2026-02-21 21:04:37,0,normal
16.3,58.4,23,25,6,12,4,1,9,3,366,2101,0,17,14775.655535307,2026-02-21 21:04:38,0,normal
13.8,58.4,23,25,6,12,4,1,9,3,280,525,0,7,14776.737693397,2026-02-21 21:04:39,0,normal
6.0,58.4,23,25,6,12,4,1,9,3,691,104,0,2,14777.819670959,2026-02-21 21:04:40,0,normal
1.7,58.3,23,25,6,12,4,1,9,3,280,88,0,1,14778.901458153,2026-02-21 21:04:41,0,normal
12.8,58.2,23,25,6,12,4,1,9,3,509,88,0,2,14779.981503638,2026-02-21 21:04:42,0,normal
17.4,58.3,23,25,6,12,4,1,9,3,2051,7625,0,46,14781.063927286,2026-02-21 21:04:43,0,normal
14.7,58.4,23,25,6,12,4,1,9,3,846,1307,0,15,14782.145027431,2026-02-21 21:04:44,0,normal
5.0,58.6,23,25,6,12,4,1,9,3,485,2939,0,26,14783.227376239,2026-02-21 21:04:45,0,normal
2.0,58.4,22,25,6,12,3,1,9,3,622,52,0,1,14784.309157652,2026-02-21 21:04:47,0,normal
4.7,58.5,22,25,6,12,3,1,9,3,715,140,0,3,14785.391518032,2026-02-21 21:04:48,0,normal
22.8,58.5,22,25,6,12,3,1,9,3,1488,4450,0,24,14786.474119856,2026-02-21 21:04:49,0,normal
18.1,58.5,22,25,6,12,3,1,9,3,280,11139,0,54,14787.55684982,2026-02-21 21:04:50,0,normal
16.8,58.5,21,25,6,12,2,1,9,3,481,13458,0,55,14788.643574363,2026-02-21 21:04:51,0,normal
4.7,58.5,21,25,6,12,2,1,9,3,366,13127,0,55,14789.724512934,2026-02-21 21:04:52,0,normal
14.6,58.4,21,25,6,12,2,1,9,3,14948,15863,0,65,14790.808119454,2026-02-21 21:04:53,0,normal
14.3,58.5,19,25,6,12,0,1,8,3,487,13084,0,56,14791.890055727,2026-02-21 21:04:54,0,normal
13.9,58.6,19,25,6,12,0,1,8,3,933,17028,0,59,14792.972977492,2026-02-21 21:04:55,0,normal
6.0,58.5,19,25,6,12,0,1,8,3,1806,2460,0,25,14794.056706791,2026-02-21 21:04:56,0,normal
9.3,58.5,20,25,7,12,0,1,9,3,8131,4161,2,20,14795.139942084,2026-02-21 21:04:57,0,normal
16.8,58.4,20,25,7,12,0,1,9,3,1319,7513,0,37,14796.224427515,2026-02-21 21:04:58,0,normal
12.1,58.3,20,25,7,12,0,1,9,3,774,13235,0,56,14797.313924333,2026-02-21 21:05:00,0,normal
19.4,58.5,20,25,7,12,0,1,9,3,1751,14540,0,61,14798.397179403,2026-02-21 21:05:01,0,normal
19.7,58.5,20,25,7,12,0,1,9,3,486,1850,0,19,14799.480841016,2026-02-21 21:05:02,0,normal
7.5,58.5,20,26,7,12,0,1,9,3,518,282,0,4,14800.567609923,2026-02-21 21:05:03,0,normal
6.5,58.3,20,26,7,12,0,1,9,3,280,0,0,0,14801.650613682,2026-02-21 21:05:04,0,normal
15.8,58.4,20,26,7,12,0,1,9,3,612,8203,0,38,14802.738034742,2026-02-21 21:05:05,0,normal
16.1,58.4,20,26,7,12,0,1,9,3,1328,11910,0,60,14803.823317068,2026-02-21 21:05:06,0,normal
4.1,58.5,20,26,7,12,0,1,9,3,29698,949,0,11,14804.904885882,2026-02-21 21:05:07,0,normal
8.6,58.3,20,25,7,12,0,1,9,3,154594,5580,0,32,14805.988863869,2026-02-21 21:05:08,0,normal
3.1,58.4,20,25,7,12,0,1,9,3,1454,14500,0,57,14807.07121961,2026-02-21 21:05:09,0,normal
1.9,58.4,20,25,7,12,0,1,9,3,661,13390,0,55,14808.153198524,2026-02-21 21:05:10,0,normal
1.7,58.4,20,25,7,12,0,1,9,3,280,13476,0,55,14809.234668674,2026-02-21 21:05:11,0,normal
3.5,58.5,20,25,7,12,0,1,9,3,674,13609,0,58,14810.317916601,2026-02-21 21:05:13,0,normal
1.5,58.4,20,25,7,12,0,1,9,3,280,12948,0,54,14811.400353513,2026-02-21 21:05:14,0,normal
8.3,58.1,20,25,7,12,0,1,9,3,280,10927,0,54,14812.483325432,2026-02-21 21:05:15,0,normal
2.2,58.1,20,25,7,12,0,1,9,3,421,13049,0,56,14813.565100382,2026-02-21 21:05:16,0,normal
13.3,58.0,20,25,7,12,0,1,9,3,280,11796,0,54,14814.64921215,2026-02-21 21:05:17,0,normal
7.6,58.1,20,25,7,12,0,1,9,3,551,3152,0,27,14815.732539826,2026-02-21 21:05:18,0,normal
5.0,58.1,20,25,7,12,0,1,9,3,1006,4007,0,19,14816.814741518,2026-02-21 21:05:19,0,normal
18.9,58.0,20,25,7,12,0,1,9,3,447,15093,0,60,14817.898384326,2026-02-21 21:05:20,0,normal
4.1,58.1,20,25,7,12,0,1,9,3,1731,10629,0,62,14818.980739485,2026-02-21 21:05:21,0,normal
2.8,58.1,20,25,7,12,0,1,9,3,366,9124,0,43,14820.062557758,2026-02-21 21:05:22,0,normal
5.2,58.1,20,25,7,12,0,1,9,3,1595,11152,0,62,14821.144226019,2026-02-21 21:05:23,0,normal
2.4,58.1,20,25,7,12,0,1,9,3,618,13431,0,56,14822.225082668,2026-02-21 21:05:24,0,normal
4.9,58.1,20,25,7,12,0,1,9,3,658,13036,0,56,14823.305341262,2026-02-21 21:05:26,0,normal
14.1,58.1,20,25,7,12,0,1,9,3,430,13046,0,56,14824.388149894,2026-02-21 21:05:27,0,normal
15.7,58.0,20,25,7,12,0,1,9,3,366,12413,0,55,14825.470493943,2026-02-21 21:05:28,0,normal
15.4,58.2,20,25,7,12,0,1,9,3,280,12919,0,54,14826.558482378,2026-02-21 21:05:29,0,normal
14.0,58.3,20,25,7,12,0,1,9,3,280,6905,0,44,14827.64177037,2026-02-21 21:05:30,0,normal
15.7,58.3,20,25,7,12,0,1,9,3,632,13425,0,55,14828.724202614,2026-02-21 21:05:31,0,normal
18.7,58.3,20,25,7,12,0,1,9,3,366,8050,0,47,14829.804567578,2026-02-21 21:05:32,0,normal
22.2,58.2,20,25,7,12,0,1,9,3,184419,4152,0,41,14830.892068569,2026-02-21 21:05:33,0,normal
21.0,58.4,20,25,7,12,0,1,9,3,1111,12940,0,57,14831.979012684,2026-02-21 21:05:34,0,normal
27.7,58.5,20,25,7,12,0,1,9,3,280,12977,0,54,14833.070277331,2026-02-21 21:05:35,0,normal
8.7,58.5,20,25,7,12,0,1,9,3,254070,5491,0,62,14834.156974654,2026-02-21 21:05:36,0,normal
20.0,58.6,20,25,7,12,0,1,9,3,752,442,0,5,14835.237800303,2026-02-21 21:05:38,0,normal
21.1,58.6,20,25,7,12,0,1,9,3,382,52,0,1,14836.318789459,2026-02-21 21:05:39,0,normal
14.2,58.6,20,25,7,12,0,1,9,3,588,176,0,2,14837.403921363,2026-02-21 21:05:40,0,normal
9.1,58.3,20,25,7,12,0,1,9,3,3550,4694,5,21,14838.488262262,2026-02-21 21:05:41,0,normal
12.3,58.4,20,25,7,12,0,1,9,3,1056,8665,0,39,14839.573581146,2026-02-21 21:05:42,0,normal
5.9,58.4,20,25,7,12,0,1,9,3,366,2581,0,23,14840.654847452,2026-02-21 21:05:43,0,normal
10.7,58.7,23,25,10,12,0,1,12,3,11097,25206,2,102,14841.739469489,2026-02-21 21:05:44,0,normal
7.2,58.7,24,25,11,12,0,1,13,3,23391,23266,0,105,14842.82021114,2026-02-21 21:05:45,0,normal
5.4,58.7,24,27,11,12,0,1,13,3,24836,23870,0,94,14843.901953531,2026-02-21 21:05:46,0,normal
7.1,58.8,25,28,12,12,0,1,13,3,16475,21988,0,96,14844.985060854,2026-02-21 21:05:47,0,normal
22.6,59.4,25,35,12,12,0,1,14,4,952709,111124,9,228,14846.073508822,2026-02-21 21:05:48,0,normal
24.5,59.8,27,34,13,12,1,1,14,3,1491345,101038,1,282,14847.161975897,2026-02-21 21:05:49,0,normal
14.0,59.9,27,34,13,12,1,1,14,3,1435790,59464,0,173,14848.246187162,2026-02-21 21:05:51,0,normal
7.8,60.0,27,35,13,12,1,1,14,3,42534,12769,0,26,14849.328511584,2026-02-21 21:05:52,0,normal
14.9,60.1,28,36,14,12,1,1,15,3,353632,34168,4,103,14850.413104996,2026-02-21 21:05:53,0,normal
16.4,60.3,28,36,14,12,1,1,15,3,820885,130907,0,231,14851.501861173,2026-02-21 21:05:54,0,normal
29.6,60.3,30,38,14,12,3,1,17,3,654811,137824,4,267,14852.586891205,2026-02-21 21:05:55,0,normal
19.9,60.3,30,38,14,12,3,1,17,3,20356,7709,0,15,14853.674069199,2026-02-21 21:05:56,0,normal
10.2,60.2,30,38,14,12,3,1,17,3,188229,15490,0,38,14854.755805698,2026-02-21 21:05:57,0,normal
4.6,60.3,30,38,14,12,3,1,17,3,2576,206,0,3,14855.839899041,2026-02-21 21:05:58,0,normal
7.3,60.0,30,38,14,12,3,1,17,3,13381,15637,0,49,14856.925491621,2026-02-21 21:05:59,0,normal
10.0,59.6,30,38,14,12,3,1,17,3,965,13144,0,55,14858.007988988,2026-02-21 21:06:00,0,normal
11.2,59.7,30,38,14,12,3,1,17,3,37599,24196,0,78,14859.091858111,2026-02-21 21:06:01,0,normal
4.8,59.7,30,39,14,12,3,1,17,3,12967,8290,0,59,14860.174724591,2026-02-21 21:06:02,0,normal
6.6,59.8,30,39,14,12,3,1,17,3,280,12858,0,53,14861.258244799,2026-02-21 21:06:04,0,normal
7.9,59.7,30,39,14,12,3,1,17,3,1288,14067,0,60,14862.341934535,2026-02-21 21:06:05,0,normal
6.8,59.8,30,39,14,12,3,1,17,3,430,12149,0,54,14863.426543167,2026-02-21 21:06:06,0,normal
5.1,59.7,30,39,14,12,3,1,17,3,438,11526,0,57,14864.5116748,2026-02-21 21:06:07,0,normal
10.5,59.7,30,38,14,12,3,1,17,3,8752,5555,0,27,14865.594561138,2026-02-21 21:06:08,0,normal
12.4,59.6,30,38,14,12,3,1,17,3,117625,19119,0,67,14866.677398744,2026-02-21 21:06:09,0,normal
3.9,59.7,29,38,13,12,3,1,16,2,558,80,0,2,14867.759665048,2026-02-21 21:06:10,1,bulk_download
8.4,59.8,29,38,13,12,3,1,16,2,280,0,0,0,14868.84487602,2026-02-21 21:06:11,1,bulk_download
8.3,59.6,29,38,13,12,3,1,16,2,366,10844,0,47,14869.926716604,2026-02-21 21:06:12,1,bulk_download
12.3,59.7,29,38,13,12,3,1,16,2,2455,20920,0,63,14871.010183061,2026-02-21 21:06:13,1,bulk_download
11.7,59.7,29,38,13,12,3,1,16,2,26296,6723,0,48,14872.097564658,2026-02-21 21:06:14,1,bulk_download
12.5,59.6,30,38,14,12,3,1,17,2,2791,3857,5,16,14873.181116425,2026-02-21 21:06:15,1,bulk_download
7.2,59.7,30,37,14,12,3,1,17,2,80229,2022,0,30,14874.263835177,2026-02-21 21:06:17,1,bulk_download
14.9,59.7,30,36,14,12,3,1,17,2,508,176,0,3,14875.346538721,2026-02-21 21:06:18,1,bulk_download
10.9,59.6,30,34,14,12,3,1,17,2,1658,1701,0,8,14876.429134753,2026-02-21 21:06:19,1,bulk_download
6.2,59.6,30,34,14,12,3,1,17,2,593,52,0,1,14877.510509534,2026-02-21 21:06:20,1,bulk_download
10.6,58.8,30,34,14,12,3,1,17,2,438,264,0,3,14878.592238869,2026-02-21 21:06:21,1,bulk_download
11.9,57.6,30,34,14,12,3,1,17,2,280,36,0,1,14879.680540413,2026-02-21 21:06:22,1,bulk_download
17.8,57.8,30,32,14,12,3,1,17,2,2403,4754,0,13,14880.762519246,2026-02-21 21:06:23,1,bulk_download
4.7,57.9,30,32,14,12,3,1,17,2,893,3158,0,7,14881.847042928,2026-02-21 21:06:24,1,bulk_download
4.2,57.9,30,31,14,12,3,1,17,2,280,0,0,0,14882.929798761,2026-02-21 21:06:25,1,bulk_download
4.3,57.9,30,31,14,12,3,1,17,2,280,0,0,0,14884.01303739,2026-02-21 21:06:26,1,bulk_download
4.1,57.9,30,30,14,12,3,1,17,2,366,124,0,2,14885.094434192,2026-02-21 21:06:27,1,bulk_download
6.0,57.9,30,30,14,12,3,1,17,2,488,28,0,1,14886.176857931,2026-02-21 21:06:28,1,bulk_download
5.1,57.9,30,30,14,12,3,1,17,2,472,624,0,3,14887.257984094,2026-02-21 21:06:30,1,bulk_download
11.0,57.9,30,30,14,12,3,1,17,2,280,12273,0,51,14888.340710452,2026-02-21 21:06:31,1,bulk_download
22.3,58.0,31,29,15,12,3,1,18,2,9491,20043,0,80,14889.431910287,2026-02-21 21:06:32,1,bulk_download
17.9,58.1,31,29,15,12,3,1,18,2,65292,9974,0,66,14890.518841516,2026-02-21 21:06:33,1,bulk_download
15.5,58.0,32,29,15,12,3,1,19,3,727,5348,0,24,14891.608297207,2026-02-21 21:06:34,1,bulk_download
10.0,58.1,32,29,15,12,3,1,19,3,1210,14174,0,62,14892.688913092,2026-02-21 21:06:35,1,bulk_download
10.1,58.1,34,29,15,12,3,1,19,3,1019,18470,0,65,14893.776286393,2026-02-21 21:06:36,1,bulk_download
19.9,58.3,33,29,15,12,3,1,19,3,366,9445,0,53,14894.864901876,2026-02-21 21:06:37,1,bulk_download
27.1,58.2,33,29,15,12,3,1,19,3,280,12487,0,57,14895.958297152,2026-02-21 21:06:38,1,bulk_download
20.7,58.3,33,27,15,12,3,1,20,3,0,9189,0,52,14897.048645989,2026-02-21 21:06:39,1,bulk_download
9.8,58.3,33,27,15,12,3,1,20,3,7121,2395,0,12,14898.135595705,2026-02-21 21:06:40,1,bulk_download
13.0,58.3,31,27,15,12,3,1,18,2,2491,10243,5,50,14899.215063876,2026-02-21 21:06:41,1,bulk_download
10.5,58.3,31,27,15,12,3,1,18,2,814,9487,0,48,14900.296857163,2026-02-21 21:06:43,1,bulk_download
15.6,58.3,31,25,15,12,3,1,18,2,280,11854,0,54,14901.379443758,2026-02-21 21:06:44,1,bulk_download
5.3,58.3,31,25,15,12,3,1,18,2,739,6696,0,39,14902.465642615,2026-02-21 21:06:45,1,bulk_download
6.3,58.3,31,25,15,12,3,1,18,2,421,13360,0,57,14903.547498127,2026-02-21 21:06:46,1,bulk_download
15.3,58.2,31,25,15,12,3,1,18,2,511,12224,0,56,14904.629868557,2026-02-21 21:06:47,1,bulk_download
20.7,58.2,31,25,15,12,3,1,18,2,597,2780,0,27,14905.723923163,2026-02-21 21:06:48,1,bulk_download
5.7,58.2,30,25,15,12,2,1,18,2,648,4829,0,23,14906.805620669,2026-02-21 21:06:49,1,bulk_download
14.2,58.3,30,25,15,12,2,1,18,2,0,17018,0,59,14907.887216734,2026-02-21 21:06:50,1,bulk_download
18.5,58.3,30,25,15,12,2,1,18,2,1905,13733,0,61,14908.970338012,2026-02-21 21:06:51,1,bulk_download
15.4,58.2,30,25,15,12,2,1,18,2,597,11314,0,57,14910.052690327,2026-02-21 21:06:52,1,bulk_download
16.6,58.2,30,25,15,12,2,1,18,2,476,9685,0,48,14911.136061996,2026-02-21 21:06:53,1,bulk_download
14.4,58.2,30,25,15,12,2,1,18,2,653,13424,0,57,14912.221474076,2026-02-21 21:06:54,1,bulk_download
15.9,58.2,30,25,15,12,2,1,18,2,835,12004,0,57,14913.304643404,2026-02-21 21:06:56,1,bulk_download
14.1,58.1,30,25,15,12,2,1,18,2,628,11454,0,56,14914.387093101,2026-02-21 21:06:57,1,bulk_download
15.9,58.2,28,25,15,12,0,1,16,2,658,11144,0,56,14915.471646769,2026-02-21 21:06:58,1,bulk_download
18.1,58.1,28,25,15,12,0,1,16,2,280,12772,0,54,14916.555856181,2026-02-21 21:06:59,1,bulk_download
14.8,58.0,28,25,15,12,0,1,16,2,518,13338,0,57,14917.639971245,2026-02-21 21:07:00,1,bulk_download
14.6,58.1,28,25,15,12,0,1,16,2,0,12850,0,54,14918.720974557,2026-02-21 21:07:01,1,bulk_download
15.2,58.1,28,26,15,12,0,1,16,2,1020,11998,0,60,14919.801256355,2026-02-21 21:07:02,1,bulk_download
15.6,58.1,28,26,15,12,0,1,16,2,280,8400,0,40,14920.882131677,2026-02-21 21:07:03,1,bulk_download
14.0,58.1,28,26,15,12,0,1,16,2,280,13308,0,54,14921.962388629,2026-02-21 21:07:04,1,bulk_download
13.2,58.1,28,26,15,12,0,1,16,2,280,12624,0,54,14923.045417483,2026-02-21 21:07:05,1,bulk_download
14.1,58.1,28,26,15,12,0,1,16,2,422,13434,0,56,14924.130276474,2026-02-21 21:07:06,1,bulk_download
14.6,58.3,28,25,15,12,0,1,16,2,444,3730,0,30,14925.218203504,2026-02-21 21:07:07,1,bulk_download
14.4,58.1,28,25,15,12,0,1,16,2,410,7748,0,33,14926.301838317,2026-02-21 21:07:09,1,bulk_download
14.0,58.2,28,25,15,12,0,1,16,2,742,9659,0,55,14927.384244964,2026-02-21 21:07:10,1,bulk_download
14.0,58.2,28,25,15,12,0,1,16,2,430,3380,0,27,14928.476044524,2026-02-21 21:07:11,1,bulk_download
19.0,58.4,28,25,15,12,0,1,16,2,280,9211,0,50,14929.56176898,2026-02-21 21:07:12,1,bulk_download
17.1,58.4,28,25,15,12,0,1,16,2,636,13341,0,59,14930.643163206,2026-02-21 21:07:13,1,bulk_download
2.3,58.5,28,25,15,12,0,1,16,2,280,10565,0,53,14931.724315687,2026-02-21 21:07:14,1,bulk_download
5.5,58.4,28,25,15,12,0,1,16,2,422,2505,0,22,14932.806687449,2026-02-21 21:07:15,1,bulk_download
14.1,58.4,28,25,15,12,0,1,16,2,2078,2703,0,28,14933.890431446,2026-02-21 21:07:16,1,bulk_download
13.6,58.3,28,25,15,12,0,1,16,2,366,36,0,1,14934.975483508,2026-02-21 21:07:17,1,bulk_download
13.5,58.4,28,25,15,12,0,1,16,2,576,104,0,2,14936.058539455,2026-02-21 21:07:18,1,bulk_download
1.5,58.4,28,25,15,12,0,1,16,2,280,0,0,0,14937.140020402,2026-02-21 21:07:19,1,bulk_download
8.5,58.2,28,25,15,12,0,1,16,2,550,52,0,1,14938.222844211,2026-02-21 21:07:20,1,bulk_download
13.9,58.1,28,25,15,12,0,1,16,2,1332,8474,0,38,14939.304818286,2026-02-21 21:07:22,1,bulk_download
15.2,58.2,28,25,15,12,0,1,16,2,366,13436,0,56,14940.390244753,2026-02-21 21:07:23,1,bulk_download
13.7,58.3,28,25,15,12,0,1,16,2,430,13135,0,54,14941.474742295,2026-02-21 21:07:24,1,bulk_download
13.7,58.3,28,25,15,12,0,1,16,2,280,6185,0,38,14942.561235814,2026-02-21 21:07:25,1,bulk_download
13.7,58.4,28,25,15,12,0,1,16,2,492,13387,0,56,14943.647933517,2026-02-21 21:07:26,1,bulk_download
1.6,58.3,28,25,15,12,0,1,16,2,468,12957,0,56,14944.7305091,2026-02-21 21:07:27,1,bulk_download
13.8,58.2,28,25,15,12,0,1,16,2,420,7456,0,45,14945.812034753,2026-02-21 21:07:28,1,bulk_download
14.8,58.1,28,25,15,12,0,1,16,2,1691,593,0,7,14946.893671395,2026-02-21 21:07:29,1,bulk_download
13.3,58.1,28,25,15,12,0,1,16,2,1005,228,0,3,14947.973901906,2026-02-21 21:07:30,1,bulk_download
13.5,58.2,28,25,15,12,0,1,16,2,280,7553,0,44,14949.055601615,2026-02-21 21:07:31,1,bulk_download
13.8,58.2,28,25,15,12,0,1,16,2,366,10132,0,46,14950.137288911,2026-02-21 21:07:32,1,bulk_download
15.4,58.2,28,25,15,12,0,1,16,2,410,7141,0,43,14951.222649473,2026-02-21 21:07:33,1,bulk_download
5.1,58.2,28,25,15,12,0,1,16,2,549,168,0,3,14952.303568676,2026-02-21 21:07:35,1,bulk_download
2.1,58.3,28,25,15,12,0,1,16,2,280,11896,0,56,14953.384809864,2026-02-21 21:07:36,1,bulk_download
10.2,58.2,28,25,15,12,0,1,16,2,674,3158,0,28,14954.467802681,2026-02-21 21:07:37,1,bulk_download
15.0,58.3,28,25,15,12,0,1,16,2,1323,227,0,4,14955.549451255,2026-02-21 21:07:38,1,bulk_download
13.1,58.3,28,25,15,12,0,1,16,2,280,7357,0,30,14956.632881944,2026-02-21 21:07:39,1,bulk_download
13.5,58.3,28,25,15,12,0,1,16,2,280,13322,0,54,14957.715206407,2026-02-21 21:07:40,1,bulk_download
19.2,58.3,28,25,15,12,0,1,16,2,394486,15529,0,88,14958.79786161,2026-02-21 21:07:41,1,bulk_download
16.9,58.2,28,25,15,12,0,1,16,2,828,12658,0,60,14959.885476034,2026-02-21 21:07:42,1,bulk_download
16.1,58.2,28,25,15,12,0,1,16,2,787,9463,0,51,14960.967579993,2026-02-21 21:07:43,1,bulk_download
10.0,58.2,28,25,15,12,0,1,16,2,421,11138,0,56,14962.053372385,2026-02-21 21:07:44,1,bulk_download
7.4,58.2,28,25,15,12,0,1,16,2,1342,3793,0,15,14963.136670675,2026-02-21 21:07:45,1,bulk_download
17.4,58.3,27,25,14,12,0,1,15,2,2448,4270,0,16,14964.222669304,2026-02-21 21:07:46,1,bulk_download
6.2,58.2,26,25,13,12,0,1,14,2,1118,539,0,9,14965.308742233,2026-02-21 21:07:48,1,bulk_download
9.9,58.1,26,25,13,12,0,1,14,2,614,52,0,1,14966.390940447,2026-02-21 21:07:49,1,bulk_download
4.8,58.1,26,25,13,12,0,1,14,2,661,143,0,2,14967.474402574,2026-02-21 21:07:50,1,bulk_download
4.6,58.0,26,25,13,12,0,1,14,2,280,0,0,0,14968.557956344,2026-02-21 21:07:51,1,bulk_download
3.1,58.0,26,25,13,12,0,1,14,2,280,0,0,0,14969.638895336,2026-02-21 21:07:52,1,bulk_download
4.6,58.1,26,25,13,12,0,1,14,2,871,176,0,3,14970.719035417,2026-02-21 21:07:53,1,bulk_download
7.9,57.9,26,25,13,12,0,1,14,2,280,6940,0,54,14971.800351796,2026-02-21 21:07:54,1,bulk_download
8.2,57.9,26,25,13,12,0,1,14,2,280,0,0,0,14972.88015208,2026-02-21 21:07:55,1,bulk_download
3.1,58.0,26,25,13,12,0,1,14,2,727,52,0,1,14973.962670436,2026-02-21 21:07:56,1,bulk_download
3.0,58.0,26,25,13,12,0,1,14,2,524,300,0,4,14975.043713873,2026-02-21 21:07:57,1,bulk_download
10.8,57.6,26,25,13,12,0,1,14,2,280,4617,0,38,14976.126786959,2026-02-21 21:07:58,1,bulk_download
1.5,57.6,26,25,13,12,0,1,14,2,280,0,0,0,14977.207197189,2026-02-21 21:07:59,1,bulk_download
3.7,57.6,26,25,13,12,0,1,14,2,410,0,0,0,14978.292064336,2026-02-21 21:08:01,1,bulk_download
1.4,57.5,26,25,12,12,1,1,14,2,1044,451,0,7,14979.373054121,2026-02-21 21:08:02,1,bulk_download
6.2,57.5,26,26,12,12,1,1,14,2,770,334,0,5,14980.45382659,2026-02-21 21:08:03,1,bulk_download
2.9,57.5,26,26,12,12,1,1,14,2,280,0,0,0,14981.532802265,2026-02-21 21:08:04,1,bulk_download
3.8,57.4,26,26,12,12,1,1,14,2,280,0,0,0,14982.615228438,2026-02-21 21:08:05,1,bulk_download
6.6,57.3,26,26,12,12,1,1,14,2,280,88,0,1,14983.698429517,2026-02-21 21:08:06,1,bulk_download
4.7,57.4,26,26,12,12,1,1,14,2,444,64,0,2,14984.778729319,2026-02-21 21:08:07,1,bulk_download
8.1,57.5,26,25,12,12,1,1,14,2,4067,23210,8,32,14985.860972168,2026-02-21 21:08:08,1,bulk_download
5.6,57.5,26,25,12,12,1,1,14,2,280,0,0,0,14986.942258482,2026-02-21 21:08:09,1,bulk_download
1.9,57.5,26,25,12,12,1,1,14,2,420,52,0,1,14988.023179138,2026-02-21 21:08:10,1,bulk_download
1.5,57.5,26,25,12,12,1,1,14,2,438,264,0,3,14989.103704583,2026-02-21 21:08:11,1,bulk_download
2.0,57.5,26,25,12,12,1,1,14,2,366,36,0,1,14990.183814096,2026-02-21 21:08:12,1,bulk_download
3.7,57.4,26,25,12,12,1,1,14,2,410,0,0,0,14991.264239543,2026-02-21 21:08:14,1,bulk_download
4.5,57.4,26,25,12,12,1,1,14,2,280,0,0,0,14992.34504337,2026-02-21 21:08:15,1,bulk_download
8.5,57.3,26,25,12,12,1,1,14,2,280,88,0,1,14993.425169145,2026-02-21 21:08:16,1,bulk_download
4.9,57.5,26,25,12,12,1,1,14,2,630,52,0,1,14994.508229379,2026-02-21 21:08:17,1,bulk_download
10.8,57.6,26,25,12,12,1,1,14,2,366,3294,0,27,14995.589728833,2026-02-21 21:08:18,1,bulk_download
5.1,57.5,26,25,12,12,1,1,14,2,280,0,0,0,14996.67089457,2026-02-21 21:08:19,1,bulk_download
4.2,57.5,26,25,12,12,1,1,14,2,606,104,0,2,14997.751014243,2026-02-21 21:08:20,1,bulk_download
8.7,57.6,27,25,13,12,1,1,15,2,7786,5918,0,16,14998.831564895,2026-02-21 21:08:21,1,bulk_download
2.2,57.5,26,25,12,12,1,1,14,2,2332,3718,0,13,14999.912514335,2026-02-21 21:08:22,1,bulk_download
5.7,57.6,26,25,12,12,1,1,14,2,280,0,0,0,15000.993033698,2026-02-21 21:08:23,1,bulk_download
6.9,57.6,26,25,12,12,1,1,14,2,778,316,0,4,15002.078329277,2026-02-21 21:08:24,1,bulk_download
6.0,57.6,26,25,12,12,1,1,14,2,280,973,0,7,15003.160429459,2026-02-21 21:08:25,1,bulk_download
5.6,57.6,26,25,12,12,1,1,14,2,280,2411,0,22,15004.24849062,2026-02-21 21:08:27,1,bulk_download
4.4,57.6,26,25,12,12,1,1,14,2,496,36,0,1,15005.329798576,2026-02-21 21:08:28,1,bulk_download
6.2,57.7,26,25,12,12,1,1,14,2,476,2874,0,25,15006.410746642,2026-02-21 21:08:29,1,bulk_download
2.9,57.7,26,25,12,12,1,1,14,2,430,4633,0,19,15007.493381936,2026-02-21 21:08:30,1,bulk_download
10.4,57.6,26,25,12,12,1,1,14,2,280,12761,0,54,15008.575434589,2026-02-21 21:08:31,1,bulk_download
2.8,57.7,26,25,12,12,1,1,14,2,280,7356,0,44,15009.655383371,2026-02-21 21:08:32,1,bulk_download
3.3,57.6,26,25,12,12,1,1,14,2,366,2031,0,13,15010.737857604,2026-02-21 21:08:33,1,bulk_download
9.1,57.5,26,25,12,12,1,1,14,2,280,6309,0,50,15011.820533867,2026-02-21 21:08:34,1,bulk_download
9.8,57.5,24,25,10,12,1,1,12,2,2068,12726,0,71,15012.903075367,2026-02-21 21:08:35,1,bulk_download
15.2,57.4,24,25,10,12,1,1,12,2,280,750,0,10,15013.991739221,2026-02-21 21:08:36,1,bulk_download
4.3,57.5,24,25,9,12,2,1,12,2,760,307,0,5,15015.074570475,2026-02-21 21:08:37,1,bulk_download
9.8,57.5,24,25,8,12,2,1,12,2,438,176,0,2,15016.154524798,2026-02-21 21:08:38,1,bulk_download
8.2,57.5,24,25,7,12,4,1,12,2,1820,3608,0,16,15017.234527943,2026-02-21 21:08:39,1,bulk_download
7.7,57.5,24,25,7,12,4,1,12,2,280,0,0,0,15018.314900772,2026-02-21 21:08:41,1,bulk_download
8.4,57.5,24,25,7,12,4,1,12,2,544,52,0,1,15019.39505,2026-02-21 21:08:42,1,bulk_download
14.9,57.6,24,25,7,12,4,1,12,2,366,124,0,2,15020.477566955,2026-02-21 21:08:43,1,bulk_download
13.9,57.7,23,25,6,12,4,1,11,2,1040,339,0,6,15021.56235911,2026-02-21 21:08:44,1,bulk_download
4.8,57.6,23,25,6,12,4,1,11,2,1442,96772,0,70,15022.645405666,2026-02-21 21:08:45,1,bulk_download
5.2,57.5,23,25,6,12,4,1,11,2,2914,16767,0,13,15023.725148273,2026-02-21 21:08:46,1,bulk_download
9.5,57.5,23,25,6,12,4,1,11,2,647,140,0,3,15024.809642699,2026-02-21 21:08:47,1,bulk_download
7.6,57.5,23,25,6,12,4,1,11,2,7365,4147,0,17,15025.88909583,2026-02-21 21:08:48,1,bulk_download
2.8,57.6,23,25,6,12,4,1,11,2,1107,3067,0,6,15026.971065498,2026-02-21 21:08:49,1,bulk_download
5.8,57.5,23,25,6,12,4,1,11,2,280,52,0,1,15028.053155319,2026-02-21 21:08:50,1,bulk_download
8.7,57.4,23,25,6,12,4,1,11,2,280,0,0,0,15029.137616111,2026-02-21 21:08:51,1,bulk_download
11.1,57.5,23,25,6,12,4,1,11,2,8183,21721,0,30,15030.223040624,2026-02-21 21:08:52,1,bulk_download
8.2,57.4,23,25,6,12,4,1,11,2,489,52,0,1,15031.306989988,2026-02-21 21:08:54,1,bulk_download
7.9,57.4,23,25,6,12,4,1,11,2,6765,7152,0,15,15032.388943703,2026-02-21 21:08:55,1,bulk_download
9.8,57.5,23,25,6,12,4,1,11,2,834,5696,0,7,15033.469428843,2026-02-21 21:08:56,1,bulk_download
12.5,57.5,23,25,6,12,4,1,11,2,6519,5364,0,12,15034.555920739,2026-02-21 21:08:57,1,bulk_download
14.4,57.5,23,25,6,12,4,1,11,2,822,5597,0,6,15035.637200131,2026-02-21 21:08:58,1,bulk_download
12.8,57.6,23,25,6,12,4,1,11,2,7371,13830,0,19,15036.719491921,2026-02-21 21:08:59,1,bulk_download
6.6,57.5,23,25,6,12,4,1,11,2,711,8290,0,8,15037.799548545,2026-02-21 21:09:00,1,bulk_download
4.6,57.6,23,25,6,12,4,1,11,2,482,140,0,2,15038.882239546,2026-02-21 21:09:01,1,bulk_download
6.1,57.6,23,26,6,12,4,1,11,2,596,222,0,4,15039.966482309,2026-02-21 21:09:02,1,bulk_download
11.2,57.6,23,26,6,12,4,1,11,2,280,195,0,1,15041.052240899,2026-02-21 21:09:03,1,bulk_download
4.8,57.6,23,26,7,12,3,1,12,2,6570,15746,0,22,15042.140241798,2026-02-21 21:09:04,1,bulk_download
7.6,57.6,22,26,6,12,3,1,11,2,2430,10233,0,14,15043.225249528,2026-02-21 21:09:05,1,bulk_download
4.0,57.6,22,26,6,12,3,1,11,2,568,176,0,2,15044.306112746,2026-02-21 21:09:07,1,bulk_download
3.5,57.5,22,25,6,12,3,1,11,2,366,36,0,1,15045.386560103,2026-02-21 21:09:08,1,bulk_download
2.0,57.5,22,25,6,12,3,1,11,2,382,140,0,2,15046.466691097,2026-02-21 21:09:09,1,bulk_download
3.2,57.5,22,25,6,12,3,1,11,2,430,0,0,0,15047.547522486,2026-02-21 21:09:10,1,bulk_download
4.1,57.5,22,25,6,12,3,1,11,2,589,63,0,1,15048.629341771,2026-02-21 21:09:11,1,bulk_download
3.6,57.5,22,25,6,12,3,1,11,2,2015,9282,5,15,15049.711556505,2026-02-21 21:09:12,1,bulk_download
6.2,57.4,22,25,6,12,3,1,11,2,366,0,0,0,15050.792906668,2026-02-21 21:09:13,1,bulk_download
6.1,57.5,22,25,6,12,3,1,11,2,682,5505,0,6,15051.874551144,2026-02-21 21:09:14,1,bulk_download
3.3,57.4,22,25,6,12,3,1,11,2,598,140,0,2,15052.956469644,2026-02-21 21:09:15,1,bulk_download
4.4,57.4,22,25,6,12,3,1,11,2,709,52,0,1,15054.036920539,2026-02-21 21:09:16,1,bulk_download
3.2,57.4,22,25,6,12,3,1,11,2,366,36,0,1,15055.116699984,2026-02-21 21:09:17,1,bulk_download
3.5,57.5,22,25,6,12,3,1,11,2,280,0,0,0,15056.196898804,2026-02-21 21:09:18,1,bulk_download
2.2,57.5,22,25,6,12,3,1,11,2,568,176,0,2,15057.276420034,2026-02-21 21:09:20,1,bulk_download
9.2,57.5,22,25,6,12,3,1,11,2,150,0,0,0,15058.357194925,2026-02-21 21:09:21,1,bulk_download
3.9,57.4,22,25,6,12,3,1,11,2,410,88,0,1,15059.438339041,2026-02-21 21:09:22,1,bulk_download
5.1,57.5,22,25,6,12,3,1,11,2,2977,100185,0,75,15060.519307297,2026-02-21 21:09:23,1,bulk_download
11.6,57.5,23,26,7,12,3,1,12,2,16802,10290,2,31,15061.600282066,2026-02-21 21:09:24,1,bulk_download
3.5,57.5,23,26,7,12,3,1,12,2,685,5527,0,6,15062.680334423,2026-02-21 21:09:25,1,bulk_download
3.9,57.5,23,26,7,12,3,1,12,2,564,140,0,2,15063.761456296,2026-02-21 21:09:26,1,bulk_download
3.9,57.5,23,26,7,12,3,1,12,2,366,36,0,1,15064.845226011,2026-02-21 21:09:27,1,bulk_download
11.0,57.4,23,26,7,12,3,1,12,2,358,28,0,1,15065.926062059,2026-02-21 21:09:28,1,bulk_download
11.3,57.4,23,26,7,12,3,1,12,2,596,3017,0,5,15067.006692301,2026-02-21 21:09:29,1,bulk_download
5.5,57.4,23,26,7,12,3,1,12,2,496,87,0,1,15068.089230394,2026-02-21 21:09:30,1,bulk_download
5.9,57.4,23,26,7,12,3,1,12,2,672,5710,0,7,15069.16938333,2026-02-21 21:09:31,1,bulk_download
4.9,57.6,23,26,7,12,3,1,12,2,366,36,0,1,15070.25097675,2026-02-21 21:09:33,1,bulk_download
15.9,57.4,23,26,7,12,3,1,12,2,670,8380,0,10,15071.333082792,2026-02-21 21:09:34,1,bulk_download
15.2,57.6,23,26,7,12,3,1,12,2,3523,4263,0,15,15072.416439262,2026-02-21 21:09:35,1,bulk_download
5.7,57.6,23,26,7,12,3,1,12,2,280,0,0,0,15073.49911799,2026-02-21 21:09:36,1,bulk_download
2.6,57.7,22,26,7,12,2,1,11,2,430,8796,0,40,15074.580547924,2026-02-21 21:09:37,1,bulk_download
3.4,57.7,22,26,7,12,2,1,11,2,366,12220,0,55,15075.662568046,2026-02-21 21:09:38,1,bulk_download
1.9,57.7,22,26,7,12,2,1,11,2,280,10864,0,52,15076.744535097,2026-02-21 21:09:39,1,bulk_download
3.1,57.7,22,26,7,12,2,1,11,2,280,8792,0,53,15077.824786147,2026-02-21 21:09:40,1,bulk_download
2.0,57.7,20,26,7,12,0,1,9,2,280,12559,0,54,15078.905402613,2026-02-21 21:09:41,1,bulk_download
3.9,57.6,20,26,7,12,0,1,9,2,726,12812,0,55,15079.984657913,2026-02-21 21:09:42,1,bulk_download
20.1,57.5,20,26,7,12,0,1,9,2,280,12111,0,56,15081.073414921,2026-02-21 21:09:43,1,bulk_download
13.9,57.6,20,26,7,12,0,1,9,2,518,13332,0,56,15082.156618875,2026-02-21 21:09:44,1,bulk_download
13.9,57.7,20,26,7,12,0,1,9,2,473,7656,0,46,15083.240425359,2026-02-21 21:09:46,1,bulk_download
1.9,57.7,20,26,7,12,0,1,9,2,410,12990,0,55,15084.322428688,2026-02-21 21:09:47,1,bulk_download
8.6,57.7,20,26,7,12,0,1,9,2,524,10720,0,57,15085.402933635,2026-02-21 21:09:48,1,bulk_download
2.4,57.7,20,26,7,12,0,1,9,2,1684,5343,0,32,15086.485536621,2026-02-21 21:09:49,1,bulk_download
2.0,57.7,20,26,7,12,0,1,9,2,430,12381,0,55,15087.566803879,2026-02-21 21:09:50,1,bulk_download
3.6,57.6,20,26,7,12,0,1,9,2,280,4571,0,33,15088.65035801,2026-02-21 21:09:51,1,bulk_download
2.6,57.7,20,26,7,12,0,1,9,2,280,4242,0,32,15089.731824752,2026-02-21 21:09:52,1,bulk_download
4.6,57.8,20,26,7,12,0,1,9,2,690,2621,0,18,15090.813220411,2026-02-21 21:09:53,1,bulk_download
3.3,57.8,20,25,7,12,0,1,9,2,469,3972,0,35,15091.895962849,2026-02-21 21:09:54,1,bulk_download
6.8,57.8,20,25,7,12,0,1,9,2,422,12371,0,55,15092.976981671,2026-02-21 21:09:55,1,bulk_download
18.8,57.7,20,25,7,12,0,1,9,2,1328,10638,0,56,15094.064841495,2026-02-21 21:09:56,1,bulk_download
14.2,57.8,20,25,7,12,0,1,9,2,366,12663,0,55,15095.147283148,2026-02-21 21:09:57,1,bulk_download
15.2,57.8,20,25,7,12,0,1,9,2,476,11946,0,55,15096.233525717,2026-02-21 21:09:58,1,bulk_download
2.1,57.8,20,25,7,12,0,1,9,2,410,11132,0,56,15097.315127453,2026-02-21 21:10:00,1,bulk_download
8.8,57.7,20,25,7,12,0,1,9,2,580,5397,0,35,15098.397500768,2026-02-21 21:10:01,1,bulk_download
13.5,57.7,20,25,7,12,0,1,9,2,2249,13623,0,63,15099.484570259,2026-02-21 21:10:02,1,bulk_download
3.4,57.8,20,26,7,12,0,1,9,2,668,13340,0,59,15100.565315777,2026-02-21 21:10:03,1,bulk_download
1.9,57.7,20,26,7,12,0,1,9,2,280,12749,0,54,15101.646438364,2026-02-21 21:10:04,1,bulk_download
1.9,57.7,20,26,7,12,0,1,9,2,1376,11376,0,58,15102.725966186,2026-02-21 21:10:05,1,bulk_download
13.1,57.8,20,26,7,12,0,1,9,2,280,12009,0,56,15103.806098643,2026-02-21 21:10:06,1,bulk_download
18.0,57.7,20,26,7,12,0,1,9,2,444,4885,0,31,15104.892961887,2026-02-21 21:10:07,1,bulk_download
17.5,57.9,20,25,7,12,0,1,9,2,280,13096,0,54,15105.975994589,2026-02-21 21:10:08,1,bulk_download
15.0,57.9,20,25,7,12,0,1,9,2,280,12792,0,54,15107.056756177,2026-02-21 21:10:09,1,bulk_download
13.7,57.8,20,25,7,12,0,1,9,2,280,11257,0,55,15108.138555985,2026-02-21 21:10:10,1,bulk_download
14.6,57.8,20,25,7,12,0,1,9,2,280,4314,0,34,15109.223702145,2026-02-21 21:10:11,1,bulk_download
16.1,58.0,20,25,7,12,0,1,9,2,788,10174,0,44,15110.306893324,2026-02-21 21:10:13,1,bulk_download
5.0,58.0,20,25,7,12,0,1,9,2,463,12397,0,54,15111.389781736,2026-02-21 21:10:14,1,bulk_download
6.3,57.9,20,25,7,12,0,1,9,2,959,13318,0,58,15112.471594678,2026-02-21 21:10:15,1,bulk_download
2.6,57.8,20,25,7,12,0,1,9,2,766,2904,0,28,15113.552565311,2026-02-21 21:10:16,1,bulk_download
1.9,57.8,20,25,7,12,0,1,9,2,1386,295,0,5,15114.635846871,2026-02-21 21:10:17,1,bulk_download
3.4,57.8,20,25,7,12,0,1,9,2,671,140,0,3,15115.717792002,2026-02-21 21:10:18,1,bulk_download
1.8,57.7,20,25,7,12,0,1,9,2,280,0,0,0,15116.799286898,2026-02-21 21:10:19,1,bulk_download
1.8,57.8,20,25,7,12,0,1,9,2,280,88,0,1,15117.880701142,2026-02-21 21:10:20,1,bulk_download
1.5,57.8,20,25,7,12,0,1,9,2,280,0,0,0,15118.962648878,2026-02-21 21:10:21,1,bulk_download
1.9,57.7,20,25,7,12,0,1,9,2,711,231,0,4,15120.044020732,2026-02-21 21:10:22,1,bulk_download
4.3,57.7,20,25,7,12,0,1,9,2,280,2793,0,25,15121.125541607,2026-02-21 21:10:23,1,bulk_download
2.4,57.8,20,25,7,12,0,1,9,2,458,140,0,2,15122.208047581,2026-02-21 21:10:24,1,bulk_download
2.3,57.8,20,25,7,12,0,1,9,2,922,370,0,4,15123.289795322,2026-02-21 21:10:26,1,bulk_download
10.7,57.8,20,25,7,12,0,1,9,2,552,3243,0,29,15124.371191592,2026-02-21 21:10:27,1,bulk_download
18.4,57.9,20,25,7,12,0,1,9,2,1823,897,0,12,15125.461779627,2026-02-21 21:10:28,1,bulk_download
4.4,57.9,20,25,7,12,0,1,9,2,438,176,0,2,15126.541262546,2026-02-21 21:10:29,1,bulk_download
5.1,57.9,20,25,7,12,0,1,9,2,572,52,0,1,15127.620265022,2026-02-21 21:10:30,1,bulk_download
24.6,57.9,20,25,7,12,0,1,9,2,1329,475,0,5,15128.704736245,2026-02-21 21:10:31,1,bulk_download
20.3,58.0,20,25,7,12,0,1,9,2,366,36,0,1,15129.791654692,2026-02-21 21:10:32,1,bulk_download
20.7,58.0,20,25,7,12,0,1,9,2,280,6202,0,27,15130.876162403,2026-02-21 21:10:33,1,bulk_download
12.5,58.0,20,25,7,12,0,1,9,2,482,4699,0,38,15131.958334259,2026-02-21 21:10:34,1,bulk_download
1.8,58.0,20,25,7,12,0,1,9,2,280,0,0,0,15133.038516338,2026-02-21 21:10:35,1,bulk_download
11.3,57.9,20,25,7,12,0,1,9,2,735,192,0,3,15134.118390511,2026-02-21 21:10:36,1,bulk_download
15.0,58.1,20,25,7,12,0,1,9,2,1836,621,0,8,15135.206757637,2026-02-21 21:10:37,1,bulk_download
11.8,58.0,20,25,7,12,0,1,9,2,476,52,0,1,15136.293479154,2026-02-21 21:10:39,1,bulk_download
2.2,58.1,20,25,7,12,0,1,9,2,410,0,0,0,15137.373433906,2026-02-21 21:10:40,1,bulk_download
1.6,58.0,20,25,7,12,0,1,9,2,1413,424,0,6,15138.453752524,2026-02-21 21:10:41,1,bulk_download
2.2,57.9,20,25,7,12,0,1,9,2,1338,563,0,6,15139.534626292,2026-02-21 21:10:42,1,bulk_download
3.3,58.0,20,25,7,12,0,1,9,2,444,152,0,3,15140.616056095,2026-02-21 21:10:43,1,bulk_download
2.1,58.1,20,25,7,12,0,1,9,2,430,0,0,0,15141.69752442,2026-02-21 21:10:44,1,bulk_download
1.8,58.0,20,25,7,12,0,1,9,2,463,52,0,1,15142.778895833,2026-02-21 21:10:45,1,bulk_download
1.8,58.0,20,25,7,12,0,1,9,2,280,0,0,0,15143.860283015,2026-02-21 21:10:46,1,bulk_download
1.8,58.1,20,25,7,12,0,1,9,2,1586,2794,0,7,15144.941829907,2026-02-21 21:10:47,1,bulk_download
3.4,58.0,20,25,7,12,0,1,9,2,280,88,0,1,15146.0211932,2026-02-21 21:10:48,1,bulk_download
2.4,58.0,20,25,7,12,0,1,9,2,805,1734,0,13,15147.103119035,2026-02-21 21:10:49,1,bulk_download
10.1,58.1,20,25,7,12,0,1,9,2,305074,9349,0,110,15148.187064562,2026-02-21 21:10:50,1,bulk_download
3.3,58.1,20,25,7,12,0,1,9,2,280,3798,0,35,15149.269360513,2026-02-21 21:10:52,1,bulk_download
18.3,58.0,20,25,7,12,0,1,9,2,2680,6660,0,40,15150.351621456,2026-02-21 21:10:53,1,bulk_download
4.4,58.1,22,25,8,12,0,1,11,3,14282,3165,0,17,15151.435297225,2026-02-21 21:10:54,1,bulk_download
2.0,58.1,22,25,8,12,0,1,11,3,2967,712,0,4,15152.516995932,2026-02-21 21:10:55,1,bulk_download
2.6,58.1,21,25,8,12,0,1,10,2,2679,8572,0,46,15153.598968283,2026-02-21 21:10:56,1,bulk_download
2.3,58.0,24,25,9,12,0,1,11,3,5469,16938,0,70,15154.680980981,2026-02-21 21:10:57,1,bulk_download
13.4,58.1,24,25,9,12,0,1,11,3,4127,15348,0,65,15155.760825528,2026-02-21 21:10:58,1,bulk_download
7.0,58.1,22,25,9,12,0,1,10,2,280,4284,0,39,15156.842251092,2026-02-21 21:10:59,1,bulk_download
7.2,58.1,22,25,9,12,0,1,10,2,280,300,0,4,15157.924552943,2026-02-21 21:11:00,1,bulk_download
8.6,58.2,23,25,9,12,1,1,10,2,11867,10688,10,39,15159.006806212,2026-02-21 21:11:01,1,bulk_download
6.2,58.2,23,26,8,12,2,1,10,2,101512,1992,0,32,15160.087033819,2026-02-21 21:11:02,1,bulk_download
4.5,58.2,23,26,8,12,2,1,10,2,382,0,0,0,15161.167965968,2026-02-21 21:11:03,1,bulk_download
5.9,58.2,23,26,8,12,2,1,10,2,1011,3058,0,5,15162.248741493,2026-02-21 21:11:05,1,bulk_download
7.5,58.3,24,26,9,12,2,1,11,2,5825,2137,0,15,15163.328854093,2026-02-21 21:11:06,1,bulk_download
7.5,58.4,23,26,8,12,2,1,10,2,2034,729,0,10,15164.410295679,2026-02-21 21:11:07,1,bulk_download
4.8,58.5,24,25,9,12,2,1,11,2,1494,1557,0,10,15165.491815471,2026-02-21 21:11:08,1,bulk_download
2.5,60.0,20,24,7,12,0,1,9,2,0,0,0,0,17329.494992844,2026-02-21 21:47:12,0,normal
6.9,59.8,20,24,7,12,0,1,9,2,0,0,0,0,17330.586561856,2026-02-21 21:47:13,0,normal
3.6,59.8,20,24,7,12,0,1,9,2,0,0,0,0,17331.665274202,2026-02-21 21:47:14,0,normal
1.1,59.8,21,24,8,12,0,1,10,3,192,52,0,1,17332.744631588,2026-02-21 21:47:15,0,normal
7.8,59.8,21,24,8,12,0,1,10,3,0,0,0,0,17333.822990618,2026-02-21 21:47:16,0,normal
10.7,59.7,21,24,8,12,0,1,10,3,308,52,0,1,17334.906654375,2026-02-21 21:47:17,0,normal
14.7,59.8,21,24,8,12,0,1,10,3,203,52,0,1,17335.989425337,2026-02-21 21:47:18,0,normal
10.2,59.5,21,24,8,12,0,1,10,3,459,104,0,2,17337.069529974,2026-02-21 21:47:19,0,normal
11.5,59.4,21,24,8,12,0,1,10,3,204,104,0,2,17338.150304739,2026-02-21 21:47:20,0,normal
1.8,59.4,21,24,8,12,0,1,10,3,345,3024,0,5,17339.231890126,2026-02-21 21:47:21,0,normal
23.6,59.2,21,24,8,12,0,1,10,3,307,139,0,2,17340.311887913,2026-02-21 21:47:23,0,normal
9.1,59.2,21,24,8,12,0,1,10,3,0,0,0,0,17341.402054153,2026-02-21 21:47:24,0,normal
11.3,59.3,22,25,9,12,0,1,11,3,1866080,25599,0,250,17342.482338167,2026-02-21 21:47:25,0,normal
3.3,59.3,22,25,9,12,0,1,11,3,1250359,13135,0,122,17343.564666047,2026-02-21 21:47:26,0,normal
8.2,59.3,22,25,9,12,0,1,11,3,813,3142,0,5,17344.647879568,2026-02-21 21:47:27,0,normal
5.4,59.5,23,25,10,12,0,1,12,3,8715,2084,0,13,17345.729715946,2026-02-21 21:47:28,0,normal
2.5,59.5,24,25,10,12,1,1,13,3,11154,6570,0,22,17346.810981893,2026-02-21 21:47:29,0,normal
7.9,59.5,24,25,10,12,1,1,13,3,176523,4172,0,22,17347.892072661,2026-02-21 21:47:30,0,normal
8.1,59.4,24,25,10,12,1,1,13,3,711,3150,0,5,17348.970972768,2026-02-21 21:47:31,0,normal
5.3,59.4,24,25,9,12,2,1,13,3,906,1721,0,6,17350.051638019,2026-02-21 21:47:32,0,normal
4.2,59.2,24,25,9,12,2,1,13,3,102,173,0,1,17351.133032296,2026-02-21 21:47:33,0,normal
3.9,59.1,24,25,9,12,2,1,13,3,141,52,0,1,17352.213685473,2026-02-21 21:47:34,0,normal
2.5,59.0,24,25,9,12,2,1,13,3,228,52,0,1,17353.293739085,2026-02-21 21:47:36,0,normal
4.3,59.1,24,25,9,12,2,1,13,3,0,0,0,0,17354.375729692,2026-02-21 21:47:37,0,normal
2.1,59.2,24,25,9,12,2,1,13,3,337470,4605,0,29,17355.455716158,2026-02-21 21:47:38,0,normal
3.9,59.1,24,25,9,12,2,1,13,3,630,3150,0,5,17356.536898488,2026-02-21 21:47:39,0,normal
2.7,59.0,24,25,9,12,2,1,13,3,1491,6765,0,11,17357.619284416,2026-02-21 21:47:40,0,normal
3.0,59.2,24,25,9,12,2,1,13,3,720,52,0,1,17358.699872251,2026-02-21 21:47:41,0,normal
6.0,59.2,24,25,9,12,2,1,13,3,0,0,0,0,17359.779345173,2026-02-21 21:47:42,0,normal
8.6,59.3,24,25,9,12,2,1,13,3,268191,4188,0,22,17360.859857997,2026-02-21 21:47:43,0,normal
11.0,59.3,24,25,9,12,2,1,13,3,128932,9203,0,18,17361.943171957,2026-02-21 21:47:44,0,normal
6.2,59.3,24,25,9,12,2,1,13,3,392,52,0,1,17363.026863436,2026-02-21 21:47:45,0,normal
9.5,59.3,25,25,10,12,2,1,14,3,6864,6915,0,16,17364.106272158,2026-02-21 21:47:46,0,normal
3.8,59.4,24,27,9,12,2,1,13,4,1776,11143,0,14,17365.186615573,2026-02-21 21:47:47,0,normal
7.4,59.4,23,25,8,12,2,1,12,3,7334,4021,0,16,17366.266073627,2026-02-21 21:47:49,0,normal
3.2,59.4,23,25,8,12,2,1,12,3,468,8294,0,8,17367.346872077,2026-02-21 21:47:50,0,normal
5.5,59.4,23,25,8,12,2,1,12,3,0,0,0,0,17368.428052013,2026-02-21 21:47:51,0,normal
11.7,59.4,23,25,8,12,2,1,12,3,351764,28100,0,49,17369.510706786,2026-02-21 21:47:52,0,normal
7.3,59.4,25,25,9,12,2,1,14,3,14064,11393,0,30,17370.592806968,2026-02-21 21:47:53,0,normal
4.6,59.5,23,25,8,12,2,1,12,3,2253,260,0,5,17371.673458984,2026-02-21 21:47:54,0,normal
8.2,59.5,23,25,8,12,2,1,12,3,1844,13710,0,15,17372.756093148,2026-02-21 21:47:55,0,normal
2.0,59.4,23,25,8,12,2,1,12,3,164,52,0,1,17373.836833871,2026-02-21 21:47:56,0,normal
3.5,59.4,22,25,7,12,2,1,11,3,163850,12113,0,28,17374.915043581,2026-02-21 21:47:57,0,normal
5.0,59.5,22,25,7,12,2,1,11,3,640,3090,0,4,17375.99559655,2026-02-21 21:47:58,0,normal
1.9,59.6,22,25,7,12,2,1,11,3,0,0,0,0,17377.076114794,2026-02-21 21:47:59,0,normal
1.8,59.6,22,25,7,12,2,1,11,3,322,52,0,1,17378.156068889,2026-02-21 21:48:00,0,normal
5.9,59.5,22,25,7,12,2,1,11,3,0,0,0,0,17379.240432559,2026-02-21 21:48:02,0,normal
7.9,59.5,22,25,7,12,2,1,11,3,0,0,0,0,17380.323896982,2026-02-21 21:48:03,0,normal
4.7,59.6,22,25,7,12,2,1,11,3,254613,5705,0,25,17381.40497631,2026-02-21 21:48:04,0,normal
5.1,59.6,22,25,7,12,2,1,11,3,0,0,0,0,17382.483573428,2026-02-21 21:48:05,0,normal
4.7,59.6,22,25,7,12,2,1,11,3,127475,3703,0,14,17383.564443762,2026-02-21 21:48:06,0,normal
6.3,59.5,22,25,7,12,2,1,11,3,0,0,0,0,17384.644907484,2026-02-21 21:48:07,0,normal
5.6,59.5,22,25,7,12,2,1,11,3,632,3154,0,5,17385.724925349,2026-02-21 21:48:08,0,normal
7.8,59.4,22,25,7,12,2,1,11,3,0,0,0,0,17386.805729018,2026-02-21 21:48:09,0,normal
10.3,59.4,22,25,7,12,2,1,11,3,0,0,0,0,17387.887465979,2026-02-21 21:48:10,0,normal
7.2,59.2,22,25,7,12,2,1,11,3,3532,20761,8,30,17388.973500566,2026-02-21 21:48:11,0,normal
1.9,59.2,23,25,8,12,2,1,12,3,361282,8594,0,43,17390.054942633,2026-02-21 21:48:12,0,normal
11.4,59.3,22,25,7,12,2,1,11,3,1028,180,0,3,17391.143698446,2026-02-21 21:48:13,0,normal
11.1,59.2,22,25,7,12,2,1,11,3,243,225,0,2,17392.225977003,2026-02-21 21:48:14,0,normal
3.1,59.1,22,25,7,12,2,1,11,3,7221,29206,0,32,17393.305892937,2026-02-21 21:48:16,0,normal
3.2,59.1,22,25,7,12,2,1,11,3,397,52,0,1,17394.387468945,2026-02-21 21:48:17,0,normal
4.1,59.2,22,25,7,12,2,1,11,3,162856,11528,0,20,17395.46596251,2026-02-21 21:48:18,0,normal
11.3,59.2,22,25,7,12,2,1,11,3,1172,3369,0,8,17396.546589578,2026-02-21 21:48:19,0,normal
2.5,59.3,22,25,7,12,2,1,11,3,0,12770,0,10,17397.626591734,2026-02-21 21:48:20,0,normal
7.4,59.3,22,25,7,12,2,1,11,3,7099,4370,0,14,17398.70524102,2026-02-21 21:48:21,0,normal
3.2,59.3,22,25,7,12,2,1,11,3,0,0,0,0,17399.785969007,2026-02-21 21:48:22,0,normal
8.9,59.3,22,25,7,12,2,1,11,3,510,15974,0,13,17400.869302144,2026-02-21 21:48:23,0,normal
9.0,59.3,22,25,7,12,2,1,11,3,270758,4516,0,27,17401.955604232,2026-02-21 21:48:24,0,normal
7.4,59.3,24,25,8,12,2,1,13,3,16631,27655,2,44,17403.036581467,2026-02-21 21:48:25,0,normal
6.5,59.3,23,25,8,12,2,1,12,3,128568,4109,0,15,17404.117934878,2026-02-21 21:48:26,0,normal
5.1,59.2,24,25,9,12,2,1,13,3,340,733,0,4,17405.201287741,2026-02-21 21:48:27,0,normal
8.9,59.3,23,25,8,12,2,1,12,3,7483,22356,0,28,17406.280990104,2026-02-21 21:48:29,0,normal
4.7,59.4,23,25,8,12,2,1,12,3,0,0,0,0,17407.362373862,2026-02-21 21:48:30,0,normal
15.1,59.4,22,25,7,12,2,1,11,3,7587,15773,0,28,17408.450490265,2026-02-21 21:48:31,0,normal
6.2,59.3,21,25,7,12,1,1,10,3,84661,3459,0,10,17409.53197434,2026-02-21 21:48:32,0,normal
6.3,59.2,21,25,7,12,1,1,10,3,268236,22850,0,38,17410.62273239,2026-02-21 21:48:33,0,normal
9.3,59.2,21,25,7,12,1,1,10,3,0,0,0,0,17411.704112281,2026-02-21 21:48:34,0,normal
8.5,59.2,21,25,7,12,1,1,10,3,0,0,0,0,17412.789232251,2026-02-21 21:48:35,0,normal
52.6,60.7,20,25,7,12,0,1,9,3,254,52,0,1,17413.889375544,2026-02-21 21:48:36,0,normal
45.5,60.6,20,25,7,12,0,1,9,3,0,12775,0,10,17414.982804326,2026-02-21 21:48:37,0,normal
35.6,60.8,20,25,7,12,0,1,9,3,111560,38581,0,37,17416.073495872,2026-02-21 21:48:38,0,normal
10.6,60.5,20,25,7,12,0,1,9,3,61701,273542,0,204,17417.158570887,2026-02-21 21:48:39,0,normal
4.3,60.5,20,25,7,12,0,1,9,3,21911,511052,0,366,17418.241101136,2026-02-21 21:48:41,0,normal
9.7,60.5,20,25,7,12,0,1,9,3,25185,428615,0,312,17419.321051053,2026-02-21 21:48:42,0,normal
5.5,60.4,20,25,7,12,0,1,9,3,1244,52,0,1,17420.402262879,2026-02-21 21:48:43,0,normal
3.7,60.2,20,25,7,12,0,1,9,3,269811,25836,0,46,17421.48288069,2026-02-21 21:48:44,0,normal
4.2,60.3,20,25,7,12,0,1,9,3,1473,5469,0,6,17422.561638099,2026-02-21 21:48:45,0,normal
2.7,60.3,20,25,7,12,0,1,9,3,642,3154,0,5,17423.644027414,2026-02-21 21:48:46,0,normal
9.2,60.2,20,25,7,12,0,1,9,3,0,0,0,0,17424.726353682,2026-02-21 21:48:47,0,normal
4.6,60.2,20,25,7,12,0,1,9,3,0,0,0,0,17425.807114852,2026-02-21 21:48:48,0,normal
2.0,60.2,20,25,7,12,0,1,9,3,127731,3731,0,15,17426.887223166,2026-02-21 21:48:49,0,normal
3.1,59.9,20,25,7,12,0,1,9,3,0,0,0,0,17427.969117423,2026-02-21 21:48:50,0,normal
6.1,59.5,20,25,7,12,0,1,9,3,176508,3769,0,15,17429.050285637,2026-02-21 21:48:51,0,normal
3.6,59.4,20,25,7,12,0,1,9,3,0,0,0,0,17430.12842671,2026-02-21 21:48:52,0,normal
6.4,59.4,21,25,7,12,0,1,10,3,8783,12055,0,25,17431.208203863,2026-02-21 21:48:53,0,normal
3.5,59.4,20,25,7,12,0,1,9,3,168,0,0,0,17432.292260357,2026-02-21 21:48:55,0,normal
1.9,59.4,20,25,7,12,0,1,9,3,238,225,0,2,17433.372119814,2026-02-21 21:48:56,0,normal
5.0,59.3,20,25,7,12,0,1,9,3,102,52,0,1,17434.454649153,2026-02-21 21:48:57,0,normal
7.1,59.2,20,25,7,12,0,1,9,3,311,3079,0,4,17435.533511949,2026-02-21 21:48:58,0,normal
1.6,59.2,20,25,7,12,0,1,9,3,338938,1348,0,22,17436.614256207,2026-02-21 21:48:59,0,normal
3.6,59.3,20,25,7,12,0,1,9,3,841,3155,0,5,17437.694918771,2026-02-21 21:49:00,0,normal
1.6,59.4,20,25,7,12,0,1,9,3,509,104,0,2,17438.774700323,2026-02-21 21:49:01,0,normal
1.5,59.4,20,25,7,12,0,1,9,3,0,0,0,0,17439.853600961,2026-02-21 21:49:02,0,normal
3.2,59.4,20,25,7,12,0,1,9,3,0,0,0,0,17440.932058898,2026-02-21 21:49:03,0,normal
6.1,59.1,20,25,7,12,0,1,9,3,0,0,0,0,17442.012142116,2026-02-21 21:49:04,0,normal
11.7,59.0,20,25,7,12,0,1,9,3,250,52,0,1,17443.097511163,2026-02-21 21:49:05,0,normal
4.6,59.0,20,25,7,12,0,1,9,3,326601,3928,0,18,17444.181578307,2026-02-21 21:49:06,1,udp_flood
3.9,59.1,20,25,7,12,0,1,9,3,228707,3460,0,10,17445.262042549,2026-02-21 21:49:08,1,udp_flood
4.4,59.1,20,25,7,12,0,1,9,3,112116,3094,0,4,17446.349215742,2026-02-21 21:49:09,1,udp_flood
7.8,58.5,20,25,7,12,0,1,9,3,101456,0,0,0,17447.430564614,2026-02-21 21:49:10,1,udp_flood
2.6,58.4,20,25,7,12,0,1,9,3,101265,91,0,2,17448.510795128,2026-02-21 21:49:11,1,udp_flood
7.4,58.4,20,25,7,12,0,1,9,3,105602,28,0,1,17449.593858959,2026-02-21 21:49:12,1,udp_flood
7.8,58.3,20,25,7,12,0,1,9,3,106188,0,0,0,17450.674603057,2026-02-21 21:49:13,1,udp_flood
4.7,58.3,20,25,7,12,0,1,9,3,453186,4653,0,30,17451.755300487,2026-02-21 21:49:14,1,udp_flood
4.2,58.4,22,25,9,12,0,1,9,3,114968,6009,0,23,17452.835818782,2026-02-21 21:49:15,1,udp_flood
6.7,58.4,22,25,9,12,0,1,9,3,142118,652,0,13,17453.916373674,2026-02-21 21:49:16,1,udp_flood
9.1,58.3,22,25,9,12,0,1,9,3,104406,0,0,0,17454.998596928,2026-02-21 21:49:17,1,udp_flood
12.7,58.3,22,26,9,12,0,1,9,4,216904,13679,5,32,17456.083332867,2026-02-21 21:49:18,1,udp_flood
6.7,58.3,22,25,9,12,0,1,9,3,164057,7478,0,20,17457.163950096,2026-02-21 21:49:19,1,udp_flood
5.9,58.4,22,25,9,12,0,1,9,3,105843,16604,0,17,17458.243230226,2026-02-21 21:49:21,1,udp_flood
8.5,58.3,23,25,9,12,0,1,10,3,109347,5624,0,15,17459.322765936,2026-02-21 21:49:22,1,udp_flood
3.9,58.4,22,25,9,12,0,1,9,3,102779,18893,0,17,17460.404444027,2026-02-21 21:49:23,1,udp_flood
13.2,58.3,22,25,9,12,0,1,9,3,109218,1467,0,3,17461.485805453,2026-02-21 21:49:24,1,udp_flood
9.0,58.2,22,25,9,12,0,1,9,3,102172,52,0,1,17462.565764137,2026-02-21 21:49:25,1,udp_flood
5.4,58.1,22,25,9,12,0,1,9,3,109839,18447,0,26,17463.644361626,2026-02-21 21:49:26,1,udp_flood
4.2,58.2,22,25,9,12,0,1,9,3,381873,7875,0,31,17464.724978615,2026-02-21 21:49:27,1,udp_flood
10.6,58.3,22,26,9,12,0,1,9,3,239964,13311,2,32,17465.805904804,2026-02-21 21:49:28,1,udp_flood
2.8,58.3,22,26,9,12,0,1,9,3,101771,52,0,1,17466.884741642,2026-02-21 21:49:29,1,udp_flood
11.0,58.4,22,26,9,12,0,1,9,3,104430,3027,0,3,17467.966146881,2026-02-21 21:49:30,1,udp_flood
12.6,58.3,22,26,9,12,0,1,9,3,100399,128,0,2,17469.048897975,2026-02-21 21:49:31,1,udp_flood
52.6,59.4,23,26,9,12,0,1,10,3,119687,112003,0,94,17470.145428668,2026-02-21 21:49:32,1,udp_flood
44.5,60.3,22,26,9,12,0,1,9,3,108255,243,0,4,17471.238957609,2026-02-21 21:49:34,1,udp_flood
38.1,60.9,22,26,9,12,0,1,9,3,443293,34850,0,40,17472.336901534,2026-02-21 21:49:35,1,udp_flood
12.6,59.9,22,26,9,12,0,1,9,3,135578,406355,0,293,17473.421015887,2026-02-21 21:49:36,1,udp_flood
14.1,59.8,22,26,9,12,0,1,9,3,130085,668950,0,487,17474.506199796,2026-02-21 21:49:37,1,udp_flood
13.3,59.6,22,26,9,12,0,1,9,3,109703,11903,0,17,17475.597856232,2026-02-21 21:49:38,1,udp_flood
6.1,59.6,22,26,9,12,0,1,9,3,96158,2877,0,3,17476.678273146,2026-02-21 21:49:39,1,udp_flood
5.2,59.3,22,26,9,12,0,1,9,3,101857,139,0,2,17477.758111705,2026-02-21 21:49:40,1,udp_flood
3.9,59.4,22,26,9,12,0,1,9,3,440997,4488,0,27,17478.837591009,2026-02-21 21:49:41,1,udp_flood
6.7,59.5,22,26,9,12,0,1,9,3,102066,11451,0,13,17479.918377215,2026-02-21 21:49:42,1,udp_flood
12.1,59.5,22,26,9,12,0,1,9,3,98031,104,0,2,17481.001370213,2026-02-21 21:49:43,1,udp_flood
6.6,59.8,23,26,10,12,0,1,10,3,111774,14463,0,19,17482.085177339,2026-02-21 21:49:44,1,udp_flood
6.9,59.7,22,26,9,12,0,1,9,3,110815,6431,0,11,17483.164114495,2026-02-21 21:49:45,1,udp_flood
5.5,59.4,22,26,9,12,0,1,9,3,106955,18843,0,16,17484.24630101,2026-02-21 21:49:47,1,udp_flood
4.3,59.3,23,26,10,12,0,1,10,3,196830,7500,0,21,17485.328221846,2026-02-21 21:49:48,1,udp_flood
5.4,59.2,22,26,9,12,0,1,9,3,114192,7563,0,17,17486.409878777,2026-02-21 21:49:49,1,udp_flood
6.9,59.3,22,26,9,12,0,1,9,3,97392,28,0,1,17487.491518496,2026-02-21 21:49:50,1,udp_flood
3.7,59.1,22,26,9,12,0,1,9,3,408926,3949,0,18,17488.575113634,2026-02-21 21:49:51,1,udp_flood
4.9,59.1,22,26,9,12,0,1,9,3,102458,6332,0,13,17489.656309399,2026-02-21 21:49:52,1,udp_flood
8.0,59.2,22,26,9,12,0,1,9,3,106790,0,0,0,17490.737030363,2026-02-21 21:49:53,1,udp_flood
10.9,59.1,22,26,9,12,0,1,9,3,105074,28,0,1,17491.815846663,2026-02-21 21:49:54,1,udp_flood
4.4,59.1,22,26,9,12,0,1,9,3,110286,2928,0,4,17492.897756538,2026-02-21 21:49:55,1,udp_flood
9.6,59.2,22,26,9,12,0,1,9,3,279556,3879,0,17,17493.977572755,2026-02-21 21:49:56,1,udp_flood
39.8,60.4,22,26,9,12,0,1,9,3,103256,3156,0,5,17495.062830092,2026-02-21 21:49:57,1,udp_flood
47.9,60.2,22,25,9,12,0,1,9,3,103894,96770,0,70,17496.148802682,2026-02-21 21:49:58,1,udp_flood
35.0,60.7,22,25,9,12,0,1,9,3,47514,98293,0,75,17497.234792254,2026-02-21 21:49:59,0,normal
15.8,60.4,22,25,9,12,0,1,9,3,4057,221371,0,159,17498.314401892,2026-02-21 21:50:01,0,normal
11.0,60.2,23,25,10,12,0,1,10,3,37835,705074,0,521,17499.39642486,2026-02-21 21:50:02,0,normal
20.4,59.8,23,25,10,12,0,1,10,3,348101,189485,0,168,17500.485498068,2026-02-21 21:50:03,0,normal
8.5,59.8,23,25,10,12,0,1,10,3,2436,6314,0,10,17501.573867095,2026-02-21 21:50:04,0,normal
8.9,60.0,23,25,10,12,0,1,10,3,1181,345,0,3,17502.654037767,2026-02-21 21:50:05,0,normal
22.1,59.2,26,28,13,12,0,1,13,3,75373,42253,4,81,17503.739097393,2026-02-21 21:50:06,0,normal
12.8,59.1,27,28,14,12,0,1,14,3,509509,25459,4,204,17504.825711547,2026-02-21 21:50:07,0,normal
10.2,59.0,27,28,14,12,0,1,14,3,1631,707,0,5,17505.907187528,2026-02-21 21:50:08,0,normal
3.6,59.0,27,28,14,12,0,1,14,3,1103,317,0,2,17506.991905704,2026-02-21 21:50:09,0,normal
7.7,58.9,27,28,14,12,0,1,14,3,2186,5255,0,10,17508.075956026,2026-02-21 21:50:10,0,normal
9.7,58.9,27,28,13,12,1,1,14,3,280,445,0,4,17509.160425014,2026-02-21 21:50:11,0,normal
6.3,59.1,27,28,13,12,1,1,14,3,1601,3440,0,9,17510.240656419,2026-02-21 21:50:13,0,normal
10.5,59.4,27,28,13,12,1,1,14,3,1215097,5616,0,89,17511.322826623,2026-02-21 21:50:14,0,normal
16.1,59.5,27,28,13,12,1,1,14,3,3390326,24407,0,211,17512.406566332,2026-02-21 21:50:15,0,normal
12.1,59.5,27,28,13,12,1,1,14,3,1103,317,0,2,17513.489679226,2026-02-21 21:50:16,0,normal
3.2,59.2,27,28,13,12,1,1,14,3,1931,3163,0,6,17514.576905107,2026-02-21 21:50:17,0,normal
7.3,59.1,27,28,13,12,1,1,14,3,1103,317,0,2,17515.66575149,2026-02-21 21:50:18,0,normal
9.5,58.8,27,28,13,12,1,1,14,3,12972,1106,0,12,17516.746142374,2026-02-21 21:50:19,0,normal
3.9,58.8,27,28,13,12,1,1,14,3,1117,317,0,2,17517.8276318,2026-02-21 21:50:20,0,normal
5.8,58.7,27,28,13,12,1,1,14,3,90927,3741,0,11,17518.909094306,2026-02-21 21:50:21,0,normal
3.9,58.7,27,28,13,12,1,1,14,3,1475989,5687,0,90,17519.990828311,2026-02-21 21:50:22,0,normal
6.4,58.9,27,28,13,12,1,1,14,3,1387,369,0,3,17521.072708581,2026-02-21 21:50:23,0,normal
8.5,59.1,28,28,13,12,2,1,14,3,109394,2891,0,37,17522.152372942,2026-02-21 21:50:24,0,normal
15.9,58.9,29,28,12,12,4,1,14,3,72759,2820,0,35,17523.233953149,2026-02-21 21:50:25,0,normal
9.3,58.9,29,28,12,12,4,1,14,3,1365032,113453,5,180,17524.315186785,2026-02-21 21:50:27,0,normal
2.3,58.9,29,28,12,12,4,1,14,3,683,139,0,2,17525.392053385,2026-02-21 21:50:28,0,normal
3.9,58.9,29,28,12,12,4,1,14,3,2281,74554,0,56,17526.47181523,2026-02-21 21:50:29,0,normal
5.3,58.9,30,28,13,12,4,1,14,3,13574,3311,0,24,17527.55164978,2026-02-21 21:50:30,0,normal
4.2,59.0,30,28,13,12,4,1,14,3,11484,3663,0,22,17528.633395167,2026-02-21 21:50:31,0,normal
13.8,59.0,34,28,12,12,9,1,14,3,1832504,24371,0,237,17529.716916327,2026-02-21 21:50:32,0,normal
3.5,59.0,34,28,12,12,9,1,14,3,0,0,0,0,17530.799395199,2026-02-21 21:50:33,0,normal
52.0,59.8,34,27,12,12,9,1,14,3,710,40822,0,31,17531.886597857,2026-02-21 21:50:34,0,normal
70.0,60.0,34,27,12,12,9,1,14,3,3771,59648,0,47,17532.991122021,2026-02-21 21:50:35,0,normal
78.1,60.3,36,26,14,12,9,1,15,3,36712,1110064,0,813,17534.113431012,2026-02-21 21:50:36,0,normal
52.2,60.6,50,28,22,12,9,1,16,4,83774,3313898,0,2410,17535.211801397,2026-02-21 21:50:37,0,normal
17.8,61.0,82,26,56,12,9,1,17,3,488422,1266909,0,1308,17536.298742735,2026-02-21 21:50:39,0,normal
19.6,61.3,101,26,79,12,9,1,16,3,1409494,1414820,0,1524,17537.384527743,2026-02-21 21:50:40,0,normal
20.8,61.4,119,26,97,12,9,1,17,4,1656753,2980409,0,2688,17538.465665349,2026-02-21 21:50:41,0,normal
16.4,61.7,145,26,118,12,9,1,18,4,326488,1320141,0,1361,17539.550451773,2026-02-21 21:50:42,0,normal
24.2,62.9,149,26,127,12,9,1,16,3,662314,2522092,0,2451,17540.635296836,2026-02-21 21:50:43,0,normal
23.9,62.1,163,26,141,12,9,1,16,3,562521,1372540,0,1557,17541.720945157,2026-02-21 21:50:44,0,normal
17.6,62.4,163,25,141,12,9,1,16,3,449056,2069900,0,1826,17542.807150714,2026-02-21 21:50:45,0,normal
13.0,62.5,162,25,140,12,9,1,16,3,234067,987540,0,736,17543.889457104,2026-02-21 21:50:46,0,normal
11.9,62.5,161,25,139,12,9,1,16,3,1598814,398783,0,361,17544.973186754,2026-02-21 21:50:47,0,normal
11.7,63.2,105,25,83,12,9,1,17,3,48467,650365,2,692,17546.063371779,2026-02-21 21:50:48,0,normal
11.8,62.5,37,25,15,12,9,1,16,3,70949,1778696,0,1525,17547.142634627,2026-02-21 21:50:49,0,normal
4.8,62.5,37,25,15,12,9,1,16,3,62287,1784272,0,1283,17548.221234831,2026-02-21 21:50:50,0,normal
4.8,62.3,37,25,15,12,9,1,16,3,109596,2587399,0,1858,17549.301759237,2026-02-21 21:50:52,0,normal
5.4,62.2,37,25,15,12,9,1,16,3,77006,829538,0,612,17550.384274518,2026-02-21 21:50:53,0,normal
8.8,61.8,37,25,15,12,9,1,16,3,1453906,1047799,0,843,17551.46514356,2026-02-21 21:50:54,0,normal
5.3,62.1,37,25,15,12,9,1,16,3,38949,901285,0,660,17552.545231005,2026-02-21 21:50:55,0,normal
2.2,62.0,37,25,15,12,9,1,16,3,49111,1225830,0,888,17553.625347194,2026-02-21 21:50:56,0,normal
4.3,61.8,37,25,15,12,9,1,16,3,1528045,1351477,0,1103,17554.705182155,2026-02-21 21:50:57,0,normal
11.5,61.2,38,25,13,12,9,1,16,3,37189,1016905,0,737,17555.784136765,2026-02-21 21:50:58,0,normal
14.4,61.1,37,25,15,12,9,1,16,3,45540,1276797,0,926,17556.868353679,2026-02-21 21:50:59,0,normal
12.2,61.2,36,25,13,12,9,1,16,3,39975,460439,0,350,17557.952333259,2026-02-21 21:51:00,0,normal
7.8,61.1,35,25,13,12,9,1,15,3,1130,128,0,2,17559.034780392,2026-02-21 21:51:01,0,normal
6.6,60.9,35,25,13,12,9,1,15,3,0,0,0,0,17560.115103,2026-02-21 21:51:02,0,normal
5.6,61.0,35,25,13,12,9,1,15,3,963762,7151,0,70,17561.195803544,2026-02-21 21:51:03,0,normal
13.0,60.7,35,25,13,12,9,1,15,3,748774,2642,0,43,17562.275830055,2026-02-21 21:51:05,0,normal
3.5,60.7,35,25,13,12,9,1,15,3,1209,390,0,6,17563.357113705,2026-02-21 21:51:06,0,normal
7.4,60.8,35,25,13,12,9,1,15,3,0,0,0,0,17564.441440516,2026-02-21 21:51:07,0,normal
6.5,60.7,35,25,13,12,9,1,15,3,0,0,0,0,17565.521258145,2026-02-21 21:51:08,0,normal
20.5,61.0,35,25,13,12,9,1,15,3,0,0,0,0,17566.604496263,2026-02-21 21:51:09,0,normal
13.7,60.8,35,25,13,12,9,1,15,3,3928,105702,0,80,17567.688543169,2026-02-21 21:51:10,0,normal
4.2,60.7,35,25,13,12,9,1,15,3,2165586,11327,0,138,17568.768302739,2026-02-21 21:51:11,0,normal
1.8,60.7,35,25,13,12,9,1,15,3,899,16494,0,15,17569.8490325,2026-02-21 21:51:12,0,normal
3.0,60.8,35,25,13,12,9,1,15,3,0,0,0,0,17570.929519093,2026-02-21 21:51:13,0,normal
1.5,60.8,35,25,13,12,9,1,15,3,277,104,0,2,17572.010673331,2026-02-21 21:51:14,0,normal
6.5,60.7,35,25,14,12,8,1,14,3,2030,1740,0,11,17573.090545933,2026-02-21 21:51:15,0,normal
13.0,60.7,36,25,15,12,8,1,14,3,17750,1895,0,15,17574.17570217,2026-02-21 21:51:16,0,normal
11.1,60.7,37,25,16,12,8,1,14,3,1449243,20640,0,126,17575.257383156,2026-02-21 21:51:18,0,normal
8.9,60.7,38,25,17,12,8,1,15,3,385673,10905,5,94,17576.340691887,2026-02-21 21:51:19,0,normal
10.5,60.7,39,25,18,12,8,1,15,3,67871,2559,0,28,17577.426229409,2026-02-21 21:51:20,0,normal
8.9,60.8,37,25,16,12,8,1,15,3,16617,600,0,12,17578.505297812,2026-02-21 21:51:21,0,normal
2.9,60.9,37,25,16,12,8,1,15,3,0,0,0,0,17579.586700647,2026-02-21 21:51:22,0,normal
3.4,61.1,37,25,16,12,8,1,15,3,7134,18813,0,25,17580.667369594,2026-02-21 21:51:23,0,normal
1.6,61.1,37,25,16,12,8,1,15,3,0,0,0,0,17581.74758549,2026-02-21 21:51:24,0,normal
4.1,61.1,37,25,16,12,8,1,15,3,0,0,0,0,17582.826302934,2026-02-21 21:51:25,0,normal
12.0,61.1,37,25,16,12,8,1,15,3,690939,6204,0,53,17583.908555944,2026-02-21 21:51:26,0,normal
5.0,61.0,38,25,17,12,8,1,16,3,402,857,0,5,17584.990525851,2026-02-21 21:51:27,0,normal
2.9,60.9,34,25,16,12,5,1,15,3,7923,13170,5,25,17586.070299859,2026-02-21 21:51:28,0,normal
2.6,60.8,34,25,16,12,5,1,15,3,0,0,0,0,17587.151790717,2026-02-21 21:51:29,0,normal
6.5,60.8,35,25,17,12,5,1,16,3,5485,1971,0,10,17588.235278063,2026-02-21 21:51:31,0,normal
6.6,60.9,37,25,18,12,6,1,16,3,128313,11999,0,67,17589.315284346,2026-02-21 21:51:32,0,normal
6.1,61.0,37,25,17,12,7,1,16,3,64558,1511,0,25,17590.3949017,2026-02-21 21:51:33,0,normal
11.0,61.1,38,25,17,12,7,1,17,4,0,60,0,1,17591.476945335,2026-02-21 21:51:34,0,normal
4.4,61.0,39,25,17,12,7,1,17,4,17478,46148,0,48,17592.558201945,2026-02-21 21:51:35,0,normal
4.3,60.9,34,25,17,12,2,1,17,4,9163,63361,0,59,17593.639579792,2026-02-21 21:51:36,0,normal
2.4,60.9,34,25,17,12,2,1,17,4,7838,2845,0,16,17594.721099095,2026-02-21 21:51:37,0,normal
5.1,60.8,34,25,17,12,2,1,17,4,828,3526,0,7,17595.801824577,2026-02-21 21:51:38,0,normal
3.0,60.8,34,25,18,12,2,1,18,4,5669,2433,0,10,17596.881926791,2026-02-21 21:51:39,0,normal
3.0,60.9,33,25,16,12,3,1,17,4,1132,372,0,7,17597.962880953,2026-02-21 21:51:40,0,normal
6.0,60.9,32,25,16,12,3,1,16,3,745,5834,0,9,17599.047300419,2026-02-21 21:51:41,0,normal
5.0,60.9,32,25,16,12,3,1,16,3,0,0,0,0,17600.127623325,2026-02-21 21:51:42,0,normal
8.7,60.9,32,25,16,12,3,1,16,3,0,8057,0,7,17601.208503628,2026-02-21 21:51:43,0,normal
3.3,60.9,32,25,16,12,3,1,16,3,573,80,0,2,17602.290270776,2026-02-21 21:51:45,0,normal
7.5,60.9,33,25,17,12,3,1,16,4,10885462,15412,0,385,17603.369509448,2026-02-21 21:51:46,1,tcp_bandwidth_exhaustion
11.9,60.9,33,25,17,12,3,1,16,4,24716684,32760,0,819,17604.449438977,2026-02-21 21:51:47,1,tcp_bandwidth_exhaustion
7.5,61.2,33,25,17,12,3,1,16,4,28362612,46150,0,953,17605.529552521,2026-02-21 21:51:48,1,tcp_bandwidth_exhaustion
9.1,61.1,33,25,17,12,3,1,16,4,29943952,36240,0,906,17606.611112249,2026-02-21 21:51:49,1,tcp_bandwidth_exhaustion
6.6,60.8,33,25,17,12,3,1,16,4,25859218,38480,0,962,17607.692101447,2026-02-21 21:51:50,1,tcp_bandwidth_exhaustion
5.6,60.8,33,25,17,12,3,1,16,4,23222944,38722,0,834,17608.772654145,2026-02-21 21:51:51,1,tcp_bandwidth_exhaustion
4.0,60.8,34,25,18,12,3,1,16,5,29509722,53052,0,1326,17609.854528133,2026-02-21 21:51:52,1,tcp_bandwidth_exhaustion
5.1,60.8,33,25,17,12,3,1,16,4,28652166,49280,0,1232,17610.935831591,2026-02-21 21:51:53,1,tcp_bandwidth_exhaustion
5.6,60.9,33,25,17,12,3,1,16,4,25707673,40732,0,1018,17612.016633306,2026-02-21 21:51:54,1,tcp_bandwidth_exhaustion
10.6,60.9,33,25,17,12,3,1,16,4,29787930,51360,0,1284,17613.096823454,2026-02-21 21:51:55,1,tcp_bandwidth_exhaustion
20.3,60.8,35,24,18,12,3,1,17,5,32665001,60095,0,1364,17614.180419845,2026-02-21 21:51:56,1,tcp_bandwidth_exhaustion
12.3,60.9,34,24,17,12,3,1,17,4,26482438,42186,0,972,17615.262031761,2026-02-21 21:51:58,1,tcp_bandwidth_exhaustion
18.7,61.0,34,24,18,12,3,1,17,4,28452877,47047,0,1159,17616.342502175,2026-02-21 21:51:59,1,tcp_bandwidth_exhaustion
8.2,61.0,35,24,18,12,3,1,17,5,27296740,58580,0,1099,17617.424587229,2026-02-21 21:52:00,1,tcp_bandwidth_exhaustion
9.4,61.0,34,24,18,12,3,1,17,4,31947487,64651,0,1402,17618.506945766,2026-02-21 21:52:01,1,tcp_bandwidth_exhaustion
16.6,61.1,34,24,18,12,3,1,17,4,26822005,51282,0,1102,17619.589642268,2026-02-21 21:52:02,1,tcp_bandwidth_exhaustion
9.3,61.0,36,24,19,12,3,1,18,5,32518181,63339,0,1579,17620.672194309,2026-02-21 21:52:03,1,tcp_bandwidth_exhaustion
8.3,61.2,35,24,19,12,3,1,18,4,27795339,70925,0,1201,17621.753586893,2026-02-21 21:52:04,1,tcp_bandwidth_exhaustion
5.9,61.1,35,24,19,12,3,1,18,4,34680866,38370,0,939,17622.834539151,2026-02-21 21:52:05,1,tcp_bandwidth_exhaustion
13.9,61.0,36,24,20,12,3,1,18,5,29404637,50978,0,1073,17623.916174351,2026-02-21 21:52:06,1,tcp_bandwidth_exhaustion
10.2,61.1,34,24,18,12,3,1,17,4,30656258,45900,0,1146,17624.999813482,2026-02-21 21:52:07,1,tcp_bandwidth_exhaustion
12.1,61.1,35,24,19,12,3,1,18,4,33407202,63972,0,1437,17626.08076016,2026-02-21 21:52:08,1,tcp_bandwidth_exhaustion
7.2,61.0,35,24,19,12,3,1,17,5,29252300,42629,0,1009,17627.161597322,2026-02-21 21:52:09,1,tcp_bandwidth_exhaustion
10.5,61.0,34,24,18,12,3,1,17,4,23322352,35948,0,899,17628.242028994,2026-02-21 21:52:11,1,tcp_bandwidth_exhaustion
13.2,60.9,35,24,19,12,3,1,18,4,23229463,50665,0,899,17629.32263359,2026-02-21 21:52:12,1,tcp_bandwidth_exhaustion
13.4,60.9,35,24,18,12,3,1,18,4,20398540,30262,0,660,17630.407997898,2026-02-21 21:52:13,1,tcp_bandwidth_exhaustion
13.1,60.9,34,24,18,12,3,1,17,4,22539526,31298,0,583,17631.491582105,2026-02-21 21:52:14,1,tcp_bandwidth_exhaustion
11.3,61.0,34,24,18,12,3,1,16,5,21498902,30455,0,758,17632.576064388,2026-02-21 21:52:15,1,tcp_bandwidth_exhaustion
15.4,61.1,34,24,18,12,3,1,17,4,22476574,48384,0,855,17633.657707523,2026-02-21 21:52:16,1,tcp_bandwidth_exhaustion
7.3,61.0,33,24,17,12,3,1,16,4,21705637,39262,0,843,17634.741582607,2026-02-21 21:52:17,1,tcp_bandwidth_exhaustion
10.3,61.1,33,24,17,12,3,1,16,4,19444652,49704,0,638,17635.824975155,2026-02-21 21:52:18,1,tcp_bandwidth_exhaustion
9.8,61.2,33,24,17,12,3,1,16,4,21158322,26946,0,670,17636.904672167,2026-02-21 21:52:19,1,tcp_bandwidth_exhaustion
52.7,62.3,33,24,17,12,3,1,16,4,22955474,32600,0,815,17637.993780842,2026-02-21 21:52:20,1,tcp_bandwidth_exhaustion
62.6,62.1,33,24,17,12,3,1,16,4,18105316,24452,0,611,17639.087896574,2026-02-21 21:52:21,1,tcp_bandwidth_exhaustion
43.7,62.6,33,24,17,12,3,1,16,4,22406552,120625,0,663,17640.182433957,2026-02-21 21:52:22,1,tcp_bandwidth_exhaustion
32.5,61.7,32,24,16,12,3,1,16,3,20308118,730516,0,1160,17641.266510969,2026-02-21 21:52:24,0,normal
17.7,61.9,33,24,17,12,3,1,16,3,44738,417853,0,313,17642.348360301,2026-02-21 21:52:25,0,normal
13.9,61.8,33,24,17,12,3,1,16,3,1306,369,0,3,17643.431891088,2026-02-21 21:52:26,0,normal
7.8,61.7,33,24,17,12,3,1,16,3,856,83037,0,61,17644.513536147,2026-02-21 21:52:27,0,normal
5.5,61.9,33,24,17,12,3,1,16,3,6425,63299,0,51,17645.593855727,2026-02-21 21:52:28,0,normal
4.6,62.0,33,24,17,12,3,1,16,3,2511,1556,0,8,17646.672096137,2026-02-21 21:52:29,0,normal
7.5,62.0,33,24,17,12,3,1,16,3,1103,317,0,2,17647.750194369,2026-02-21 21:52:30,0,normal
9.0,62.0,33,24,17,12,3,1,16,3,1103,52,0,1,17648.828341654,2026-02-21 21:52:31,0,normal
5.3,62.0,33,24,17,12,3,1,16,3,1103,317,0,2,17649.908597936,2026-02-21 21:52:32,0,normal
9.9,62.0,31,26,17,12,1,1,17,4,1359,3387,2,9,17650.995269187,2026-02-21 21:52:33,0,normal
17.6,62.3,31,24,17,12,1,1,16,3,3761,1908,6,12,17652.083139127,2026-02-21 21:52:34,0,normal
13.5,62.3,31,24,17,12,1,1,16,3,1117,317,0,2,17653.168501672,2026-02-21 21:52:35,0,normal
9.2,60.5,32,24,18,12,1,1,16,3,2597,47966,0,44,17654.250260083,2026-02-21 21:52:37,0,normal
14.0,60.3,32,24,18,12,1,1,16,3,13721,71428,0,60,17655.33311386,2026-02-21 21:52:38,0,normal
12.0,60.4,32,24,18,12,1,1,16,3,3347,100659,0,77,17656.419453428,2026-02-21 21:52:39,0,normal
9.7,60.3,32,24,18,12,1,1,16,3,3956,560,0,6,17657.502817954,2026-02-21 21:52:40,0,normal
1.6,60.3,32,24,17,12,2,1,16,3,1371,397,0,4,17658.582513434,2026-02-21 21:52:41,0,normal
3.1,60.4,32,24,18,12,1,1,17,3,8928,13514,0,26,17659.662328508,2026-02-21 21:52:42,0,normal
13.0,60.3,31,24,17,12,1,1,16,3,2155,497,0,5,17660.74288819,2026-02-21 21:52:43,0,normal
8.2,60.4,33,24,19,12,1,1,17,3,3609,2270,0,16,17661.826787608,2026-02-21 21:52:44,0,normal
8.8,60.4,33,24,19,12,1,1,16,3,9325,17607,0,32,17662.909600469,2026-02-21 21:52:45,0,normal
6.9,60.4,35,24,21,12,1,1,16,3,53069,4767,0,45,17663.991163924,2026-02-21 21:52:46,0,normal
5.6,60.4,36,24,22,12,1,1,16,3,18894,2200,0,17,17665.071901059,2026-02-21 21:52:47,0,normal
13.7,60.5,38,24,23,12,2,1,16,3,143371,5455,0,65,17666.153470265,2026-02-21 21:52:48,0,normal
8.8,60.6,37,24,21,12,3,1,15,3,62800,1395,0,23,17667.236413941,2026-02-21 21:52:50,0,normal
11.1,60.4,38,24,22,12,3,1,16,3,9180,119049,0,95,17668.325187728,2026-02-21 21:52:51,0,normal
2.2,60.3,37,24,21,12,3,1,15,3,2335,319,0,5,17669.405537495,2026-02-21 21:52:52,0,normal
8.5,60.3,37,24,21,12,3,1,15,3,299,2933,0,4,17670.487512994,2026-02-21 21:52:53,0,normal
6.5,60.2,37,24,21,12,3,1,15,3,0,0,0,0,17671.570623302,2026-02-21 21:52:54,0,normal
8.4,60.2,38,24,21,12,3,1,16,3,7272,9617,0,21,17672.651913524,2026-02-21 21:52:55,0,normal
10.5,60.3,40,25,24,12,3,1,16,3,126162,27439,2,101,17673.731690527,2026-02-21 21:52:56,0,normal
7.8,60.3,41,25,22,12,5,1,17,3,160564,36312,0,79,17674.815790552,2026-02-21 21:52:57,0,normal
11.1,60.4,42,27,22,12,7,1,17,3,451216,52286,2,208,17675.899091969,2026-02-21 21:52:58,0,normal
2.8,60.4,43,27,23,12,7,1,18,3,1036,1501,0,9,17676.981091111,2026-02-21 21:52:59,0,normal
5.3,60.6,42,27,22,12,7,1,17,3,5978,2565,0,8,17678.061151296,2026-02-21 21:53:00,0,normal
3.2,60.7,42,27,22,12,7,1,17,3,435,2885,0,5,17679.142609884,2026-02-21 21:53:01,0,normal
5.7,60.6,42,27,22,12,7,1,17,3,0,0,0,0,17680.225750169,2026-02-21 21:53:02,0,normal
11.8,61.0,42,27,21,12,8,1,17,3,1128657,12732,0,100,17681.307292084,2026-02-21 21:53:04,0,normal
10.6,61.2,42,27,21,12,8,1,17,3,1436694,15588,0,120,17682.387354663,2026-02-21 21:53:05,0,normal
6.0,61.2,42,27,21,12,8,1,17,3,3952,6593,0,10,17683.470629361,2026-02-21 21:53:06,0,normal
7.7,61.2,42,27,21,12,8,1,17,3,347745,2348,0,35,17684.552660091,2026-02-21 21:53:07,0,normal
8.1,60.8,42,27,21,12,8,1,17,3,110274,8948,0,18,17685.638406406,2026-02-21 21:53:08,0,normal
8.4,60.7,42,27,21,12,8,1,17,3,1070267,11642,0,85,17686.718087859,2026-02-21 21:53:09,0,normal
3.9,60.7,42,27,21,12,8,1,17,3,555148,2379,0,39,17687.798841936,2026-02-21 21:53:10,0,normal
1.5,60.7,42,27,21,12,8,1,17,3,503,5697,0,7,17688.878363018,2026-02-21 21:53:11,0,normal
1.9,60.7,42,27,21,12,8,1,17,3,102,420,0,2,17689.959950999,2026-02-21 21:53:12,0,normal
5.4,60.7,42,27,21,12,8,1,17,3,31665,299,0,5,17691.043634664,2026-02-21 21:53:13,0,normal
9.3,60.7,42,27,21,12,8,1,17,3,102,52,0,1,17692.12599843,2026-02-21 21:53:14,0,normal
11.6,60.7,43,27,21,12,8,1,18,3,803665,10250,0,67,17693.206063303,2026-02-21 21:53:15,0,normal
10.7,60.7,43,27,22,12,8,1,18,3,383614,8342,0,34,17694.289607235,2026-02-21 21:53:17,0,normal
9.0,60.6,43,27,21,12,8,1,18,3,885882,10265,0,75,17695.371273654,2026-02-21 21:53:18,0,normal
6.2,60.5,42,27,21,12,8,1,17,3,6699,15217,0,19,17696.453269291,2026-02-21 21:53:19,0,normal
5.4,60.5,43,27,22,12,8,1,18,3,311,733,0,4,17697.534652277,2026-02-21 21:53:20,0,normal
6.4,60.5,42,27,21,12,8,1,17,3,6309,4763,0,11,17698.618783591,2026-02-21 21:53:21,0,normal
8.6,60.5,43,27,22,12,8,1,18,3,666678,20251,0,66,17699.701523174,2026-02-21 21:53:22,0,normal
6.3,60.4,42,27,21,12,8,1,17,3,1388672,11740,0,98,17700.784237087,2026-02-21 21:53:23,0,normal
4.2,60.5,42,27,21,12,8,1,17,3,890,16225,0,15,17701.865413196,2026-02-21 21:53:24,0,normal
6.7,60.5,42,27,21,12,8,1,17,3,0,0,0,0,17702.947320277,2026-02-21 21:53:25,0,normal
5.8,60.5,42,27,21,12,8,1,17,3,1642,19626,0,20,17704.030578833,2026-02-21 21:53:26,0,normal
3.5,60.5,42,26,21,12,8,1,17,3,298,52,0,1,17705.110032047,2026-02-21 21:53:27,0,normal
6.3,60.6,42,26,21,12,8,1,17,3,0,0,0,0,17706.189101512,2026-02-21 21:53:28,0,normal
4.9,60.5,43,26,21,12,8,1,18,3,2867287,14568,0,188,17707.274363949,2026-02-21 21:53:30,0,normal
5.3,60.7,42,26,21,12,8,1,17,3,16755,12041,0,19,17708.356408066,2026-02-21 21:53:31,0,normal
7.2,60.6,42,26,21,12,8,1,17,3,0,0,0,0,17709.436924728,2026-02-21 21:53:32,0,normal
6.3,60.7,42,26,21,12,8,1,17,3,296,52,0,1,17710.516048164,2026-02-21 21:53:33,0,normal
4.6,60.8,42,26,21,12,8,1,17,3,1109,9142,5,13,17711.596143654,2026-02-21 21:53:34,0,normal
2.4,60.8,42,26,21,12,8,1,17,3,580,80,0,2,17712.677559502,2026-02-21 21:53:35,0,normal
2.9,60.7,42,26,21,12,8,1,17,3,0,0,0,0,17713.757906787,2026-02-21 21:53:36,0,normal
2.6,60.6,42,26,21,12,8,1,17,3,796200,6353,0,55,17714.839473388,2026-02-21 21:53:37,0,normal
6.3,60.7,42,26,21,12,8,1,17,3,936209,3294,0,54,17715.919090731,2026-02-21 21:53:38,0,normal
10.9,60.7,42,25,21,12,8,1,17,3,0,0,0,0,17716.997617247,2026-02-21 21:53:39,0,normal
5.2,60.8,42,25,21,12,8,1,17,3,968880,15715,0,80,17718.078597087,2026-02-21 21:53:40,0,normal
3.4,60.8,42,25,21,12,8,1,17,3,972556,6834,0,63,17719.157557096,2026-02-21 21:53:41,0,normal
4.1,60.7,42,25,21,12,8,1,17,3,0,0,0,0,17720.23824587,2026-02-21 21:53:43,0,normal
3.7,60.7,41,25,21,12,7,1,16,3,0,0,0,0,17721.31997698,2026-02-21 21:53:44,0,normal
3.8,60.9,41,25,21,12,7,1,16,3,638,5839,0,8,17722.401729921,2026-02-21 21:53:45,0,normal
2.2,60.8,41,25,21,12,7,1,16,3,0,0,0,0,17723.480780691,2026-02-21 21:53:46,0,normal
6.8,60.9,41,25,21,12,7,1,16,3,502,8287,0,9,17724.560054318,2026-02-21 21:53:47,0,normal
11.6,60.8,40,25,20,12,7,1,15,2,380,80,0,2,17725.640709699,2026-02-21 21:53:48,1,bulk_download
8.3,60.8,40,25,20,12,7,1,15,2,571674,8769,0,52,17726.719911242,2026-02-21 21:53:49,1,bulk_download
4.5,60.8,39,25,19,12,7,1,14,2,1357927,8973,0,96,17727.802057281,2026-02-21 21:53:50,1,bulk_download
5.7,60.7,37,25,19,12,5,1,13,2,0,0,0,0,17728.881795501,2026-02-21 21:53:51,1,bulk_download
5.2,60.7,37,25,19,12,5,1,13,2,78,28,0,1,17729.965346977,2026-02-21 21:53:52,1,bulk_download
7.0,60.7,37,25,19,12,5,1,13,2,78,3204,0,4,17731.044796105,2026-02-21 21:53:53,1,bulk_download
11.7,60.7,37,25,19,12,5,1,13,2,886092,7055,0,66,17732.126036053,2026-02-21 21:53:54,1,bulk_download
15.0,60.7,37,25,19,12,5,1,13,2,991376,6880,0,69,17733.207953643,2026-02-21 21:53:55,1,bulk_download
4.7,60.7,37,25,19,12,5,1,13,2,450,195,0,3,17734.287898721,2026-02-21 21:53:57,1,bulk_download
5.3,60.6,37,25,19,12,5,1,13,2,799586,9582,0,64,17735.370408863,2026-02-21 21:53:58,1,bulk_download
9.5,61.0,37,29,19,12,5,1,14,3,311630,4016,2,45,17736.450102178,2026-02-21 21:53:59,1,bulk_download
17.1,40.7,22,13,8,11,1,2,9,2,0,0,0,0,6689.393798318,2026-02-22 16:18:46,0,normal
18.9,40.7,22,13,8,11,1,2,9,2,0,0,0,0,6690.490103591,2026-02-22 16:18:47,0,normal
20.3,40.7,22,13,8,11,1,2,9,2,1208972,7749,0,82,6691.566810148,2026-02-22 16:18:48,0,normal
19.8,40.8,22,13,8,11,1,2,9,2,112,0,0,0,6692.64202349,2026-02-22 16:18:49,0,normal
18.8,40.7,22,13,8,11,1,2,9,2,0,0,0,0,6693.716886014,2026-02-22 16:18:50,0,normal
21.6,40.7,22,13,8,11,1,2,9,2,0,0,0,0,6694.79656266,2026-02-22 16:18:51,0,normal
17.8,40.7,22,13,8,11,1,2,9,2,0,0,0,0,6695.871336256,2026-02-22 16:18:52,0,normal
19.7,40.7,22,13,8,11,1,2,9,2,231,143,0,2,6696.947515593,2026-02-22 16:18:53,0,normal
19.3,40.7,22,13,8,11,1,2,9,2,0,0,0,0,6698.023415455,2026-02-22 16:18:55,0,normal
21.1,40.7,22,13,8,11,1,2,9,2,0,0,0,0,6699.104053718,2026-02-22 16:18:56,0,normal
19.5,40.7,22,13,8,11,1,2,9,2,1248359,7933,0,85,6700.184764988,2026-02-22 16:18:57,0,normal
20.0,40.7,22,13,8,11,1,2,9,2,0,0,0,0,6701.262937388,2026-02-22 16:18:58,0,normal
19.0,40.7,22,13,8,11,1,2,9,2,0,0,0,0,6702.339505255,2026-02-22 16:18:59,0,normal
19.6,40.7,22,13,8,11,1,2,9,2,0,0,0,0,6703.418066616,2026-02-22 16:19:00,0,normal
21.7,40.8,22,13,8,11,1,2,9,2,785648,6106,0,55,6704.494454535,2026-02-22 16:19:01,0,normal
18.6,40.7,22,13,8,11,1,2,9,2,85509,3356,0,10,6705.572789722,2026-02-22 16:19:02,0,normal
19.6,40.7,22,13,8,11,1,2,9,2,0,0,0,0,6706.649392534,2026-02-22 16:19:03,0,normal
19.4,40.7,23,13,9,11,1,2,10,3,268,80,0,2,6707.724100336,2026-02-22 16:19:04,0,normal
19.1,40.8,23,13,9,11,1,2,10,3,1170991,7154,0,71,6708.799948842,2026-02-22 16:19:05,0,normal
20.9,40.8,23,13,9,11,1,2,10,3,0,0,0,0,6709.880356912,2026-02-22 16:19:06,0,normal
20.4,40.8,23,13,9,11,1,2,10,3,0,0,0,0,6710.959031246,2026-02-22 16:19:07,0,normal
17.8,40.8,23,13,9,11,1,2,10,3,0,0,0,0,6712.037811598,2026-02-22 16:19:09,0,normal
19.4,40.9,22,13,8,11,1,2,9,2,180,40,0,1,6713.113119048,2026-02-22 16:19:10,0,normal
21.1,40.9,22,13,8,11,1,2,9,2,0,0,0,0,6714.190591894,2026-02-22 16:19:11,0,normal
18.8,40.9,22,13,8,11,1,2,9,2,0,0,0,0,6715.26607894,2026-02-22 16:19:12,0,normal
21.1,40.9,22,13,8,11,1,2,9,2,1706127,9167,0,102,6716.343192873,2026-02-22 16:19:13,0,normal
20.4,41.0,22,13,8,11,1,2,9,2,598,2992,0,4,6717.422468857,2026-02-22 16:19:14,0,normal
19.2,40.8,22,13,8,11,1,2,9,2,170,0,0,0,6718.501494029,2026-02-22 16:19:15,0,normal
21.1,40.8,22,13,8,11,1,2,9,2,0,0,0,0,6719.575403041,2026-02-22 16:19:16,0,normal
18.1,40.9,22,13,8,11,1,2,9,2,0,0,0,0,6720.650538407,2026-02-22 16:19:17,0,normal
19.6,40.8,22,13,8,11,1,2,9,2,803,3357,0,5,6721.729580091,2026-02-22 16:19:18,0,normal
20.1,40.9,22,13,8,11,1,2,9,2,344755,4378,0,26,6722.808313255,2026-02-22 16:19:19,0,normal
20.4,41.0,21,13,7,11,1,2,8,2,434,104,0,2,6723.889173324,2026-02-22 16:19:20,0,normal
21.0,40.9,21,13,7,11,1,2,8,2,598,2992,0,4,6724.970753557,2026-02-22 16:19:21,0,normal
21.1,40.8,21,13,7,11,1,2,8,2,0,0,0,0,6726.052856791,2026-02-22 16:19:23,0,normal
19.8,40.8,21,13,7,11,1,2,8,2,0,0,0,0,6727.133238011,2026-02-22 16:19:24,0,normal
18.7,40.8,21,13,7,11,1,2,8,2,595699,5449,0,43,6728.208425505,2026-02-22 16:19:25,0,normal
21.5,40.9,21,13,7,11,1,2,8,2,704,3083,0,6,6729.289227896,2026-02-22 16:19:26,0,normal
19.1,40.8,21,13,7,11,1,2,8,2,0,0,0,0,6730.368489884,2026-02-22 16:19:27,0,normal
19.8,40.8,22,13,8,11,1,2,9,3,192,52,0,1,6731.446695477,2026-02-22 16:19:28,0,normal
19.2,40.8,22,13,8,11,1,2,9,3,274364,4126,0,22,6732.521928025,2026-02-22 16:19:29,0,normal
18.2,40.8,22,13,8,11,1,2,9,3,324486,4378,0,26,6733.601972122,2026-02-22 16:19:30,0,normal
21.2,40.9,22,13,8,11,1,2,9,3,0,0,0,0,6734.684792504,2026-02-22 16:19:31,0,normal
19.5,40.9,22,13,8,11,1,2,9,3,102,52,0,1,6735.763151635,2026-02-22 16:19:32,0,normal
18.8,40.9,22,13,8,11,1,2,9,3,0,0,0,0,6736.84079374,2026-02-22 16:19:33,0,normal
18.8,40.9,22,13,8,11,1,2,9,3,0,0,0,0,6737.922481604,2026-02-22 16:19:34,0,normal
21.4,40.9,22,13,8,11,1,2,9,3,0,0,0,0,6739.00061968,2026-02-22 16:19:35,0,normal
18.8,40.8,22,13,8,11,1,2,9,3,585155,4945,0,35,6740.078409833,2026-02-22 16:19:37,0,normal
19.3,40.9,22,13,8,11,1,2,9,3,602,4330,0,6,6741.154007567,2026-02-22 16:19:38,0,normal
21.8,40.8,22,13,8,11,1,2,9,3,0,0,0,0,6742.230632681,2026-02-22 16:19:39,0,normal
18.9,40.8,22,13,8,11,1,2,9,3,0,0,0,0,6743.310818595,2026-02-22 16:19:40,0,normal
20.9,40.8,22,13,8,11,1,2,9,3,0,0,0,0,6744.387196815,2026-02-22 16:19:41,0,normal
20.9,40.9,22,13,8,11,1,2,9,3,461424,4379,0,26,6745.463322761,2026-02-22 16:19:42,0,normal
19.6,40.8,22,13,8,11,1,2,9,3,0,0,0,0,6746.539516325,2026-02-22 16:19:43,0,normal
19.9,40.6,21,13,8,11,0,2,8,3,0,0,0,0,6747.616583129,2026-02-22 16:19:44,0,normal
18.3,40.6,21,13,8,11,0,2,8,3,0,0,0,0,6748.692133234,2026-02-22 16:19:45,0,normal
21.9,40.6,21,13,8,11,0,2,8,3,525731,5135,0,38,6749.767761255,2026-02-22 16:19:46,0,normal
19.0,40.7,21,13,8,11,0,2,8,3,715,3056,0,5,6750.849731951,2026-02-22 16:19:47,0,normal
18.9,40.6,21,13,8,11,0,2,8,3,0,0,0,0,6751.925919934,2026-02-22 16:19:48,0,normal
19.7,40.7,21,13,8,11,0,2,8,3,0,0,0,0,6753.003689367,2026-02-22 16:19:49,0,normal
20.4,40.7,21,13,8,11,0,2,8,3,426696,5266,0,40,6754.083556792,2026-02-22 16:19:51,0,normal
19.8,40.8,21,13,8,11,0,2,8,3,231,143,0,2,6755.160186726,2026-02-22 16:19:52,0,normal
19.3,40.6,21,13,8,11,0,2,8,3,0,0,0,0,6756.237875087,2026-02-22 16:19:53,0,normal
20.5,40.7,21,13,8,11,0,2,8,3,0,0,0,0,6757.313694387,2026-02-22 16:19:54,0,normal
18.2,40.7,21,13,8,11,0,2,8,3,0,0,0,0,6758.389631309,2026-02-22 16:19:55,0,normal
21.3,40.8,21,13,8,11,0,2,8,3,0,0,0,0,6759.466730163,2026-02-22 16:19:56,0,normal
19.3,40.7,21,13,8,11,0,2,8,3,0,0,0,0,6760.546138916,2026-02-22 16:19:57,0,normal
20.0,40.8,21,13,8,11,0,2,8,3,828,3358,0,5,6761.621100636,2026-02-22 16:19:58,0,normal
18.4,40.8,21,13,8,11,0,2,8,3,0,0,0,0,6762.69607556,2026-02-22 16:19:59,0,normal
19.2,40.7,21,13,8,11,0,2,8,3,0,0,0,0,6763.777433304,2026-02-22 16:20:00,0,normal
21.0,40.7,21,13,8,11,0,2,8,3,0,0,0,0,6764.857110312,2026-02-22 16:20:01,0,normal
19.0,40.7,21,13,8,11,0,2,8,3,0,0,0,0,6765.934551358,2026-02-22 16:20:02,0,normal
18.6,40.8,21,13,8,11,0,2,8,3,0,0,0,0,6767.01112161,2026-02-22 16:20:03,0,normal
19.8,40.7,21,13,8,11,0,2,8,3,0,0,0,0,6768.090899757,2026-02-22 16:20:05,0,normal
20.9,40.8,21,13,8,11,0,2,8,3,0,0,0,0,6769.167764731,2026-02-22 16:20:06,0,normal
18.7,40.7,21,13,8,11,0,2,8,3,0,0,0,0,6770.25368182,2026-02-22 16:20:07,0,normal
18.9,40.8,21,13,8,11,0,2,8,3,26,0,0,0,6771.330423634,2026-02-22 16:20:08,0,normal
19.1,40.7,21,13,8,11,0,2,8,3,0,0,0,0,6772.415178419,2026-02-22 16:20:09,0,normal
19.2,40.7,21,13,8,11,0,2,8,3,0,0,0,0,6773.491910625,2026-02-22 16:20:10,0,normal
19.9,40.7,21,13,8,11,0,2,8,3,0,0,0,0,6774.570039995,2026-02-22 16:20:11,0,normal
19.8,40.8,21,13,8,11,0,2,8,3,0,0,0,0,6775.645177595,2026-02-22 16:20:12,0,normal
18.8,40.8,21,13,8,11,0,2,8,3,0,0,0,0,6776.724838331,2026-02-22 16:20:13,0,normal
18.9,40.8,21,13,8,11,0,2,8,3,0,0,0,0,6777.800916838,2026-02-22 16:20:14,0,normal
19.8,41.0,21,13,8,11,0,2,8,3,0,0,0,0,6778.880746182,2026-02-22 16:20:15,0,normal
20.2,40.8,21,13,8,11,0,2,8,3,0,0,0,0,6779.957487344,2026-02-22 16:20:16,0,normal
17.9,40.8,21,13,8,11,0,2,8,3,102,52,0,1,6781.033407604,2026-02-22 16:20:18,0,normal
18.7,40.8,21,13,8,11,0,2,8,3,0,0,0,0,6782.110008222,2026-02-22 16:20:19,0,normal
19.9,40.9,21,13,8,11,0,2,8,3,0,0,0,0,6783.186630792,2026-02-22 16:20:20,0,normal
20.3,40.8,21,12,8,11,0,2,8,3,0,0,0,0,6784.264337087,2026-02-22 16:20:21,0,normal
19.8,40.8,21,12,8,11,0,2,8,3,0,0,0,0,6785.344143167,2026-02-22 16:20:22,0,normal
19.3,40.8,21,12,8,11,0,2,8,3,0,0,0,0,6786.426166111,2026-02-22 16:20:23,0,normal
20.0,40.9,21,12,8,11,0,2,8,3,0,0,0,0,6787.504807602,2026-02-22 16:20:24,0,normal
19.7,40.9,21,12,8,11,0,2,8,3,0,0,0,0,6788.584848082,2026-02-22 16:20:25,0,normal
21.3,40.7,21,12,8,11,0,2,8,3,0,0,0,0,6789.662729667,2026-02-22 16:20:26,0,normal
18.9,40.7,21,12,8,11,0,2,8,3,0,0,0,0,6790.741412096,2026-02-22 16:20:27,0,normal
18.9,40.6,21,12,8,11,0,2,8,3,26,0,0,0,6791.816756614,2026-02-22 16:20:28,0,normal
18.9,40.6,21,12,8,11,0,2,8,3,0,0,0,0,6792.898074955,2026-02-22 16:20:29,0,normal
20.4,40.6,21,12,8,11,0,2,8,3,0,0,0,0,6793.980163181,2026-02-22 16:20:30,0,normal
18.7,40.6,21,12,8,11,0,2,8,3,0,0,0,0,6795.059038933,2026-02-22 16:20:32,0,normal
19.7,40.6,21,12,8,11,0,2,8,3,0,0,0,0,6796.138623797,2026-02-22 16:20:33,0,normal
18.7,40.6,21,12,8,11,0,2,8,3,0,0,0,0,6797.217853915,2026-02-22 16:20:34,0,normal
19.2,40.6,21,12,8,11,0,2,8,3,0,0,0,0,6798.299238079,2026-02-22 16:20:35,0,normal
20.0,40.7,21,12,8,11,0,2,8,3,0,0,0,0,6799.374300868,2026-02-22 16:20:36,0,normal
19.4,40.6,21,12,8,11,0,2,8,3,0,0,0,0,6800.451880385,2026-02-22 16:20:37,0,normal
18.8,40.7,21,12,8,11,0,2,8,3,556,3302,0,4,6801.531637904,2026-02-22 16:20:38,0,normal
19.7,40.7,21,12,8,11,0,2,8,3,0,0,0,0,6802.612372848,2026-02-22 16:20:39,0,normal
19.7,40.8,21,12,8,11,0,2,8,3,0,0,0,0,6803.688277379,2026-02-22 16:20:40,0,normal
20.5,40.7,21,12,8,11,0,2,8,3,0,0,0,0,6804.762623401,2026-02-22 16:20:41,0,normal
19.4,40.8,21,12,8,11,0,2,8,3,0,0,0,0,6805.839135564,2026-02-22 16:20:42,0,normal
18.0,40.7,21,12,8,11,0,2,8,3,78,28,0,1,6806.915727355,2026-02-22 16:20:43,0,normal
19.8,40.7,21,12,8,11,0,2,8,3,0,0,0,0,6808.004028503,2026-02-22 16:20:44,0,normal
23.1,40.8,19,12,6,11,0,2,6,3,586,339,0,6,6809.082556211,2026-02-22 16:20:46,0,normal
24.8,40.9,19,12,6,11,0,2,6,3,576,307,2,4,6810.162688373,2026-02-22 16:20:47,0,normal
20.3,40.7,19,12,6,11,0,2,6,3,0,0,0,0,6811.240514523,2026-02-22 16:20:48,0,normal
22.3,40.8,19,13,6,11,0,2,6,3,5810,4204,0,7,6812.31941435,2026-02-22 16:20:49,0,normal
18.1,40.8,19,13,6,11,0,2,6,3,78,28,0,1,6813.396796948,2026-02-22 16:20:50,0,normal
13.0,40.9,19,13,6,11,0,2,6,3,0,0,0,0,6814.475500167,2026-02-22 16:20:51,0,normal
12.0,41.0,19,13,6,11,0,2,6,3,0,0,0,0,6815.550841759,2026-02-22 16:20:52,0,normal
5.8,41.0,19,13,6,11,0,2,6,3,0,0,0,0,6816.624673224,2026-02-22 16:20:53,0,normal
3.6,41.0,19,13,6,11,0,2,6,3,0,0,0,0,6817.698568821,2026-02-22 16:20:54,0,normal
2.9,40.5,19,13,6,11,0,2,6,3,0,0,0,0,6818.773760573,2026-02-22 16:20:55,0,normal
4.0,40.6,19,13,6,11,0,2,6,3,0,0,0,0,6819.847551513,2026-02-22 16:20:56,0,normal
2.3,40.6,19,13,6,11,0,2,6,3,0,0,0,0,6820.921248777,2026-02-22 16:20:57,0,normal
2.8,40.6,19,13,6,11,0,2,6,3,0,0,0,0,6821.994098862,2026-02-22 16:20:58,0,normal
2.2,40.6,19,13,6,11,0,2,6,3,0,0,0,0,6823.066938345,2026-02-22 16:21:00,0,normal
4.0,40.7,19,13,6,11,0,2,6,3,26,0,0,0,6824.139770745,2026-02-22 16:21:01,0,normal
2.2,40.7,19,13,6,11,0,2,6,3,0,0,0,0,6825.213942821,2026-02-22 16:21:02,0,normal
2.6,40.7,19,13,6,11,0,2,6,3,0,0,0,0,6826.287489422,2026-02-22 16:21:03,0,normal
4.4,40.6,19,13,6,11,0,2,6,3,0,0,0,0,6827.360232514,2026-02-22 16:21:04,0,normal
3.5,40.7,20,13,7,11,0,2,6,4,1422692,2892,0,72,6828.432992779,2026-02-22 16:21:05,1,tcp_bandwidth_exhaustion
4.8,40.6,20,13,7,11,0,2,6,4,4626042,5320,0,133,6829.506945223,2026-02-22 16:21:06,1,tcp_bandwidth_exhaustion
8.5,40.6,20,13,7,11,0,2,6,4,16697370,28692,0,717,6830.581011199,2026-02-22 16:21:07,1,tcp_bandwidth_exhaustion
6.9,40.6,20,13,7,11,0,2,6,4,22678241,40023,0,1000,6831.656232652,2026-02-22 16:21:08,1,tcp_bandwidth_exhaustion
7.1,40.6,20,13,7,11,0,2,6,4,22881942,39480,0,987,6832.73003249,2026-02-22 16:21:09,1,tcp_bandwidth_exhaustion
19.1,40.7,20,13,7,11,0,2,6,4,24742104,40680,0,1017,6833.807218147,2026-02-22 16:21:10,1,tcp_bandwidth_exhaustion
26.7,41.0,20,13,7,11,0,2,6,4,29349619,47856,0,1140,6834.884521926,2026-02-22 16:21:11,1,tcp_bandwidth_exhaustion
28.1,41.1,21,13,8,11,0,2,6,5,31966446,62132,0,1553,6835.964222377,2026-02-22 16:21:12,1,tcp_bandwidth_exhaustion
28.7,41.1,20,13,7,11,0,2,6,4,31775974,53708,0,1343,6837.042811851,2026-02-22 16:21:14,1,tcp_bandwidth_exhaustion
28.5,41.5,21,15,7,11,0,2,6,5,30354731,69281,2,1278,6838.117562474,2026-02-22 16:21:15,1,tcp_bandwidth_exhaustion
40.4,41.6,20,15,7,11,0,2,6,4,30228673,92049,4,1508,6839.196602104,2026-02-22 16:21:16,1,tcp_bandwidth_exhaustion
27.3,41.5,21,16,7,11,0,2,6,5,24712858,61042,2,1079,6840.276808405,2026-02-22 16:21:17,1,tcp_bandwidth_exhaustion
23.4,41.4,22,17,8,11,0,2,7,5,26704617,70775,0,1375,6841.352840715,2026-02-22 16:21:18,1,tcp_bandwidth_exhaustion
18.3,41.3,21,17,8,11,0,2,7,4,30908164,53000,0,1325,6842.42614462,2026-02-22 16:21:19,1,tcp_bandwidth_exhaustion
17.5,41.2,21,17,8,11,0,2,7,4,27366779,75904,0,1479,6843.498654354,2026-02-22 16:21:20,1,tcp_bandwidth_exhaustion
29.2,41.3,21,17,8,11,0,2,7,4,29915448,74355,0,1584,6844.58525137,2026-02-22 16:21:21,1,tcp_bandwidth_exhaustion
15.7,41.3,23,17,9,11,0,2,8,4,29283362,45732,5,1123,6845.664622431,2026-02-22 16:21:22,1,tcp_bandwidth_exhaustion
23.5,41.2,24,17,11,11,0,2,8,5,27818018,69345,0,1212,6846.740801287,2026-02-22 16:21:23,1,tcp_bandwidth_exhaustion
15.7,41.2,23,17,10,11,0,2,8,4,27975111,63961,0,1396,6847.819683292,2026-02-22 16:21:24,1,tcp_bandwidth_exhaustion
18.6,41.5,23,17,10,11,0,2,8,4,24836521,37732,0,932,6848.893387199,2026-02-22 16:21:25,1,tcp_bandwidth_exhaustion
16.2,40.7,23,17,10,11,0,2,8,4,29005892,39941,0,920,6849.9673178,2026-02-22 16:21:26,1,tcp_bandwidth_exhaustion
15.1,40.6,23,17,10,11,0,2,8,4,28476362,45071,0,1116,6851.046800111,2026-02-22 16:21:28,1,tcp_bandwidth_exhaustion
17.1,40.7,23,17,10,11,0,2,8,4,24713060,35240,0,881,6852.123870491,2026-02-22 16:21:29,1,tcp_bandwidth_exhaustion
14.8,40.6,23,17,10,11,0,2,8,4,27856988,47040,0,1176,6853.19986965,2026-02-22 16:21:30,1,tcp_bandwidth_exhaustion
16.1,40.6,24,17,11,11,0,2,8,5,23325306,34172,0,854,6854.275071101,2026-02-22 16:21:31,1,tcp_bandwidth_exhaustion
11.5,40.3,23,17,10,11,0,2,8,4,23810972,51038,0,1111,6855.347033846,2026-02-22 16:21:32,1,tcp_bandwidth_exhaustion
14.5,40.4,23,17,10,11,0,2,8,4,25314320,42171,0,1029,6856.423314283,2026-02-22 16:21:33,1,tcp_bandwidth_exhaustion
11.8,40.2,24,17,10,11,0,2,8,5,25089656,39612,0,990,6857.498175665,2026-02-22 16:21:34,1,tcp_bandwidth_exhaustion
10.8,40.2,24,17,11,11,0,2,9,4,23193898,34239,0,838,6858.575490505,2026-02-22 16:21:35,1,tcp_bandwidth_exhaustion
13.7,40.3,24,17,10,11,0,2,8,5,27823674,57008,0,1122,6859.649540893,2026-02-22 16:21:36,1,tcp_bandwidth_exhaustion
29.4,40.2,24,17,11,11,0,2,8,5,27186112,74054,0,1534,6860.724134831,2026-02-22 16:21:37,1,tcp_bandwidth_exhaustion
17.2,40.2,23,17,10,11,0,2,8,4,28507217,43971,0,1083,6861.799959581,2026-02-22 16:21:38,1,tcp_bandwidth_exhaustion
15.9,40.3,23,17,10,11,0,2,8,4,23508914,34680,0,867,6862.874859915,2026-02-22 16:21:39,1,tcp_bandwidth_exhaustion
18.0,40.2,23,17,10,11,0,2,8,4,27749010,44372,0,1102,6863.950387466,2026-02-22 16:21:40,1,tcp_bandwidth_exhaustion
24.9,40.2,23,17,10,11,0,2,8,4,28285404,52605,0,1289,6865.027870842,2026-02-22 16:21:42,1,tcp_bandwidth_exhaustion
18.5,40.3,25,19,10,11,0,2,11,5,26348785,42318,1,1054,6866.098897259,2026-02-22 16:21:43,1,tcp_bandwidth_exhaustion
8.8,40.5,26,17,13,11,0,2,10,5,26975459,59073,1,1188,6867.174191632,2026-02-22 16:21:44,1,tcp_bandwidth_exhaustion
9.1,40.5,25,17,12,11,0,2,10,4,23894053,41063,0,1025,6868.247585315,2026-02-22 16:21:45,1,tcp_bandwidth_exhaustion
16.5,40.8,26,16,13,11,0,2,11,4,19845892,37976,0,857,6869.319779476,2026-02-22 16:21:46,1,tcp_bandwidth_exhaustion
16.5,40.8,25,15,12,11,0,2,10,4,19990908,36130,0,876,6870.396651535,2026-02-22 16:21:47,1,tcp_bandwidth_exhaustion
11.8,40.8,25,15,12,11,0,2,10,4,18644964,37932,2,841,6871.470029529,2026-02-22 16:21:48,1,tcp_bandwidth_exhaustion
7.3,40.7,25,15,12,11,0,2,10,4,20584848,32673,0,812,6872.544864259,2026-02-22 16:21:49,1,tcp_bandwidth_exhaustion
8.0,40.5,25,15,12,11,0,2,10,4,27978344,43240,0,1081,6873.617354112,2026-02-22 16:21:50,1,tcp_bandwidth_exhaustion
18.1,41.1,26,17,13,11,0,2,10,5,25126381,59921,4,1185,6874.69488617,2026-02-22 16:21:51,1,tcp_bandwidth_exhaustion
33.9,41.7,25,17,12,11,0,2,10,4,28383230,73921,0,1629,6875.78487067,2026-02-22 16:21:52,1,tcp_bandwidth_exhaustion
22.0,42.1,26,17,13,11,0,2,11,4,22558530,51269,0,1079,6876.863589867,2026-02-22 16:21:53,1,tcp_bandwidth_exhaustion
30.3,42.4,30,17,17,11,0,2,11,5,27240638,65620,0,1243,6877.93980963,2026-02-22 16:21:54,1,tcp_bandwidth_exhaustion
25.2,42.3,30,17,16,11,1,2,11,5,24294052,46579,0,1124,6879.021731414,2026-02-22 16:21:56,1,tcp_bandwidth_exhaustion
30.5,42.7,31,18,17,11,1,2,11,6,20677696,59769,2,1001,6880.106716121,2026-02-22 16:21:57,1,tcp_bandwidth_exhaustion
32.4,43.0,30,17,16,11,1,2,11,5,17418613,43753,0,804,6881.186779695,2026-02-22 16:21:58,1,tcp_bandwidth_exhaustion
24.4,43.2,30,17,16,11,1,2,11,5,17494828,37084,0,822,6882.266238612,2026-02-22 16:21:59,1,tcp_bandwidth_exhaustion
20.4,43.4,30,17,16,11,1,2,11,5,17882380,42243,0,927,6883.342097837,2026-02-22 16:22:00,1,tcp_bandwidth_exhaustion
28.6,44.1,30,17,16,11,1,2,11,5,27102556,52550,0,1279,6884.414871637,2026-02-22 16:22:01,1,tcp_bandwidth_exhaustion
25.2,44.0,31,17,17,11,1,2,11,6,24261813,44696,0,1097,6885.493593831,2026-02-22 16:22:02,1,tcp_bandwidth_exhaustion
31.0,44.5,31,17,16,11,1,2,12,5,25504908,51919,2,1193,6886.576518268,2026-02-22 16:22:03,1,tcp_bandwidth_exhaustion
28.6,44.4,32,17,18,11,1,2,12,5,27459727,58456,0,1314,6887.659261665,2026-02-22 16:22:04,1,tcp_bandwidth_exhaustion
27.1,44.6,32,17,18,11,1,2,12,5,21867086,41278,0,995,6888.736761202,2026-02-22 16:22:05,1,tcp_bandwidth_exhaustion
22.6,45.0,34,17,20,11,1,2,12,5,26482724,64517,4,1149,6889.813658157,2026-02-22 16:22:06,1,tcp_bandwidth_exhaustion
23.9,44.7,32,16,18,11,1,2,12,5,22734894,44880,0,1119,6890.890227376,2026-02-22 16:22:07,1,tcp_bandwidth_exhaustion
11.3,44.3,33,16,18,11,1,2,12,6,27317548,45272,0,1126,6891.967765575,2026-02-22 16:22:08,1,tcp_bandwidth_exhaustion
14.3,43.9,31,16,16,11,1,2,12,5,26770776,49949,0,1208,6893.044062392,2026-02-22 16:22:10,1,tcp_bandwidth_exhaustion
16.4,44.0,30,16,16,11,1,2,11,5,20141176,39841,0,958,6894.122346383,2026-02-22 16:22:11,1,tcp_bandwidth_exhaustion
12.7,44.0,31,15,17,11,1,2,11,6,25227426,45728,0,1140,6895.204010752,2026-02-22 16:22:12,1,tcp_bandwidth_exhaustion
16.6,40.4,30,15,16,11,1,2,11,6,20686092,38510,0,951,6896.284261457,2026-02-22 16:22:13,1,tcp_bandwidth_exhaustion
9.4,40.5,32,15,17,11,1,2,12,6,24425288,38248,0,891,6897.363498798,2026-02-22 16:22:14,1,tcp_bandwidth_exhaustion
15.9,40.5,31,15,17,11,1,2,12,5,26447046,56836,0,1335,6898.439651263,2026-02-22 16:22:15,1,tcp_bandwidth_exhaustion
8.0,40.4,31,15,17,11,1,2,12,5,24741318,35160,0,879,6899.513956783,2026-02-22 16:22:16,1,tcp_bandwidth_exhaustion
8.2,40.3,31,15,17,11,1,2,12,5,23570000,39783,0,993,6900.58893455,2026-02-22 16:22:17,1,tcp_bandwidth_exhaustion
5.6,40.3,31,15,17,11,1,2,12,5,23147328,29360,0,734,6901.662237221,2026-02-22 16:22:18,1,tcp_bandwidth_exhaustion
8.5,40.3,31,14,15,11,1,2,12,5,23031764,38800,0,967,6902.734736334,2026-02-22 16:22:19,1,tcp_bandwidth_exhaustion
6.7,40.3,31,14,16,11,2,2,12,6,23850162,39852,0,996,6903.811118962,2026-02-22 16:22:20,1,tcp_bandwidth_exhaustion
7.4,40.3,30,14,15,11,2,2,12,5,26673640,49840,0,1246,6904.89772223,2026-02-22 16:22:21,1,tcp_bandwidth_exhaustion
10.3,40.4,31,14,15,11,2,2,12,6,26339338,46132,0,1153,6905.972555899,2026-02-22 16:22:22,1,tcp_bandwidth_exhaustion
7.7,40.3,30,14,15,11,2,2,12,5,25776664,51440,0,1286,6907.04772672,2026-02-22 16:22:24,1,tcp_bandwidth_exhaustion
9.1,40.1,30,14,15,11,2,2,12,5,23705886,44028,0,1101,6908.123102768,2026-02-22 16:22:25,1,tcp_bandwidth_exhaustion
10.0,40.2,31,14,16,11,2,2,12,6,24891162,48172,0,1204,6909.195711319,2026-02-22 16:22:26,1,tcp_bandwidth_exhaustion
6.7,40.1,31,14,16,11,2,2,12,6,26066136,44960,0,1124,6910.269774171,2026-02-22 16:22:27,1,tcp_bandwidth_exhaustion
7.9,40.1,30,14,15,11,2,2,12,5,24400856,41800,0,1045,6911.344845687,2026-02-22 16:22:28,1,tcp_bandwidth_exhaustion
12.4,40.2,32,14,17,11,2,2,13,5,23128001,41880,2,910,6912.419664016,2026-02-22 16:22:29,1,tcp_bandwidth_exhaustion
12.0,40.3,33,14,18,11,2,2,14,5,24230869,43199,2,995,6913.49641148,2026-02-22 16:22:30,1,tcp_bandwidth_exhaustion
11.1,40.2,34,16,18,11,2,2,16,6,24869778,49645,1,1237,6914.572193982,2026-02-22 16:22:31,1,tcp_bandwidth_exhaustion
13.4,40.1,37,14,22,11,2,2,15,7,24415021,50190,5,1096,6915.645772754,2026-02-22 16:22:32,1,tcp_bandwidth_exhaustion
9.9,40.3,37,14,22,11,2,2,15,7,25576704,38212,0,955,6916.72194125,2026-02-22 16:22:33,1,tcp_bandwidth_exhaustion
8.5,40.3,36,14,21,11,2,2,15,7,28983878,49155,0,1135,6917.796704468,2026-02-22 16:22:34,1,tcp_bandwidth_exhaustion
9.8,40.6,34,14,19,11,2,2,15,5,20832030,34680,0,867,6918.87210415,2026-02-22 16:22:35,0,normal
2.8,40.4,34,13,19,11,2,2,15,5,0,0,0,0,6919.947927338,2026-02-22 16:22:36,0,normal
3.3,40.5,34,13,18,11,2,2,15,5,1235,476,0,7,6921.022008673,2026-02-22 16:22:38,0,normal
2.6,40.4,34,14,18,11,2,2,15,4,8221,4015,0,5,6922.095277603,2026-02-22 16:22:39,0,normal
4.1,40.4,34,14,19,11,2,2,15,4,2808026,22348,0,217,6923.174307944,2026-02-22 16:22:40,0,normal
4.9,40.4,34,14,19,11,2,2,15,4,5176884,23492,0,328,6924.251830486,2026-02-22 16:22:41,0,normal
3.4,40.3,34,14,19,11,2,2,15,4,107990,598,0,10,6925.3258264,2026-02-22 16:22:42,0,normal
2.8,40.3,34,13,19,11,2,2,15,4,0,0,0,0,6926.40665935,2026-02-22 16:22:43,0,normal
4.2,40.4,36,13,20,11,3,2,16,5,20902,1504,0,14,6927.482591765,2026-02-22 16:22:44,0,normal
8.8,40.3,36,13,20,11,3,2,16,5,3231,52,0,1,6928.557272498,2026-02-22 16:22:45,0,normal
9.3,40.3,36,13,20,11,3,2,16,5,0,0,0,0,6929.630799133,2026-02-22 16:22:46,0,normal
3.4,40.3,36,13,20,11,3,2,16,5,0,0,0,0,6930.70519026,2026-02-22 16:22:47,0,normal
8.4,40.3,36,13,20,11,3,2,16,5,9703,513,0,2,6931.777156132,2026-02-22 16:22:48,0,normal
3.5,40.4,36,13,19,11,4,2,16,5,192,104,0,2,6932.848217264,2026-02-22 16:22:49,0,normal
4.0,40.3,36,13,19,11,4,2,17,5,82341,5774,5,44,6933.922157065,2026-02-22 16:22:50,0,normal
2.8,40.3,36,13,19,11,4,2,17,5,0,0,0,0,6934.996155835,2026-02-22 16:22:51,0,normal
2.9,40.2,36,13,19,11,4,2,17,5,231,143,0,2,6936.068377107,2026-02-22 16:22:53,0,normal
3.3,40.3,35,13,18,11,4,2,17,5,666,338,0,5,6937.144160641,2026-02-22 16:22:54,0,normal
5.5,40.3,35,13,18,11,4,2,17,5,0,0,0,0,6938.220262652,2026-02-22 16:22:55,0,normal
9.8,40.9,35,13,18,11,4,2,17,5,636914,6037,0,42,6939.294471018,2026-02-22 16:22:56,0,normal
5.2,40.8,34,13,18,11,3,2,17,5,2388698,7331,0,120,6940.369581718,2026-02-22 16:22:57,0,normal
6.0,40.8,34,13,18,11,3,2,17,5,0,0,0,0,6941.445800329,2026-02-22 16:22:58,0,normal
3.6,40.8,34,13,18,11,3,2,17,5,78,28,0,1,6942.519639901,2026-02-22 16:22:59,0,normal
5.2,40.8,34,13,18,11,3,2,17,5,0,0,0,0,6943.593997746,2026-02-22 16:23:00,0,normal
6.8,41.0,34,13,18,11,3,2,17,5,0,0,0,0,6944.668083259,2026-02-22 16:23:01,0,normal
5.5,40.9,34,13,18,11,3,2,17,5,0,0,0,0,6945.743017508,2026-02-22 16:23:02,0,normal
5.2,41.0,34,13,18,11,3,2,17,5,0,0,0,0,6946.815684619,2026-02-22 16:23:03,0,normal
6.9,40.9,34,17,18,11,3,2,18,6,2206,5003,0,15,6947.89334629,2026-02-22 16:23:04,0,normal
10.3,41.0,34,15,18,11,3,2,17,5,15854,10661,4,40,6948.966992789,2026-02-22 16:23:05,0,normal
14.3,41.3,35,17,18,11,4,2,18,5,114292,166284,4,210,6950.04060254,2026-02-22 16:23:07,0,normal
25.3,42.1,37,17,20,11,4,2,19,5,147765,297537,2,299,6951.115520948,2026-02-22 16:23:08,0,normal
12.5,42.4,37,17,20,11,4,2,19,5,127814,40829,0,60,6952.191978838,2026-02-22 16:23:09,0,normal
6.6,42.4,37,17,20,11,4,2,19,5,2922,75,0,1,6953.271174411,2026-02-22 16:23:10,0,normal
4.1,42.5,37,17,20,11,4,2,19,5,0,0,0,0,6954.344405421,2026-02-22 16:23:11,0,normal
4.0,42.6,37,17,20,11,4,2,19,5,0,8305,0,7,6955.418780358,2026-02-22 16:23:12,0,normal
2.7,42.5,37,17,20,11,4,2,19,5,1387,72,0,1,6956.494279045,2026-02-22 16:23:13,0,normal
1.9,42.5,37,17,20,11,4,2,19,5,906,3459,0,8,6957.567892854,2026-02-22 16:23:14,0,normal
3.0,42.4,37,18,20,11,4,2,19,5,8638,7827,2,15,6958.647436742,2026-02-22 16:23:15,0,normal
7.2,42.3,37,18,20,11,4,2,19,5,141,143,0,2,6959.719832791,2026-02-22 16:23:16,0,normal
5.3,42.0,37,18,20,11,4,2,19,5,3326,65056,0,58,6960.796349541,2026-02-22 16:23:17,0,normal
14.6,42.0,37,18,20,11,4,2,19,5,73871,65777,0,73,6961.87205602,2026-02-22 16:23:18,0,normal
16.5,41.7,37,18,20,11,4,2,19,5,7453,17193,0,22,6962.947836056,2026-02-22 16:23:19,0,normal
10.2,41.8,37,18,20,11,4,2,19,5,3353053,25397,0,213,6964.025382101,2026-02-22 16:23:21,0,normal
4.5,42.0,36,18,20,11,3,2,18,5,7296,41322,0,42,6965.09917215,2026-02-22 16:23:22,0,normal
4.2,42.0,36,18,20,11,3,2,18,5,4181,365,0,5,6966.173259397,2026-02-22 16:23:23,0,normal
3.0,42.0,36,18,20,11,3,2,18,5,1136,292,0,4,6967.245991248,2026-02-22 16:23:24,0,normal
4.4,42.0,36,18,20,11,3,2,18,5,2357,16740,0,18,6968.322863057,2026-02-22 16:23:25,0,normal
9.7,41.9,36,18,20,11,3,2,18,5,1801,369,0,5,6969.402284695,2026-02-22 16:23:26,0,normal
8.7,41.9,39,18,23,11,3,2,18,5,178836,4677,0,52,6970.475876821,2026-02-22 16:23:27,0,normal
8.4,42.1,39,18,23,11,3,2,18,5,226261,2278,0,40,6971.552753128,2026-02-22 16:23:28,0,normal
2.3,42.1,40,19,24,11,3,2,19,5,31340,11328,2,42,6972.628066548,2026-02-22 16:23:29,0,normal
7.0,42.1,41,21,24,11,4,2,19,5,928267,36958,2,300,6973.703275933,2026-02-22 16:23:30,0,normal
7.8,42.3,41,21,24,11,4,2,19,5,824115,14775,2,221,6974.778355213,2026-02-22 16:23:31,0,normal
9.2,42.6,39,23,21,11,5,2,20,5,141517,17829,2,72,6975.85317193,2026-02-22 16:23:32,0,normal
8.1,42.6,40,24,22,11,5,2,21,5,21445,20870,2,42,6976.933458582,2026-02-22 16:23:33,0,normal
4.9,42.7,41,25,21,11,7,2,22,5,43658,21337,2,60,6978.008536821,2026-02-22 16:23:34,0,normal
4.9,42.7,41,23,21,11,7,2,22,5,3952,221,0,3,6979.083471169,2026-02-22 16:23:36,0,normal
4.9,42.7,41,23,21,11,7,2,22,5,1448,296,0,4,6980.158729747,2026-02-22 16:23:37,0,normal
8.1,42.6,41,23,21,11,7,2,22,5,2871,12728,0,17,6981.237489201,2026-02-22 16:23:38,0,normal
5.5,42.6,41,23,21,11,7,2,22,5,868,216,0,3,6982.310675366,2026-02-22 16:23:39,0,normal
7.4,42.5,41,23,21,11,7,2,22,5,1128,288,0,4,6983.385305182,2026-02-22 16:23:40,0,normal
3.2,42.4,41,23,21,11,7,2,22,5,2102,600,0,11,6984.458160833,2026-02-22 16:23:41,1,port_scan_simulation
11.0,42.0,41,23,21,11,7,2,22,5,607910,9403,0,90,6985.534256923,2026-02-22 16:23:42,1,port_scan_simulation
2.9,42.0,41,23,21,11,7,2,22,5,1737603,10676,0,172,6986.608824212,2026-02-22 16:23:43,1,port_scan_simulation
4.2,42.0,41,23,21,11,7,2,22,5,896703,4118,0,69,6987.681604134,2026-02-22 16:23:44,1,port_scan_simulation
2.0,42.1,41,22,21,11,7,2,22,5,11210,564,0,12,6988.755426905,2026-02-22 16:23:45,1,port_scan_simulation
8.1,42.2,40,22,21,11,6,2,21,5,6890,33828,0,45,6989.829985067,2026-02-22 16:23:46,1,port_scan_simulation
5.7,42.2,40,22,21,11,6,2,21,5,4438,496,0,10,6990.915249059,2026-02-22 16:23:47,1,port_scan_simulation
4.4,42.1,40,22,21,11,6,2,21,5,1044,400,0,9,6991.991485383,2026-02-22 16:23:48,1,port_scan_simulation
3.3,42.1,39,22,21,11,5,2,20,4,1403,16654,0,20,6993.066654832,2026-02-22 16:23:50,1,port_scan_simulation
10.3,42.1,40,22,22,11,5,2,21,5,4313,1118,0,14,6994.140992218,2026-02-22 16:23:51,1,port_scan_simulation
4.8,42.3,40,22,22,11,5,2,21,5,1693,638,0,12,6995.216252639,2026-02-22 16:23:52,1,port_scan_simulation
5.4,42.2,42,24,22,11,7,2,23,5,38865,17212,4,70,6996.293028337,2026-02-22 16:23:53,1,port_scan_simulation
9.8,42.1,42,24,22,11,7,2,23,5,1632,3685,0,13,6997.367259965,2026-02-22 16:23:54,1,port_scan_simulation
5.4,42.1,42,24,22,11,7,2,23,5,714,280,0,7,6998.443766567,2026-02-22 16:23:55,1,port_scan_simulation
14.4,42.1,42,24,22,11,7,2,23,5,10599,18216,0,35,6999.520523449,2026-02-22 16:23:56,1,port_scan_simulation
7.4,42.0,42,24,22,11,7,2,23,5,816,320,0,8,7000.595883246,2026-02-22 16:23:57,1,port_scan_simulation
6.2,42.0,42,24,22,11,7,2,23,5,816,320,0,8,7001.677630982,2026-02-22 16:23:58,1,port_scan_simulation
3.3,42.0,42,24,22,11,7,2,23,5,816,360,0,8,7002.750485554,2026-02-22 16:23:59,1,port_scan_simulation
6.7,42.1,41,22,21,11,7,2,22,4,918,332,0,8,7003.826386258,2026-02-22 16:24:00,1,port_scan_simulation
7.3,42.1,41,21,21,11,7,2,22,4,714,280,0,7,7004.900791102,2026-02-22 16:24:01,1,port_scan_simulation
3.3,42.1,41,20,21,11,7,2,22,4,816,320,0,8,7005.978197403,2026-02-22 16:24:02,1,port_scan_simulation
1.1,42.1,41,20,21,11,7,2,22,4,945,423,0,9,7007.051932518,2026-02-22 16:24:04,1,port_scan_simulation
1.9,42.2,41,17,21,11,7,2,22,4,816,320,0,8,7008.125746703,2026-02-22 16:24:05,1,port_scan_simulation
2.6,42.2,41,17,21,11,7,2,22,4,945,423,0,9,7009.199412658,2026-02-22 16:24:06,1,port_scan_simulation
2.1,42.1,41,17,21,11,7,2,22,4,1278,606,0,12,7010.273490257,2026-02-22 16:24:07,1,port_scan_simulation
1.2,42.1,41,17,20,11,8,2,22,4,1438,723,0,14,7011.34766544,2026-02-22 16:24:08,1,port_scan_simulation
2.2,42.1,41,17,20,11,8,2,22,4,1419959,12010,0,142,7012.423857551,2026-02-22 16:24:09,1,port_scan_simulation
2.3,42.1,40,17,20,11,7,2,21,4,2132811,10943,0,179,7013.498268125,2026-02-22 16:24:10,1,port_scan_simulation
3.0,42.1,40,17,20,11,7,2,21,4,2688,6612,0,22,7014.572629927,2026-02-22 16:24:11,1,port_scan_simulation
1.7,42.1,40,17,20,11,7,2,21,4,1561,463,0,10,7015.646693612,2026-02-22 16:24:12,1,port_scan_simulation
8.7,42.1,40,17,20,11,7,2,21,4,1357,735,0,13,7016.720417597,2026-02-22 16:24:13,1,port_scan_simulation
3.0,42.2,40,17,20,11,7,2,21,4,714,280,0,7,7017.79616803,2026-02-22 16:24:14,1,port_scan_simulation
7.2,42.3,40,17,20,11,7,2,21,4,46358,1309,0,20,7018.871283689,2026-02-22 16:24:15,1,port_scan_simulation
20.1,43.4,40,19,20,11,7,2,21,4,104357,30980,2,74,7019.953626244,2026-02-22 16:24:16,1,port_scan_simulation
21.8,43.0,41,20,21,11,7,2,22,4,107160,25163,2,95,7021.034666622,2026-02-22 16:24:18,1,port_scan_simulation
10.1,42.8,41,20,19,11,9,2,22,4,18741,1676,0,26,7022.118530533,2026-02-22 16:24:19,1,port_scan_simulation
9.5,42.8,41,20,19,11,9,2,22,4,2335,1295,0,17,7023.197234562,2026-02-22 16:24:20,1,port_scan_simulation
4.7,43.1,40,20,18,11,9,2,21,4,1420,476,0,11,7024.272919211,2026-02-22 16:24:21,1,port_scan_simulation
7.7,43.2,40,20,18,11,9,2,21,4,816,320,0,8,7025.346761377,2026-02-22 16:24:22,1,port_scan_simulation
10.5,43.3,41,17,19,11,9,2,22,5,5536,1352,0,18,7026.419858413,2026-02-22 16:24:23,1,port_scan_simulation
4.7,43.4,41,17,19,11,9,2,22,5,714,320,0,7,7027.493909634,2026-02-22 16:24:24,1,port_scan_simulation
7.2,42.8,41,17,19,11,9,2,22,5,816,1819,0,10,7028.572223401,2026-02-22 16:24:25,1,port_scan_simulation
3.7,42.8,41,17,19,11,9,2,22,5,1480,1910,0,11,7029.647504852,2026-02-22 16:24:26,1,port_scan_simulation
2.5,42.8,41,17,19,11,9,2,22,5,1239,676,0,11,7030.724424859,2026-02-22 16:24:27,1,port_scan_simulation
4.7,42.4,41,21,18,11,10,2,23,6,3276326,16516,0,210,7031.80178894,2026-02-22 16:24:28,1,port_scan_simulation
9.6,42.4,46,17,23,11,10,2,24,5,1795276,29142,4,284,7032.879778968,2026-02-22 16:24:29,1,port_scan_simulation
10.6,42.5,45,17,23,11,9,2,23,5,73387,6114,0,30,7033.957356681,2026-02-22 16:24:30,1,port_scan_simulation
6.3,42.4,45,18,23,11,9,2,23,5,9875,6422,0,22,7035.036042056,2026-02-22 16:24:32,1,port_scan_simulation
4.7,42.5,45,18,23,11,9,2,23,5,1200,937,0,10,7036.112325288,2026-02-22 16:24:33,1,port_scan_simulation
5.4,42.4,45,18,23,11,9,2,23,5,792,308,0,8,7037.188493875,2026-02-22 16:24:34,1,port_scan_simulation
7.0,42.4,42,18,23,11,6,2,20,5,1413,3450,0,12,7038.2645021,2026-02-22 16:24:35,1,port_scan_simulation
7.0,42.4,42,18,23,11,6,2,20,5,714,280,0,7,7039.338996302,2026-02-22 16:24:36,1,port_scan_simulation
7.6,42.3,42,18,23,11,6,2,20,5,816,320,0,8,7040.41496322,2026-02-22 16:24:37,1,port_scan_simulation
11.4,42.1,42,18,20,11,6,5,20,5,155577,2225,0,31,7041.490237988,2026-02-22 16:24:38,1,port_scan_simulation
3.7,42.1,42,18,20,11,6,5,20,5,714,280,0,7,7042.568385512,2026-02-22 16:24:39,1,port_scan_simulation
9.9,42.1,42,18,20,11,6,5,20,5,30678,7602,0,25,7043.644210193,2026-02-22 16:24:40,1,port_scan_simulation
15.1,42.2,43,20,21,11,6,5,21,5,169503,64367,2,107,7044.721051092,2026-02-22 16:24:41,1,port_scan_simulation
20.2,42.4,43,19,21,11,6,5,21,5,164320,20150,0,84,7045.806150796,2026-02-22 16:24:42,1,port_scan_simulation
25.6,43.2,43,20,21,11,6,5,21,5,223830,17744,0,69,7046.891194344,2026-02-22 16:24:43,1,port_scan_simulation
33.1,43.7,48,30,26,11,6,5,23,5,313138,75327,6,230,7047.981416079,2026-02-22 16:24:44,1,port_scan_simulation
19.6,44.5,47,26,25,11,6,5,22,4,2969,7360,0,20,7049.059725808,2026-02-22 16:24:46,1,port_scan_simulation
21.7,44.6,49,26,27,11,6,5,23,4,50911,16599,2,55,7050.134900317,2026-02-22 16:24:47,1,port_scan_simulation
16.6,44.6,49,24,26,11,7,5,23,4,9564,6008,0,28,7051.210592989,2026-02-22 16:24:48,1,port_scan_simulation
23.0,44.7,49,24,26,11,7,5,23,4,5800,11117,0,29,7052.288750753,2026-02-22 16:24:49,1,port_scan_simulation
15.0,44.8,49,24,23,11,10,5,23,4,1186,952,0,18,7053.367205213,2026-02-22 16:24:50,1,port_scan_simulation
25.3,44.7,49,24,23,11,10,5,23,4,7395,2024,0,16,7054.447256183,2026-02-22 16:24:51,0,normal
18.0,44.7,49,24,21,11,12,5,23,4,14094,1555,0,16,7055.529198956,2026-02-22 16:24:52,0,normal
20.6,44.0,49,24,21,11,12,5,23,4,3086471,15254,0,187,7056.606104998,2026-02-22 16:24:53,0,normal
17.3,43.8,49,24,21,11,12,5,23,4,568848,2314,0,37,7057.684254866,2026-02-22 16:24:54,0,normal
17.9,43.8,47,24,21,11,10,5,21,4,192,104,0,2,7058.758527431,2026-02-22 16:24:55,0,normal
12.8,43.5,47,24,21,11,10,5,21,4,0,0,0,0,7059.835835579,2026-02-22 16:24:56,0,normal
5.4,43.3,47,24,21,11,10,5,21,4,0,0,0,0,7060.91124055,2026-02-22 16:24:57,0,normal
5.2,43.2,49,24,22,11,10,5,21,4,14633,901,0,9,7061.986150633,2026-02-22 16:24:58,0,normal
7.8,43.1,49,24,23,11,10,5,21,4,8554,740,0,8,7063.061022095,2026-02-22 16:25:00,0,normal
3.3,43.2,49,24,23,11,10,5,21,4,370,208,0,4,7064.136222132,2026-02-22 16:25:01,0,normal
1.9,43.2,49,24,23,11,10,5,21,4,231,143,0,2,7065.210365834,2026-02-22 16:25:02,0,normal
17.8,44.1,49,24,23,11,10,5,21,4,2091821,14612,0,145,7066.287812522,2026-02-22 16:25:03,0,normal
12.4,44.1,50,27,23,11,10,5,22,4,2107546,35645,0,196,7067.368316883,2026-02-22 16:25:04,0,normal
18.3,44.9,49,28,22,11,11,5,22,4,89728,14800,0,39,7068.44672179,2026-02-22 16:25:05,0,normal
29.9,45.5,50,28,23,11,11,5,22,4,142696,311547,0,312,7069.531525167,2026-02-22 16:25:06,0,normal
31.7,46.1,50,28,23,11,11,5,22,4,145520,32127,0,55,7070.612384565,2026-02-22 16:25:07,0,normal
20.1,46.2,50,28,23,11,11,5,22,4,695,72,0,1,7071.694609118,2026-02-22 16:25:08,0,normal
13.3,46.1,50,28,23,11,11,5,22,4,1002,775,0,3,7072.774339326,2026-02-22 16:25:09,0,normal
8.5,46.3,50,28,23,11,11,5,22,4,5037,25881,0,29,7073.851939462,2026-02-22 16:25:10,0,normal
10.9,46.1,49,28,23,11,10,5,22,4,1286,73,0,1,7074.931647337,2026-02-22 16:25:11,0,normal
12.0,45.4,49,28,23,11,10,5,22,4,1995,40777,0,36,7076.009344534,2026-02-22 16:25:12,0,normal
11.7,45.3,50,27,24,11,10,5,23,4,576888,46547,0,126,7077.085069548,2026-02-22 16:25:14,0,normal
25.2,45.7,50,22,24,11,10,5,23,4,552783,22829,0,126,7078.167592882,2026-02-22 16:25:15,0,normal
13.9,45.7,50,22,24,11,10,5,23,4,558952,25467,0,144,7079.247045367,2026-02-22 16:25:16,0,normal
10.5,45.7,50,22,24,11,10,5,23,4,550122,9163,0,131,7080.328275783,2026-02-22 16:25:17,0,normal
6.7,45.5,50,21,24,11,10,5,23,4,552443,7417,0,111,7081.40534905,2026-02-22 16:25:18,0,normal
6.6,45.5,50,20,24,11,10,5,23,4,887477,9882,0,153,7082.483629933,2026-02-22 16:25:19,0,normal
6.0,45.5,48,20,23,11,9,5,22,4,292614,15764,0,54,7083.557763177,2026-02-22 16:25:20,0,normal
6.1,45.5,48,20,23,11,9,5,22,4,615,351,0,6,7084.638698918,2026-02-22 16:25:21,0,normal
6.0,45.6,48,20,23,11,9,5,22,4,0,0,0,0,7085.713302435,2026-02-22 16:25:22,0,normal
4.5,45.6,48,20,22,11,10,5,22,4,420,271,0,4,7086.790436212,2026-02-22 16:25:23,0,normal
2.5,45.5,48,20,22,11,10,5,22,4,0,0,0,0,7087.867208342,2026-02-22 16:25:24,0,normal
5.0,45.4,48,20,22,11,10,5,22,4,3068,15576,0,19,7088.943544353,2026-02-22 16:25:25,0,normal
12.6,45.0,48,20,22,11,10,5,22,4,59204,61447,0,59,7090.0180731,2026-02-22 16:25:27,0,normal
18.4,45.5,48,20,22,11,10,5,22,4,3365,410,0,5,7091.09571253,2026-02-22 16:25:28,0,normal
6.4,45.5,47,20,22,11,9,5,22,4,766,563,0,5,7092.171651376,2026-02-22 16:25:29,0,normal
15.2,45.3,47,20,22,11,9,5,22,4,13956,17497,0,26,7093.249741653,2026-02-22 16:25:30,0,normal
11.1,45.4,47,20,22,11,9,5,22,4,2292,968,0,12,7094.328541283,2026-02-22 16:25:31,0,normal
11.2,45.3,47,20,22,11,9,5,22,4,2765,16933,0,18,7095.41028422,2026-02-22 16:25:32,0,normal
11.2,45.4,47,20,22,11,9,5,22,4,1878,760,0,8,7096.486907321,2026-02-22 16:25:33,0,normal
14.4,45.5,47,16,22,11,9,5,22,4,1128,288,0,4,7097.562263591,2026-02-22 16:25:34,0,normal
10.8,45.3,47,16,22,11,9,5,22,4,3470,29640,0,31,7098.639790499,2026-02-22 16:25:35,0,normal
11.8,45.2,47,16,22,11,9,5,22,4,3176,766,0,10,7099.716825612,2026-02-22 16:25:36,0,normal
10.1,44.7,47,15,22,11,9,5,22,4,1858,627,0,7,7100.795562213,2026-02-22 16:25:37,0,normal
6.7,44.7,47,15,22,11,9,5,22,4,544514,9556,0,89,7101.870275925,2026-02-22 16:25:38,0,normal
7.4,44.7,47,15,22,11,9,5,22,4,1802418,10775,0,170,7102.949716398,2026-02-22 16:25:39,0,normal
8.2,44.8,47,15,22,11,9,5,22,4,2209300,9716,0,150,7104.028503203,2026-02-22 16:25:41,0,normal
7.9,44.7,47,15,22,11,9,5,22,4,1490,568,0,9,7105.106688508,2026-02-22 16:25:42,0,normal
8.1,44.7,47,15,22,11,9,5,22,4,2322,866,0,10,7106.183971077,2026-02-22 16:25:43,0,normal
8.7,44.8,47,15,22,11,9,5,22,4,3543,36013,0,38,7107.262032669,2026-02-22 16:25:44,0,normal
7.6,44.7,47,15,22,11,9,5,22,4,1435,740,0,8,7108.338677941,2026-02-22 16:25:45,0,normal
9.4,44.8,47,14,22,11,9,5,22,4,1676,464,0,7,7109.41707868,2026-02-22 16:25:46,0,normal
8.4,44.9,47,14,22,11,9,5,22,4,1420,420,0,6,7110.492490955,2026-02-22 16:25:47,0,normal
6.1,44.9,47,14,22,11,9,5,22,4,1589,365,0,5,7111.570774384,2026-02-22 16:25:48,0,normal
6.4,44.7,46,14,22,11,8,5,21,4,1532,365,0,5,7112.651286559,2026-02-22 16:25:49,0,normal
5.8,44.7,46,14,22,11,8,5,21,4,1763,365,0,5,7113.728769704,2026-02-22 16:25:50,0,normal
10.4,44.6,46,14,22,11,8,5,21,4,1498,500,0,8,7114.802830682,2026-02-22 16:25:51,0,normal
10.3,44.6,42,14,23,11,3,5,19,5,15366257,26264,0,653,7115.88002303,2026-02-22 16:25:52,1,bulk_download
15.4,44.7,42,14,23,11,3,5,19,5,14204433,22968,0,570,7116.95593809,2026-02-22 16:25:53,1,bulk_download
15.1,44.7,42,14,23,11,3,5,19,5,29238068,58279,0,1197,7118.031462327,2026-02-22 16:25:55,1,bulk_download
13.1,44.5,42,14,23,11,3,5,19,5,33682750,55360,0,1384,7119.110472291,2026-02-22 16:25:56,1,bulk_download
11.6,44.5,42,14,23,11,3,5,19,5,31138368,47012,0,1175,7120.189783902,2026-02-22 16:25:57,1,bulk_download
13.4,44.5,42,14,23,11,3,5,19,5,32792478,53680,0,1342,7121.269608055,2026-02-22 16:25:58,1,bulk_download
11.0,44.2,42,14,22,11,4,5,19,5,33080356,54591,0,1362,7122.347340118,2026-02-22 16:25:59,1,bulk_download
12.5,44.3,42,14,22,11,4,5,19,5,33834418,69045,0,1324,7123.427754542,2026-02-22 16:26:00,1,bulk_download
14.8,44.3,42,14,22,11,4,5,19,5,34137286,50560,0,1264,7124.504582017,2026-02-22 16:26:01,1,bulk_download
10.8,44.3,42,14,22,11,4,5,19,5,32047499,64751,0,1403,7125.58288347,2026-02-22 16:26:02,1,bulk_download
13.4,44.4,42,14,22,11,4,5,19,5,34110493,67026,0,1596,7126.661514753,2026-02-22 16:26:03,1,bulk_download
14.4,44.3,42,14,22,11,4,5,19,5,35202022,61909,0,1539,7127.739021131,2026-02-22 16:26:04,1,bulk_download
12.8,44.3,42,14,22,11,4,5,19,5,32516746,51280,0,1282,7128.818239837,2026-02-22 16:26:05,1,bulk_download
14.0,44.3,42,14,22,11,4,5,19,5,34998490,56476,0,1410,7129.900331449,2026-02-22 16:26:06,1,bulk_download
12.0,44.3,42,14,22,11,4,5,19,5,30985927,49143,0,1228,7130.981227267,2026-02-22 16:26:07,1,bulk_download
10.6,44.3,42,14,22,11,4,5,19,5,33427129,54303,0,1356,7132.061127494,2026-02-22 16:26:09,1,bulk_download
11.2,44.3,41,14,22,11,3,5,18,4,34115392,55280,0,1382,7133.13923333,2026-02-22 16:26:10,1,bulk_download
11.2,44.3,41,14,22,11,3,5,18,4,29597154,49560,0,1239,7134.220347697,2026-02-22 16:26:11,1,bulk_download
12.1,44.4,41,14,22,11,3,5,18,4,27037634,43288,0,1081,7135.304899471,2026-02-22 16:26:12,1,bulk_download
11.4,44.5,41,14,22,11,3,5,18,4,24817468,45996,0,1149,7136.383212004,2026-02-22 16:26:13,1,bulk_download
12.0,44.4,41,14,22,11,3,5,18,4,27478714,41640,0,1041,7137.460984944,2026-02-22 16:26:14,1,bulk_download
14.0,44.4,41,14,22,11,3,5,18,4,30927082,52800,0,1320,7138.539518594,2026-02-22 16:26:15,1,bulk_download
11.3,44.4,41,14,22,11,3,5,18,4,24891928,34303,0,856,7139.61620327,2026-02-22 16:26:16,1,bulk_download
10.9,44.3,41,14,22,11,3,5,18,4,32350738,48384,0,1209,7140.691672693,2026-02-22 16:26:17,1,bulk_download
10.4,44.3,41,14,22,11,3,5,18,4,29764844,44440,0,1111,7141.769973765,2026-02-22 16:26:18,1,bulk_download
12.5,44.2,41,14,22,11,3,5,18,4,23097297,37783,0,943,7142.846709127,2026-02-22 16:26:19,1,bulk_download
9.5,44.4,41,14,21,11,4,5,18,4,24362774,30711,0,765,7143.923421565,2026-02-22 16:26:20,1,bulk_download
17.5,44.2,40,14,21,11,3,5,18,4,28716278,41320,0,1033,7145.002174627,2026-02-22 16:26:21,1,bulk_download
13.5,44.3,40,14,20,11,4,5,18,4,27739516,39766,0,988,7146.079668984,2026-02-22 16:26:23,1,bulk_download
15.5,44.3,40,14,20,11,4,5,18,4,32540790,89885,0,1888,7147.159044364,2026-02-22 16:26:24,1,bulk_download
14.3,44.3,40,14,16,11,8,5,18,4,16106734,28420,0,700,7148.233568341,2026-02-22 16:26:25,1,bulk_download
21.1,44.3,39,14,16,11,7,5,17,4,23415234,48057,0,753,7149.312088755,2026-02-22 16:26:26,1,bulk_download
22.6,44.1,39,14,16,11,7,5,17,4,30063492,50927,0,869,7150.391655625,2026-02-22 16:26:27,1,bulk_download
15.9,44.0,39,14,16,11,7,5,17,4,31185264,41331,0,1032,7151.476926781,2026-02-22 16:26:28,1,bulk_download
12.7,43.9,39,14,16,11,7,5,17,4,30433470,35012,0,875,7152.556435172,2026-02-22 16:26:29,1,bulk_download
10.4,43.9,39,14,16,11,7,5,17,4,31980102,35440,0,886,7153.630779953,2026-02-22 16:26:30,1,bulk_download
9.5,44.0,39,14,16,11,7,5,17,4,29549743,36380,0,872,7154.706451855,2026-02-22 16:26:31,1,bulk_download
22.6,43.7,39,14,16,11,7,5,17,4,28715261,35234,0,878,7155.781499637,2026-02-22 16:26:32,1,bulk_download
19.5,43.7,39,14,16,11,7,5,17,4,28951528,53325,0,931,7156.85871503,2026-02-22 16:26:33,1,bulk_download
13.5,43.7,39,14,16,11,7,5,17,4,28895405,40221,0,951,7157.937466057,2026-02-22 16:26:34,1,bulk_download
21.2,43.6,39,14,16,11,7,5,17,4,30409048,34280,0,857,7159.017328362,2026-02-22 16:26:36,1,bulk_download
13.0,43.5,39,14,16,11,7,5,17,4,31463582,37200,0,930,7160.09476488,2026-02-22 16:26:37,1,bulk_download
10.8,43.1,39,14,16,11,7,5,17,4,30415210,35904,0,897,7161.170336453,2026-02-22 16:26:38,1,bulk_download
11.5,42.9,39,14,16,11,7,5,17,4,30782624,50463,0,859,7162.245480916,2026-02-22 16:26:39,1,bulk_download
18.2,43.0,39,14,14,11,9,5,17,4,30893961,33754,0,838,7163.324750007,2026-02-22 16:26:40,1,bulk_download
17.0,43.1,39,14,14,11,9,5,17,4,29232926,33640,0,841,7164.402313434,2026-02-22 16:26:41,1,bulk_download
14.5,43.0,39,15,14,11,9,5,17,4,30321102,40172,2,897,7165.482718518,2026-02-22 16:26:42,1,bulk_download
10.2,43.0,39,15,14,11,9,5,17,4,29003800,36879,0,921,7166.564092323,2026-02-22 16:26:43,1,bulk_download
10.4,43.1,39,15,14,11,9,5,17,4,21017441,29412,0,735,7167.637329263,2026-02-22 16:26:44,1,bulk_download
8.9,43.1,39,15,14,11,9,5,17,4,30802560,44388,0,1110,7168.711604703,2026-02-22 16:26:45,1,bulk_download
11.9,43.0,39,15,14,11,9,5,17,4,32518466,34692,0,866,7169.78979645,2026-02-22 16:26:46,1,bulk_download
11.0,43.0,39,15,14,11,9,5,17,4,28868384,34040,0,851,7170.87058152,2026-02-22 16:26:47,1,bulk_download
7.7,43.0,39,15,14,11,9,5,17,4,29824412,41320,0,1033,7171.947555099,2026-02-22 16:26:48,1,bulk_download
8.4,43.1,39,15,14,11,9,5,17,4,30858465,50117,0,1062,7173.026231084,2026-02-22 16:26:50,1,bulk_download
15.2,43.5,39,15,14,11,9,5,18,3,27274005,40452,0,930,7174.105900336,2026-02-22 16:26:51,0,normal
10.0,43.4,39,15,14,11,9,5,18,3,0,0,0,0,7175.182232059,2026-02-22 16:26:52,0,normal
3.6,43.3,39,15,14,11,9,5,18,3,0,0,0,0,7176.258401709,2026-02-22 16:26:53,0,normal
1.9,43.3,39,15,14,11,9,5,18,3,0,0,0,0,7177.334269782,2026-02-22 16:26:54,0,normal
10.1,43.5,42,15,17,11,9,5,18,3,137284,10888,2,63,7178.412861169,2026-02-22 16:26:55,0,normal
12.1,43.9,42,15,17,11,9,5,18,3,129376,2335,0,32,7179.491801242,2026-02-22 16:26:56,0,normal
3.2,43.9,42,15,17,11,9,5,18,3,1225,6794,0,7,7180.569568653,2026-02-22 16:26:57,0,normal
4.8,43.8,42,15,17,11,9,5,18,3,0,0,0,0,7181.645080756,2026-02-22 16:26:58,0,normal
4.1,43.8,42,15,17,11,9,5,18,3,0,0,0,0,7182.718737354,2026-02-22 16:26:59,0,normal
4.8,43.9,39,15,13,11,9,5,18,3,1602,696,0,12,7183.793863191,2026-02-22 16:27:00,0,normal
7.0,43.7,39,15,13,11,10,5,18,3,780,362,0,5,7184.872017378,2026-02-22 16:27:01,0,normal
7.6,43.6,38,15,13,11,9,5,18,3,141,143,0,2,7185.946587,2026-02-22 16:27:02,0,normal
3.0,43.6,38,15,13,11,9,5,18,3,0,0,0,0,7187.023655557,2026-02-22 16:27:04,0,normal
3.0,43.6,38,15,13,11,9,5,18,3,0,0,0,0,7188.100113637,2026-02-22 16:27:05,0,normal
4.7,43.8,38,15,13,11,9,5,18,3,0,0,0,0,7189.174702626,2026-02-22 16:27:06,0,normal
2.7,43.7,38,15,13,11,9,5,18,3,459,223,0,3,7190.249888387,2026-02-22 16:27:07,0,normal
3.4,43.7,38,15,13,11,9,5,18,3,0,0,0,0,7191.322995822,2026-02-22 16:27:08,0,normal
5.0,43.8,38,15,13,11,9,5,18,3,0,0,0,0,7192.397613846,2026-02-22 16:27:09,0,normal
5.8,43.9,38,15,12,11,10,5,18,3,1052691,7741,0,67,7193.472598279,2026-02-22 16:27:10,0,normal
9.4,43.3,38,15,12,11,10,5,18,3,1720882,4730,0,75,7194.545389441,2026-02-22 16:27:11,0,normal
6.8,43.3,38,14,12,11,10,5,18,3,0,0,0,0,7195.618551119,2026-02-22 16:27:12,0,normal
1.6,43.3,38,14,12,11,10,5,18,3,0,0,0,0,7196.694267004,2026-02-22 16:27:13,0,normal
3.2,43.1,38,14,11,11,11,5,18,3,1671,2296,0,10,7197.768316681,2026-02-22 16:27:14,0,normal
2.7,43.2,38,14,11,11,11,5,18,3,78,28,0,1,7198.842276629,2026-02-22 16:27:15,0,normal
4.4,43.1,38,14,11,11,11,5,18,3,0,0,0,0,7199.917364695,2026-02-22 16:27:16,0,normal
5.4,43.1,38,14,11,11,11,5,18,3,0,0,0,0,7200.995345205,2026-02-22 16:27:17,0,normal
3.8,43.1,38,14,11,11,11,5,18,3,0,0,0,0,7202.074751593,2026-02-22 16:27:19,0,normal
4.9,43.1,38,14,11,11,11,5,18,3,0,0,0,0,7203.150327587,2026-02-22 16:27:20,0,normal
3.3,43.0,38,14,10,11,12,5,18,3,408,271,0,4,7204.227114725,2026-02-22 16:27:21,0,normal
1.9,43.1,38,14,10,11,12,5,18,3,0,0,0,0,7205.301311147,2026-02-22 16:27:22,0,normal
4.9,43.2,37,14,10,11,11,5,18,3,0,0,0,0,7206.373685657,2026-02-22 16:27:23,0,normal
3.3,43.2,37,14,10,11,11,5,18,3,0,0,0,0,7207.451326258,2026-02-22 16:27:24,0,normal
1.5,43.2,37,14,10,11,11,5,18,3,0,0,0,0,7208.528802201,2026-02-22 16:27:25,0,normal
9.9,43.3,38,14,11,11,11,5,19,4,13313,882,0,8,7209.604420914,2026-02-22 16:27:26,0,normal
12.6,43.8,36,16,12,11,8,5,19,4,1063671,29712,4,160,7210.682967438,2026-02-22 16:27:27,0,normal
16.0,43.5,40,19,14,11,10,5,23,4,128421,29255,8,94,7211.760711895,2026-02-22 16:27:28,0,normal
8.7,43.4,40,20,14,11,10,5,23,4,7939,10512,0,19,7212.836267489,2026-02-22 16:27:29,0,normal
8.3,43.4,40,20,14,11,10,5,23,4,78,28,0,1,7213.912626092,2026-02-22 16:27:30,0,normal
10.0,43.2,41,20,15,11,10,5,23,4,7966,4270,0,17,7214.993036035,2026-02-22 16:27:31,0,normal
6.8,43.3,41,20,15,11,10,5,23,4,0,0,0,0,7216.071233041,2026-02-22 16:27:33,0,normal
4.0,43.3,41,20,15,11,10,5,23,4,2178131,11273,0,120,7217.147949196,2026-02-22 16:27:34,0,normal
6.1,43.4,41,20,14,11,11,5,23,4,408,271,0,4,7218.225946318,2026-02-22 16:27:35,0,normal
5.0,43.2,41,20,14,11,11,5,23,4,0,0,0,0,7219.299176073,2026-02-22 16:27:36,0,normal
7.7,43.1,40,21,13,11,11,5,22,3,5619,19821,2,21,7220.374804695,2026-02-22 16:27:37,0,normal
12.7,43.8,40,21,13,11,11,5,22,3,1898,495,0,7,7221.453285476,2026-02-22 16:27:38,0,normal
7.0,43.7,40,21,13,11,11,5,22,3,3070,16762,0,18,7222.53070903,2026-02-22 16:27:39,0,normal
16.9,43.7,40,21,13,11,11,5,22,3,1907,265,0,3,7223.615789077,2026-02-22 16:27:40,0,normal
17.5,43.7,41,22,14,11,11,5,23,3,81077,10211,0,36,7224.699950999,2026-02-22 16:27:41,0,normal
14.6,43.7,41,23,14,11,11,5,23,3,11677,11640,2,38,7225.774959867,2026-02-22 16:27:42,0,normal
3.8,43.7,39,23,14,11,9,5,22,3,0,0,0,0,7226.85065217,2026-02-22 16:27:43,0,normal
15.0,44.8,39,25,14,11,9,5,22,3,107495,13262,4,47,7227.925376032,2026-02-22 16:27:44,0,normal
33.5,45.8,43,25,18,11,9,5,23,4,35242,17810,0,60,7229.007454199,2026-02-22 16:27:45,0,normal
19.4,45.3,42,25,17,11,9,5,23,4,5817,2734,0,22,7230.085139074,2026-02-22 16:27:47,0,normal
19.1,46.1,42,25,17,11,9,5,23,4,764,1022,0,9,7231.165210192,2026-02-22 16:27:48,0,normal
20.9,46.0,42,25,17,11,9,5,23,4,10068,6252,0,16,7232.244545837,2026-02-22 16:27:49,0,normal
16.6,46.0,42,25,17,11,9,5,23,4,1702,1987,0,12,7233.324169013,2026-02-22 16:27:50,0,normal
19.1,46.2,45,25,18,11,9,5,25,5,74005,6329,5,41,7234.405286406,2026-02-22 16:27:51,0,normal
19.9,46.0,45,25,18,11,9,5,25,5,0,120,0,2,7235.483333552,2026-02-22 16:27:52,0,normal
9.9,46.2,45,25,18,11,9,5,25,5,206,326,2,4,7236.558094925,2026-02-22 16:27:53,0,normal
15.6,46.3,46,25,19,11,9,5,25,5,12070,7499,0,29,7237.635839271,2026-02-22 16:27:54,0,normal
5.6,46.1,46,25,17,11,9,5,24,5,2560945,13441,0,159,7238.717190935,2026-02-22 16:27:55,0,normal
8.9,46.0,44,25,17,11,9,5,24,5,232185,1419,0,23,7239.792697748,2026-02-22 16:27:56,0,normal
7.6,46.0,43,23,18,11,9,5,24,4,110,801,0,5,7240.873135654,2026-02-22 16:27:57,0,normal
5.5,46.1,44,19,18,11,9,5,23,4,12137,16775,4,44,7241.949423183,2026-02-22 16:27:58,0,normal
12.0,46.0,46,18,20,11,10,5,24,5,15531,8729,0,59,7243.032851257,2026-02-22 16:28:00,1,tcp_connection_flood
14.1,45.5,46,18,20,11,10,5,24,5,6780,1748,0,38,7244.11367049,2026-02-22 16:28:01,1,tcp_connection_flood
21.5,46.0,46,20,20,11,10,5,24,5,6938,2338,1,44,7245.196337053,2026-02-22 16:28:02,1,tcp_connection_flood
3.2,46.1,46,20,20,11,10,5,24,5,5882,1970,1,36,7246.278150072,2026-02-22 16:28:03,1,tcp_connection_flood
7.9,46.1,45,20,19,11,9,5,24,5,6960,1880,0,41,7247.360013747,2026-02-22 16:28:04,1,tcp_connection_flood
9.4,46.1,45,22,19,11,9,5,23,6,7526,2466,1,46,7248.439234297,2026-02-22 16:28:05,1,tcp_connection_flood
3.6,46.0,45,26,18,11,9,5,23,6,6840,1944,0,41,7249.517862784,2026-02-22 16:28:06,1,tcp_connection_flood
4.2,45.9,44,26,19,11,9,5,23,5,6960,1916,0,41,7250.59621372,2026-02-22 16:28:07,1,tcp_connection_flood
5.8,45.9,44,26,19,11,9,5,23,5,7308,1932,0,42,7251.676896897,2026-02-22 16:28:08,1,tcp_connection_flood
4.7,45.9,44,29,19,11,9,5,23,5,7748,9355,1,57,7252.753962358,2026-02-22 16:28:09,1,tcp_connection_flood
7.5,45.9,44,29,19,11,9,5,23,5,6984,1840,0,40,7253.832108921,2026-02-22 16:28:10,1,tcp_connection_flood
6.5,46.0,44,28,19,11,9,5,23,5,6432,1656,0,36,7254.909889234,2026-02-22 16:28:11,1,tcp_connection_flood
7.4,45.6,43,27,19,11,8,5,23,5,6444,1748,0,38,7255.99219053,2026-02-22 16:28:12,1,tcp_connection_flood
6.9,45.4,44,27,18,11,8,5,23,6,5568,1512,0,33,7257.068465347,2026-02-22 16:28:14,1,tcp_connection_flood
10.3,45.6,43,27,19,11,8,5,23,5,460554,5989,0,43,7258.155159266,2026-02-22 16:28:15,1,tcp_connection_flood
13.4,45.7,42,26,19,11,7,5,23,5,3574507,13109,0,217,7259.241165311,2026-02-22 16:28:16,1,tcp_connection_flood
2.2,45.8,42,26,19,11,7,5,23,5,7393,2471,1,45,7260.318603753,2026-02-22 16:28:17,1,tcp_connection_flood
6.4,45.7,42,26,19,11,7,5,23,5,6444,1748,0,38,7261.39681144,2026-02-22 16:28:18,1,tcp_connection_flood
4.5,45.7,42,26,19,11,7,5,23,5,7140,1840,0,40,7262.474623474,2026-02-22 16:28:19,1,tcp_connection_flood
7.6,45.7,42,25,19,11,7,5,23,5,7656,2024,0,44,7263.554882864,2026-02-22 16:28:20,1,tcp_connection_flood
10.2,45.6,42,25,19,11,7,5,23,5,7140,1932,0,42,7264.63154045,2026-02-22 16:28:21,1,tcp_connection_flood
9.3,45.6,42,25,19,11,7,5,23,5,7500,1932,0,42,7265.713061281,2026-02-22 16:28:22,1,tcp_connection_flood
8.1,45.7,42,25,19,11,7,5,23,5,7320,1972,0,43,7266.791134345,2026-02-22 16:28:23,1,tcp_connection_flood
11.3,46.5,41,25,19,11,6,5,22,5,6612,1748,0,38,7267.8701771,2026-02-22 16:28:24,1,tcp_connection_flood
17.2,45.0,41,25,19,11,6,5,22,5,7862,4205,2,46,7268.952081862,2026-02-22 16:28:25,1,tcp_connection_flood
12.3,44.8,41,25,19,11,6,5,22,5,8244,2236,0,48,7270.034611808,2026-02-22 16:28:27,1,tcp_connection_flood
12.4,44.8,41,25,19,11,6,5,22,5,7435,2166,0,45,7271.118261548,2026-02-22 16:28:28,1,tcp_connection_flood
8.6,44.7,38,25,19,11,3,5,20,5,5568,1512,0,33,7272.193626185,2026-02-22 16:28:29,1,tcp_connection_flood
6.3,44.7,38,25,19,11,3,5,20,5,6276,1736,0,38,7273.270911759,2026-02-22 16:28:30,1,tcp_connection_flood
14.5,44.5,38,25,19,11,3,5,20,5,7629,2103,0,45,7274.346714869,2026-02-22 16:28:31,1,tcp_connection_flood
12.2,44.3,38,25,19,11,3,5,20,5,6612,1788,0,39,7275.426667504,2026-02-22 16:28:32,1,tcp_connection_flood
14.7,44.4,37,25,19,11,2,5,19,5,7802,2522,1,48,7276.509738487,2026-02-22 16:28:33,1,tcp_connection_flood
10.1,44.2,38,25,18,11,2,5,19,6,8122,4538,0,50,7277.58583615,2026-02-22 16:28:34,1,tcp_connection_flood
13.9,44.1,37,25,18,11,3,5,19,5,7378,2151,0,45,7278.665391679,2026-02-22 16:28:35,1,tcp_connection_flood
22.0,44.2,37,30,17,11,2,5,19,7,149750,24478,2,93,7279.7435057,2026-02-22 16:28:36,1,tcp_connection_flood
17.5,44.4,37,29,19,11,2,5,19,5,48872,18291,2,82,7280.821892463,2026-02-22 16:28:37,1,tcp_connection_flood
10.2,44.4,37,29,19,11,2,5,19,5,10057,2315,0,47,7281.898463325,2026-02-22 16:28:38,1,tcp_connection_flood
9.0,44.5,37,29,19,11,2,5,19,5,7191,2023,0,43,7282.977046057,2026-02-22 16:28:39,1,tcp_connection_flood
12.7,44.5,37,29,19,11,2,5,19,5,8065,2259,0,48,7284.057494152,2026-02-22 16:28:41,1,tcp_connection_flood
9.3,44.4,37,29,19,11,2,5,19,5,3735290,18290,0,246,7285.136119703,2026-02-22 16:28:42,1,tcp_connection_flood
6.9,44.5,37,29,19,11,2,5,19,5,6780,1748,0,38,7286.213126163,2026-02-22 16:28:43,1,tcp_connection_flood
11.2,44.3,37,29,19,11,2,5,19,5,6030,1798,0,37,7287.289456323,2026-02-22 16:28:44,1,tcp_connection_flood
13.7,44.3,37,29,19,11,2,5,19,5,9388,2758,0,58,7288.367577838,2026-02-22 16:28:45,1,tcp_connection_flood
11.4,44.3,38,29,18,11,2,5,19,6,7626,2012,0,43,7289.450338358,2026-02-22 16:28:46,1,tcp_connection_flood
14.4,44.3,37,29,19,11,2,5,19,5,7062,1840,0,40,7290.52878833,2026-02-22 16:28:47,1,tcp_connection_flood
7.2,44.3,38,29,18,11,2,5,19,6,6276,1696,0,37,7291.606399446,2026-02-22 16:28:48,1,tcp_connection_flood
9.3,44.3,38,29,18,11,2,5,19,6,7308,1972,0,43,7292.683887471,2026-02-22 16:28:49,1,tcp_connection_flood
5.2,44.3,38,29,18,11,2,5,19,6,6276,1656,0,36,7293.760145806,2026-02-22 16:28:50,1,tcp_connection_flood
6.8,44.4,37,29,19,11,2,5,19,5,5220,1380,0,30,7294.836921463,2026-02-22 16:28:51,1,tcp_connection_flood
6.7,44.3,37,29,19,11,2,5,19,5,7320,1932,0,42,7295.916408222,2026-02-22 16:28:52,1,tcp_connection_flood
7.9,44.5,37,29,19,11,2,5,19,5,6612,1788,0,39,7296.993704246,2026-02-22 16:28:53,1,tcp_connection_flood
7.9,44.5,37,29,19,11,2,5,19,5,7320,1932,0,42,7298.071343004,2026-02-22 16:28:55,1,tcp_connection_flood
9.0,44.3,37,29,19,11,2,5,19,5,6972,1840,0,40,7299.150361554,2026-02-22 16:28:56,1,tcp_connection_flood
8.4,44.4,38,29,18,11,2,5,19,6,6972,1880,0,41,7300.228570613,2026-02-22 16:28:57,1,tcp_connection_flood
7.0,44.4,37,29,19,11,2,5,19,5,6585,1891,0,40,7301.307705862,2026-02-22 16:28:58,1,tcp_connection_flood
8.5,44.3,37,29,19,11,2,5,19,5,7301,2013,0,42,7302.388159778,2026-02-22 16:28:59,1,tcp_connection_flood
7.8,44.3,37,29,19,11,2,5,19,5,6960,1880,0,41,7303.467124287,2026-02-22 16:29:00,1,tcp_connection_flood
9.7,44.3,37,29,18,11,1,5,18,6,7344,1972,0,43,7304.545417616,2026-02-22 16:29:01,1,tcp_connection_flood
5.8,44.4,36,29,19,11,1,5,18,5,7320,1932,0,42,7305.624718266,2026-02-22 16:29:02,1,tcp_connection_flood
15.0,44.3,36,29,19,11,1,5,18,5,15717,5474,0,43,7306.704080591,2026-02-22 16:29:03,1,tcp_connection_flood
17.4,44.3,36,29,19,11,1,5,18,5,3806543,14083,0,229,7307.783889617,2026-02-22 16:29:04,1,tcp_connection_flood
16.3,44.4,37,29,18,11,1,5,18,6,7454,2390,1,45,7308.863765377,2026-02-22 16:29:05,1,tcp_connection_flood
11.5,44.3,36,27,19,11,1,5,18,5,6492,1776,0,38,7309.942823492,2026-02-22 16:29:06,1,tcp_connection_flood
13.0,44.2,36,25,19,11,1,5,18,5,7656,2024,0,44,7311.023934513,2026-02-22 16:29:08,1,tcp_connection_flood
12.7,44.2,37,25,18,11,1,5,18,6,7308,1932,0,42,7312.104103795,2026-02-22 16:29:09,1,tcp_connection_flood
14.3,44.2,36,25,19,11,1,5,18,5,6792,1840,0,40,7313.18279498,2026-02-22 16:29:10,1,tcp_connection_flood
16.6,44.3,36,26,19,11,1,5,18,5,14981,5842,0,41,7314.26306984,2026-02-22 16:29:11,1,tcp_connection_flood
12.5,44.3,36,27,19,11,1,5,18,5,16286,21899,2,66,7315.349783866,2026-02-22 16:29:12,1,tcp_connection_flood
6.9,44.3,36,27,19,11,1,5,18,5,6624,1788,0,39,7316.428810911,2026-02-22 16:29:13,1,tcp_connection_flood
8.4,44.3,36,27,18,11,1,5,18,5,6266,5064,0,40,7317.503838435,2026-02-22 16:29:14,1,tcp_connection_flood
8.6,44.4,35,27,18,11,1,5,18,4,454,132,0,3,7318.583284167,2026-02-22 16:29:15,0,normal
7.2,44.3,35,27,18,11,1,5,18,4,78,28,0,1,7319.662262562,2026-02-22 16:29:16,0,normal
4.3,44.4,35,27,18,11,1,5,18,4,0,0,0,0,7320.740630578,2026-02-22 16:29:17,0,normal
3.3,44.4,35,27,18,11,1,5,18,4,0,0,0,0,7321.816610821,2026-02-22 16:29:18,0,normal
3.6,44.3,35,27,18,11,1,5,18,4,0,0,0,0,7322.89274811,2026-02-22 16:29:19,0,normal
5.3,44.3,34,27,17,11,1,5,17,4,434,156,0,3,7323.96860961,2026-02-22 16:29:20,0,normal
3.2,43.9,34,27,17,11,1,5,17,4,0,0,0,0,7325.04456659,2026-02-22 16:29:22,0,normal
1.9,43.9,34,27,17,11,1,5,17,4,173,173,0,2,7326.120308745,2026-02-22 16:29:23,0,normal
6.0,43.8,34,27,17,11,1,5,17,4,0,91,0,1,7327.195259593,2026-02-22 16:29:24,0,normal
6.7,43.8,34,27,17,11,1,5,17,4,141,52,0,1,7328.274847082,2026-02-22 16:29:25,0,normal
7.2,43.8,34,27,17,11,1,5,17,4,3138057,15864,0,191,7329.349215206,2026-02-22 16:29:26,0,normal
6.0,43.8,34,27,17,11,1,5,17,4,228,132,0,2,7330.425871739,2026-02-22 16:29:27,0,normal
2.9,43.9,34,27,17,11,1,5,17,4,0,0,0,0,7331.502858251,2026-02-22 16:29:28,0,normal
3.0,43.9,34,27,17,11,1,5,17,4,141,143,0,2,7332.578139891,2026-02-22 16:29:29,0,normal
5.2,43.8,34,27,17,11,1,5,17,4,0,0,0,0,7333.653772401,2026-02-22 16:29:30,0,normal
7.4,43.9,35,28,18,11,1,5,18,4,19316,8942,2,28,7334.729352542,2026-02-22 16:29:31,0,normal
11.3,44.2,42,29,23,11,3,5,22,4,1247549,52996,6,271,7335.806672556,2026-02-22 16:29:32,0,normal
17.2,44.8,43,29,24,11,3,5,22,4,438086,13679,2,88,7336.884578311,2026-02-22 16:29:33,0,normal
3.4,44.8,43,29,24,11,3,5,22,4,0,0,0,0,7337.961923602,2026-02-22 16:29:34,0,normal
14.2,45.1,45,29,26,11,3,5,22,4,590786,18666,0,216,7339.038672392,2026-02-22 16:29:36,0,normal
7.0,45.2,45,29,26,11,3,5,22,4,57985,1330,0,24,7340.120248849,2026-02-22 16:29:37,0,normal
9.0,45.1,44,29,26,11,2,5,21,4,8894,17632,0,24,7341.198277494,2026-02-22 16:29:38,0,normal
5.1,45.2,43,29,25,11,2,5,21,4,880,495,0,9,7342.275962738,2026-02-22 16:29:39,0,normal
8.4,45.2,43,29,25,11,2,5,21,4,173,173,0,2,7343.355920849,2026-02-22 16:29:40,0,normal
8.0,45.1,40,28,22,11,2,5,20,4,1170,540,0,9,7344.436177736,2026-02-22 16:29:41,0,normal
6.8,44.6,40,28,22,11,2,5,20,4,282,286,0,4,7345.518088566,2026-02-22 16:29:42,0,normal
4.5,44.5,40,28,22,11,2,5,20,4,372,286,0,4,7346.594441959,2026-02-22 16:29:43,0,normal
1.6,44.5,40,28,22,11,2,5,20,4,0,0,0,0,7347.671071977,2026-02-22 16:29:44,0,normal
1.9,44.5,40,28,22,11,2,5,20,4,0,0,0,0,7348.747519574,2026-02-22 16:29:45,0,normal
5.9,44.5,40,28,22,11,2,5,20,4,228,80,0,1,7349.82462043,2026-02-22 16:29:46,0,normal
3.2,44.6,40,28,22,11,2,5,20,4,0,0,0,0,7350.90166517,2026-02-22 16:29:47,0,normal
6.5,44.7,40,30,22,11,2,5,20,5,2456,5462,2,22,7351.976764445,2026-02-22 16:29:48,0,normal
8.6,44.6,43,30,23,11,4,5,23,4,161638,29637,6,165,7353.054118682,2026-02-22 16:29:50,0,normal
13.5,44.7,44,32,24,11,4,5,23,4,292839,15304,2,83,7354.136203678,2026-02-22 16:29:51,0,normal
6.6,44.8,44,32,24,11,4,5,23,4,2440258,13157,0,141,7355.219092069,2026-02-22 16:29:52,0,normal
5.7,44.7,44,32,24,11,4,5,23,4,1557094,5378,0,82,7356.298643692,2026-02-22 16:29:53,0,normal
3.5,44.8,44,32,24,11,4,5,23,4,660,3301,0,5,7357.37519876,2026-02-22 16:29:54,0,normal
5.8,44.8,44,32,24,11,4,5,23,4,0,0,0,0,7358.450615928,2026-02-22 16:29:55,0,normal
7.4,44.8,44,32,24,11,4,5,23,4,141,143,0,2,7359.528060114,2026-02-22 16:29:56,0,normal
3.0,44.8,44,32,24,11,4,5,23,4,0,0,0,0,7360.60539193,2026-02-22 16:29:57,0,normal
4.6,44.6,44,32,24,11,4,5,23,4,0,0,0,0,7361.682313731,2026-02-22 16:29:58,0,normal
4.4,44.6,44,32,24,11,4,5,23,4,0,0,0,0,7362.760614964,2026-02-22 16:29:59,0,normal
2.3,44.7,44,32,24,11,4,5,23,4,0,0,0,0,7363.838927687,2026-02-22 16:30:00,0,normal
10.6,44.6,44,32,24,11,4,5,23,4,0,0,0,0,7364.920667439,2026-02-22 16:30:01,0,normal
7.2,44.6,44,32,24,11,4,5,23,4,0,0,0,0,7366.001483198,2026-02-22 16:30:02,0,normal
5.2,44.7,44,31,24,11,4,5,23,4,0,0,0,0,7367.083430176,2026-02-22 16:30:04,0,normal
2.9,44.6,44,31,24,11,4,5,23,4,0,0,0,0,7368.163162306,2026-02-22 16:30:05,0,normal
5.6,44.6,44,31,24,11,4,5,23,4,0,0,0,0,7369.241394821,2026-02-22 16:30:06,0,normal
3.4,44.6,44,30,24,11,4,5,23,4,254,80,0,1,7370.31859885,2026-02-22 16:30:07,0,normal
2.6,44.7,44,29,24,11,4,5,23,4,173,173,0,2,7371.395652688,2026-02-22 16:30:08,0,normal
1.5,44.7,44,29,24,11,4,5,23,4,146,458,1,3,7372.472819947,2026-02-22 16:30:09,0,normal
3.3,44.6,44,29,24,11,4,5,23,4,0,0,0,0,7373.550393746,2026-02-22 16:30:10,0,normal
4.2,44.7,44,29,24,11,4,5,23,4,2043856,11236,0,124,7374.626350539,2026-02-22 16:30:11,0,normal
4.7,44.8,44,29,24,11,4,5,23,4,1391828,5449,0,86,7375.705931547,2026-02-22 16:30:12,0,normal
3.1,44.7,44,29,24,11,4,5,23,4,0,0,0,0,7376.783107272,2026-02-22 16:30:13,0,normal
2.9,44.7,44,29,24,11,4,5,23,4,0,0,0,0,7377.860206875,2026-02-22 16:30:14,0,normal
4.4,44.8,44,29,24,11,4,5,23,4,0,0,0,0,7378.937778768,2026-02-22 16:30:15,0,normal
3.8,44.7,44,29,24,11,4,5,23,4,0,0,0,0,7380.018181247,2026-02-22 16:30:17,0,normal
5.0,44.7,44,29,24,11,4,5,23,4,0,0,0,0,7381.094641388,2026-02-22 16:30:18,0,normal
5.1,44.6,44,29,23,11,5,5,23,4,396,271,0,4,7382.172277641,2026-02-22 16:30:19,0,normal
5.2,44.8,44,27,21,11,7,5,23,4,776,542,0,8,7383.253384062,2026-02-22 16:30:20,0,normal
6.6,44.6,44,25,21,11,7,5,23,4,0,0,0,0,7384.330171974,2026-02-22 16:30:21,0,normal
8.2,44.7,44,25,20,11,8,5,23,4,102,219,0,3,7385.408218953,2026-02-22 16:30:22,0,normal
5.3,44.7,44,25,20,11,8,5,23,4,282,80,0,2,7386.484743594,2026-02-22 16:30:23,0,normal
4.5,44.8,44,25,20,11,8,5,23,4,0,0,0,0,7387.562217154,2026-02-22 16:30:24,0,normal
3.5,44.7,44,25,20,11,8,5,23,4,0,0,0,0,7388.640477761,2026-02-22 16:30:25,0,normal
6.5,44.8,44,25,20,11,8,5,23,4,228,80,0,1,7389.716375324,2026-02-22 16:30:26,0,normal
1.6,44.8,44,25,20,11,8,5,23,4,0,0,0,0,7390.793962916,2026-02-22 16:30:27,0,normal
6.2,44.7,44,25,20,11,8,5,23,4,173,173,0,2,7391.877726278,2026-02-22 16:30:28,0,normal
7.1,44.7,44,25,20,11,8,5,23,4,231,143,0,2,7392.956970699,2026-02-22 16:30:29,0,normal
10.9,44.9,44,25,20,11,8,5,23,4,0,0,0,0,7394.035542807,2026-02-22 16:30:31,0,normal
7.6,44.8,44,25,19,11,9,5,23,4,756,557,0,8,7395.114647077,2026-02-22 16:30:32,0,normal
4.6,44.9,44,25,19,11,9,5,23,4,0,0,0,0,7396.195173326,2026-02-22 16:30:33,0,normal
4.5,44.9,44,25,19,11,9,5,23,4,0,3185,0,3,7397.274760686,2026-02-22 16:30:34,0,normal
2.2,44.8,44,25,19,11,9,5,23,4,918,286,0,4,7398.352964256,2026-02-22 16:30:35,0,normal
6.5,44.9,42,25,19,11,7,5,23,4,282,286,0,4,7399.429638106,2026-02-22 16:30:36,0,normal
6.0,44.8,40,25,17,11,7,5,23,3,804328,7221,0,62,7400.506652801,2026-02-22 16:30:37,0,normal
4.3,44.9,40,25,17,11,7,5,23,3,2894976,9992,0,158,7401.587239443,2026-02-22 16:30:38,0,normal
4.6,44.8,40,25,17,11,7,5,23,3,126,76,0,1,7402.664140625,2026-02-22 16:30:39,0,normal
6.0,44.8,40,25,17,11,7,5,23,3,0,0,0,0,7403.740231469,2026-02-22 16:30:40,0,normal
5.9,44.8,40,25,17,11,7,5,23,3,78,28,0,1,7404.816479705,2026-02-22 16:30:41,0,normal
1.8,44.9,40,25,17,11,7,5,23,3,0,0,0,0,7405.901644751,2026-02-22 16:30:42,0,normal
7.4,44.7,40,25,17,11,7,5,23,3,0,0,0,0,7406.986208274,2026-02-22 16:30:43,0,normal
3.4,44.8,40,25,17,11,7,5,23,3,0,0,0,0,7408.067966951,2026-02-22 16:30:45,0,normal
8.5,44.8,40,25,17,11,7,5,23,3,0,48,0,1,7409.147108099,2026-02-22 16:30:46,0,normal
4.5,44.7,40,25,17,11,7,5,23,3,228,80,0,1,7410.222463892,2026-02-22 16:30:47,0,normal
2.2,44.7,40,25,17,11,7,5,23,3,231,143,0,2,7411.298198131,2026-02-22 16:30:48,0,normal
1.8,44.8,40,25,17,11,7,5,23,3,20615,326,0,5,7412.375036237,2026-02-22 16:30:49,1,udp_flood
9.3,44.8,39,25,16,11,7,5,23,3,103088,637,0,10,7413.453028614,2026-02-22 16:30:50,1,udp_flood
15.8,45.2,40,25,16,11,7,5,24,4,102301,203,0,3,7414.532055298,2026-02-22 16:30:51,1,udp_flood
14.8,45.3,38,25,16,11,5,5,22,4,100890,60,0,1,7415.617312796,2026-02-22 16:30:52,1,udp_flood
15.0,45.1,38,25,17,11,5,5,22,3,98028,915,0,6,7416.70040627,2026-02-22 16:30:53,1,udp_flood
13.7,45.2,37,25,16,11,5,5,21,3,108722,1742,0,9,7417.77937635,2026-02-22 16:30:54,1,udp_flood
6.9,45.3,37,25,16,11,5,5,21,3,98530,0,0,0,7418.860547341,2026-02-22 16:30:55,1,udp_flood
17.7,45.1,37,25,16,11,5,5,21,3,95753,173,0,2,7419.94065998,2026-02-22 16:30:56,1,udp_flood
13.8,45.1,39,25,16,11,5,5,22,4,103238,120,0,2,7421.017927706,2026-02-22 16:30:58,1,udp_flood
12.4,45.1,39,25,16,11,5,5,22,4,103894,148,0,3,7422.098021089,2026-02-22 16:30:59,1,udp_flood
12.3,45.2,37,25,16,11,5,5,21,3,4823877,20458,0,270,7423.176179335,2026-02-22 16:31:00,1,udp_flood
14.7,45.1,37,25,16,11,5,5,21,3,102058,0,0,0,7424.259362266,2026-02-22 16:31:01,1,udp_flood
9.6,45.1,37,25,16,11,5,5,21,3,103816,0,0,0,7425.343423303,2026-02-22 16:31:02,1,udp_flood
10.7,45.1,37,25,16,11,5,5,21,3,103816,0,0,0,7426.421066429,2026-02-22 16:31:03,1,udp_flood
6.3,45.2,37,25,16,11,5,5,21,3,104430,0,0,0,7427.49869608,2026-02-22 16:31:04,1,udp_flood
7.1,45.2,37,25,16,11,5,5,21,3,108548,0,0,0,7428.578103073,2026-02-22 16:31:05,1,udp_flood
10.5,45.1,37,25,16,11,5,5,21,3,99938,80,0,1,7429.654365166,2026-02-22 16:31:06,1,udp_flood
8.6,45.1,37,25,16,11,5,5,21,3,105919,63,0,1,7430.73216837,2026-02-22 16:31:07,1,udp_flood
9.6,45.2,37,25,16,11,5,5,21,3,96736,0,0,0,7431.811096751,2026-02-22 16:31:08,1,udp_flood
4.1,44.7,37,25,16,11,5,5,21,3,107356,0,0,0,7432.888622368,2026-02-22 16:31:09,1,udp_flood
8.6,44.7,37,25,16,11,5,5,21,3,102058,0,0,0,7433.968482326,2026-02-22 16:31:10,1,udp_flood
9.0,44.6,37,25,16,11,5,5,21,3,97338,0,0,0,7435.044921558,2026-02-22 16:31:12,1,udp_flood
7.9,44.5,37,25,16,11,5,5,21,3,100300,0,0,0,7436.120130708,2026-02-22 16:31:13,1,udp_flood
5.9,44.6,37,27,16,11,5,5,21,4,97790,121,0,1,7437.197808258,2026-02-22 16:31:14,1,udp_flood
5.2,44.6,37,25,16,11,5,5,21,3,107963,3561,0,8,7438.275242325,2026-02-22 16:31:15,1,udp_flood
6.1,44.5,37,25,16,11,5,5,21,3,96586,0,0,0,7439.351587953,2026-02-22 16:31:16,1,udp_flood
18.6,45.2,37,25,16,11,5,5,21,3,102648,0,0,0,7440.429659959,2026-02-22 16:31:17,1,udp_flood
10.1,45.1,37,25,16,11,5,5,21,3,764352,6197,0,44,7441.508958611,2026-02-22 16:31:18,1,udp_flood
13.7,45.4,37,25,16,11,5,5,21,3,822625,2548,0,41,7442.590454978,2026-02-22 16:31:19,1,udp_flood
10.2,45.2,34,25,16,11,2,5,19,3,98530,0,0,0,7443.669747689,2026-02-22 16:31:20,1,udp_flood
8.6,45.1,34,25,16,11,2,5,19,3,104430,0,0,0,7444.748706848,2026-02-22 16:31:21,1,udp_flood
17.3,45.1,34,25,16,11,2,5,19,3,100890,0,0,0,7445.830976877,2026-02-22 16:31:22,1,udp_flood
15.3,45.2,34,25,16,11,2,5,19,3,97916,0,0,0,7446.912830501,2026-02-22 16:31:23,1,udp_flood
6.9,45.3,33,25,16,11,1,5,18,3,99698,0,0,0,7447.991254543,2026-02-22 16:31:24,1,udp_flood
12.7,45.2,33,25,16,11,1,5,18,3,104996,0,0,0,7449.068975013,2026-02-22 16:31:26,1,udp_flood
9.6,45.3,33,25,16,11,1,5,18,3,101708,80,0,1,7450.145053623,2026-02-22 16:31:27,1,udp_flood
11.6,45.3,33,25,16,11,1,5,18,3,97557,171,0,3,7451.228143932,2026-02-22 16:31:28,1,udp_flood
11.6,45.3,33,25,15,11,2,5,18,3,101310,271,0,4,7452.308843645,2026-02-22 16:31:29,1,udp_flood
15.4,45.2,33,25,15,11,2,5,18,3,105392,286,0,4,7453.387658916,2026-02-22 16:31:30,1,udp_flood
13.3,45.2,33,25,15,11,2,5,18,3,94376,0,0,0,7454.467514655,2026-02-22 16:31:31,1,udp_flood
15.6,45.1,33,25,15,11,2,5,18,3,102207,173,0,2,7455.54557548,2026-02-22 16:31:32,1,udp_flood
9.9,45.2,31,25,14,11,1,5,17,3,108010,335,0,5,7456.62275912,2026-02-22 16:31:33,1,udp_flood
15.0,45.1,31,25,14,11,1,5,17,3,104996,182,0,2,7457.70448763,2026-02-22 16:31:34,1,udp_flood
10.0,45.2,31,25,14,11,1,5,17,3,98788,104,0,2,7458.784932198,2026-02-22 16:31:35,1,udp_flood
19.7,45.1,31,28,14,11,1,5,17,4,102046,0,0,0,7459.873119406,2026-02-22 16:31:36,1,udp_flood
20.9,45.1,31,27,12,11,1,5,17,3,166628,8517,0,18,7460.953121198,2026-02-22 16:31:37,1,udp_flood
18.6,45.1,29,27,12,11,1,5,15,3,152116,18315,0,33,7462.03629376,2026-02-22 16:31:39,1,udp_flood
10.7,45.1,29,27,12,11,1,5,15,3,105020,0,0,0,7463.120547076,2026-02-22 16:31:40,1,udp_flood
13.3,45.2,29,27,12,11,1,5,15,3,107958,0,0,0,7464.198556515,2026-02-22 16:31:41,1,udp_flood
13.1,45.1,29,27,12,11,1,5,15,3,102070,0,0,0,7465.280265349,2026-02-22 16:31:42,1,udp_flood
10.9,45.2,29,27,12,11,1,5,15,3,1071457,7335,0,62,7466.36221965,2026-02-22 16:31:43,1,udp_flood
9.1,45.2,29,27,12,11,1,5,15,3,2783260,9425,0,149,7467.441271141,2026-02-22 16:31:44,1,udp_flood
8.0,45.2,29,27,12,11,1,5,15,3,102070,0,0,0,7468.521046802,2026-02-22 16:31:45,1,udp_flood
10.1,45.3,29,27,12,11,1,5,15,3,101337,223,0,3,7469.600530038,2026-02-22 16:31:46,1,udp_flood
11.1,45.3,29,27,12,11,1,5,15,3,103941,2646,0,12,7470.676554667,2026-02-22 16:31:47,1,udp_flood
10.1,45.3,29,27,12,11,1,5,15,3,99471,3535,0,10,7471.754578343,2026-02-22 16:31:48,1,udp_flood
11.3,45.4,29,27,12,11,1,5,15,3,104071,143,0,2,7472.831664801,2026-02-22 16:31:49,1,udp_flood
11.7,45.3,29,27,12,11,1,5,15,3,99698,0,0,0,7473.910794017,2026-02-22 16:31:50,1,udp_flood
9.9,45.2,29,27,12,11,1,5,15,3,100890,0,0,0,7474.991474564,2026-02-22 16:31:51,1,udp_flood
9.4,45.1,29,27,12,11,1,5,15,3,100890,0,0,0,7476.071631145,2026-02-22 16:31:53,1,udp_flood
8.6,45.2,29,27,12,11,1,5,15,3,102648,0,0,0,7477.148616095,2026-02-22 16:31:54,1,udp_flood
15.1,45.2,29,27,12,11,1,5,15,3,101718,3416,0,5,7478.227429161,2026-02-22 16:31:55,1,udp_flood
21.9,45.4,29,27,12,11,1,5,15,3,102427,250,2,3,7479.311914289,2026-02-22 16:31:56,1,udp_flood
17.6,45.2,29,27,12,11,1,5,15,3,103250,0,0,0,7480.391237557,2026-02-22 16:31:57,1,udp_flood
12.1,45.4,29,27,12,11,1,5,15,3,100252,0,0,0,7481.474595214,2026-02-22 16:31:58,1,udp_flood
9.2,44.8,29,27,12,11,1,5,15,3,100190,0,0,0,7482.552127714,2026-02-22 16:31:59,1,udp_flood
8.1,44.9,29,27,12,11,1,5,15,3,99788,28,0,1,7483.630685334,2026-02-22 16:32:00,1,udp_flood
9.2,44.9,29,27,12,11,1,5,15,3,104579,173,0,2,7484.708371811,2026-02-22 16:32:01,1,udp_flood
7.1,44.9,29,27,12,11,1,5,15,3,103268,28,0,1,7485.789357767,2026-02-22 16:32:02,1,udp_flood
10.7,44.9,29,27,12,11,1,5,15,3,104984,0,0,0,7486.867839767,2026-02-22 16:32:03,1,udp_flood
7.1,44.9,29,27,12,11,1,5,15,3,106200,0,0,0,7487.94325437,2026-02-22 16:32:04,1,udp_flood
11.2,44.8,29,27,12,11,1,5,15,3,97928,0,0,0,7489.021206181,2026-02-22 16:32:06,1,udp_flood
5.9,44.5,29,27,12,11,1,5,15,3,13892,120,0,2,7490.099474862,2026-02-22 16:32:07,0,normal
4.4,44.5,29,27,12,11,1,5,15,3,0,0,0,0,7491.178781749,2026-02-22 16:32:08,0,normal
4.3,44.5,29,25,12,11,1,5,15,3,5408027,23764,0,320,7492.255184421,2026-02-22 16:32:09,0,normal
3.1,44.5,29,25,12,11,1,5,15,3,0,0,0,0,7493.331690346,2026-02-22 16:32:10,0,normal
3.7,44.6,29,25,12,11,1,5,15,3,78,28,0,1,7494.408588795,2026-02-22 16:32:11,0,normal
2.7,44.6,29,25,12,11,1,5,15,3,0,0,0,0,7495.484397732,2026-02-22 16:32:12,0,normal
6.1,44.5,30,25,13,11,1,5,16,3,5870,3344,2,12,7496.559378225,2026-02-22 16:32:13,0,normal
8.5,44.8,39,25,17,11,6,5,20,3,1161746,45869,6,343,7497.634423389,2026-02-22 16:32:14,0,normal
8.8,44.9,39,25,17,11,6,5,20,3,730170,5118,0,80,7498.712188312,2026-02-22 16:32:15,0,normal
6.0,45.0,39,25,17,11,6,5,20,3,0,0,0,0,7499.789757158,2026-02-22 16:32:16,0,normal
5.9,44.4,39,25,17,11,6,5,20,3,224,486,1,4,7500.872377501,2026-02-22 16:32:17,0,normal
1.4,44.5,39,25,17,11,6,5,20,3,0,0,0,0,7501.948335136,2026-02-22 16:32:18,0,normal
4.8,44.3,39,25,17,11,6,5,20,3,0,0,0,0,7503.023991218,2026-02-22 16:32:20,0,normal
4.9,44.3,39,25,17,11,6,5,20,3,0,0,0,0,7504.106280424,2026-02-22 16:32:21,0,normal
1.9,44.2,39,25,16,11,7,5,20,3,394,271,0,4,7505.188800069,2026-02-22 16:32:22,0,normal
1.5,44.2,39,25,16,11,7,5,20,3,173,173,0,2,7506.267393487,2026-02-22 16:32:23,0,normal
4.2,44.2,39,25,15,11,8,5,20,3,510,323,0,5,7507.343722414,2026-02-22 16:32:24,0,normal
5.0,44.2,39,25,15,11,8,5,20,3,0,0,0,0,7508.417364614,2026-02-22 16:32:25,0,normal
2.6,44.1,39,25,15,11,8,5,20,3,126,80,0,1,7509.494676082,2026-02-22 16:32:26,0,normal
1.9,44.2,39,25,15,11,8,5,20,3,102,0,0,0,7510.570605344,2026-02-22 16:32:27,0,normal
1.3,44.2,39,25,15,11,8,5,20,3,0,0,0,0,7511.646423778,2026-02-22 16:32:28,0,normal
1.6,44.2,39,25,15,11,8,5,20,3,0,0,0,0,7512.722498931,2026-02-22 16:32:29,0,normal
1.2,44.2,38,25,15,11,7,5,19,3,0,0,0,0,7513.801266904,2026-02-22 16:32:30,0,normal
3.4,44.2,38,25,15,11,7,5,19,3,1120215,7960,0,70,7514.876700162,2026-02-22 16:32:31,0,normal
1.2,44.1,38,25,15,11,7,5,19,3,0,0,0,0,7515.952097071,2026-02-22 16:32:32,0,normal
5.1,44.1,38,25,15,11,7,5,19,3,0,0,0,0,7517.027617271,2026-02-22 16:32:34,0,normal
2.5,44.2,38,25,15,11,7,5,19,3,1414,3532,0,8,7518.103612246,2026-02-22 16:32:35,0,normal
3.1,44.3,38,25,15,11,7,5,19,3,0,0,0,0,7519.179161179,2026-02-22 16:32:36,0,normal
6.3,44.1,38,25,15,11,7,5,19,3,0,0,0,0,7520.252746753,2026-02-22 16:32:37,0,normal
2.4,44.2,38,25,15,11,7,5,19,3,1133,424,0,6,7521.329475957,2026-02-22 16:32:38,0,normal
4.7,44.1,38,25,15,11,7,5,19,3,78,28,0,1,7522.407463986,2026-02-22 16:32:39,0,normal
6.3,44.1,37,25,13,11,7,5,19,3,508,518,0,8,7523.487777659,2026-02-22 16:32:40,0,normal
3.5,44.2,37,25,12,11,9,5,19,3,828,399,0,6,7524.567266155,2026-02-22 16:32:41,0,normal
5.8,44.1,36,25,11,11,9,5,18,3,610,339,0,6,7525.649644787,2026-02-22 16:32:42,0,normal
2.1,44.2,36,25,11,11,9,5,18,3,0,0,0,0,7526.730276835,2026-02-22 16:32:43,0,normal
4.2,44.1,36,25,11,11,9,5,18,3,102,52,0,1,7527.806605471,2026-02-22 16:32:44,0,normal
5.7,44.1,36,25,11,11,9,5,18,3,0,0,0,0,7528.882837085,2026-02-22 16:32:45,0,normal
3.8,44.0,36,25,11,11,9,5,18,3,459,344,0,4,7529.959239479,2026-02-22 16:32:46,0,normal
6.5,44.0,36,25,11,11,9,5,18,3,173,52,0,1,7531.03533978,2026-02-22 16:32:48,0,normal
1.2,44.0,36,25,11,11,9,5,18,3,0,0,0,0,7532.111399035,2026-02-22 16:32:49,0,normal
3.3,44.1,36,25,11,11,9,5,18,3,0,0,0,0,7533.187918667,2026-02-22 16:32:50,0,normal
8.2,44.0,37,25,12,11,9,5,19,3,54540,5399,4,28,7534.26433212,2026-02-22 16:32:51,0,normal
3.3,44.2,37,25,12,11,9,5,19,3,2646863,14344,0,169,7535.342515484,2026-02-22 16:32:52,0,normal
1.5,44.1,37,25,12,11,9,5,19,3,0,0,0,0,7536.419560434,2026-02-22 16:32:53,0,normal
5.7,43.9,37,25,12,11,9,5,19,3,0,0,0,0,7537.495264105,2026-02-22 16:32:54,0,normal
8.5,44.0,38,25,13,11,9,5,19,3,15324,3809,0,15,7538.574402108,2026-02-22 16:32:55,0,normal
6.7,44.1,37,25,12,11,9,5,18,3,270,156,0,3,7539.650457815,2026-02-22 16:32:56,0,normal
2.5,44.1,37,25,12,11,9,5,18,3,0,0,0,0,7540.724936604,2026-02-22 16:32:57,0,normal
5.2,44.1,37,25,12,11,9,5,18,3,0,0,0,0,7541.804328399,2026-02-22 16:32:58,0,normal
1.9,44.1,37,25,12,11,9,5,18,3,0,0,0,0,7542.879122284,2026-02-22 16:32:59,0,normal
5.1,44.1,37,27,12,11,9,5,18,4,0,142,0,2,7543.954012539,2026-02-22 16:33:00,0,normal
3.9,43.9,41,25,16,11,9,5,19,3,6378,7329,0,29,7545.030528505,2026-02-22 16:33:02,0,normal
10.9,44.0,44,25,18,11,10,5,21,3,13305,12683,2,48,7546.107533642,2026-02-22 16:33:03,0,normal
10.9,44.3,45,25,18,11,11,5,22,3,529226,8829,1,115,7547.184783244,2026-02-22 16:33:04,0,normal
12.0,44.3,46,27,18,11,12,5,23,3,79346,15484,4,76,7548.261171792,2026-02-22 16:33:05,0,normal
11.5,44.4,48,30,19,11,13,5,25,3,38666,21283,3,51,7549.337609081,2026-02-22 16:33:06,0,normal
7.8,44.6,48,30,19,11,13,5,25,3,228,80,0,1,7550.413806082,2026-02-22 16:33:07,0,normal
5.2,44.6,48,30,19,11,13,5,25,3,0,0,0,0,7551.48985139,2026-02-22 16:33:08,0,normal
3.0,44.7,48,30,19,11,13,5,25,3,0,0,0,0,7552.566264563,2026-02-22 16:33:09,0,normal
3.8,44.7,48,30,19,11,13,5,25,3,0,0,0,0,7553.642184619,2026-02-22 16:33:10,0,normal
5.2,44.7,48,30,19,11,13,5,25,3,0,0,0,0,7554.718896941,2026-02-22 16:33:11,0,normal
4.3,44.6,48,30,19,11,13,5,25,3,475,483,0,5,7555.794151345,2026-02-22 16:33:12,0,normal
14.8,44.7,48,31,18,11,14,5,25,3,22433,4600,0,23,7556.870181575,2026-02-22 16:33:13,0,normal
14.3,45.0,49,31,18,11,15,5,26,3,756248,10379,2,100,7557.948248812,2026-02-22 16:33:14,0,normal
15.8,45.3,44,32,18,11,10,5,25,3,1965922,18187,2,132,7559.03107113,2026-02-22 16:33:16,0,normal
6.4,45.3,44,32,18,11,10,5,25,3,0,0,0,0,7560.107571095,2026-02-22 16:33:17,0,normal
5.7,45.5,44,32,18,11,10,5,25,3,0,0,0,0,7561.184125932,2026-02-22 16:33:18,0,normal
4.2,45.4,44,32,18,11,10,5,25,3,78,28,0,1,7562.261602327,2026-02-22 16:33:19,0,normal
4.4,45.4,44,32,18,11,10,5,25,3,0,0,0,0,7563.339423224,2026-02-22 16:33:20,0,normal
11.8,45.1,44,32,18,11,10,5,25,3,0,0,0,0,7564.41531192,2026-02-22 16:33:21,0,normal
7.9,45.1,44,32,18,11,10,5,25,3,0,0,0,0,7565.492772757,2026-02-22 16:33:22,0,normal
3.0,45.2,43,32,18,11,9,5,24,3,0,0,0,0,7566.569209787,2026-02-22 16:33:23,0,normal
5.1,45.2,43,32,18,11,9,5,24,3,0,0,0,0,7567.646986162,2026-02-22 16:33:24,0,normal
5.1,45.1,43,32,18,11,9,5,24,3,0,0,0,0,7568.723474506,2026-02-22 16:33:25,0,normal
4.6,45.0,43,32,18,11,9,5,24,3,228,80,0,1,7569.800883518,2026-02-22 16:33:26,0,normal
3.0,45.0,42,32,18,11,8,5,23,3,0,0,0,0,7570.877497486,2026-02-22 16:33:27,0,normal
2.2,44.9,42,32,18,11,8,5,23,3,0,0,0,0,7571.954288012,2026-02-22 16:33:28,0,normal
5.4,45.0,42,32,18,11,8,5,23,3,0,0,0,0,7573.033940134,2026-02-22 16:33:30,0,normal
5.8,45.1,42,32,18,11,8,5,23,3,0,0,0,0,7574.109411703,2026-02-22 16:33:31,0,normal
7.5,45.2,42,32,18,11,8,5,23,3,173,173,0,2,7575.186355065,2026-02-22 16:33:32,0,normal
7.6,45.2,42,32,18,11,8,5,23,3,0,0,0,0,7576.262338958,2026-02-22 16:33:33,0,normal
8.9,45.1,42,32,18,11,8,5,23,3,0,0,0,0,7577.339257924,2026-02-22 16:33:34,0,normal
9.0,45.1,42,30,18,11,8,5,23,3,0,0,0,0,7578.417680543,2026-02-22 16:33:35,0,normal
8.7,45.3,42,27,18,11,8,5,23,3,0,0,0,0,7579.494054464,2026-02-22 16:33:36,0,normal
7.3,44.4,42,27,18,11,8,5,23,3,0,0,0,0,7580.56944431,2026-02-22 16:33:37,0,normal
7.9,44.0,42,28,18,11,8,5,23,3,1482832,29802,0,123,7581.644892505,2026-02-22 16:33:38,0,normal
8.3,44.0,43,28,19,11,8,5,23,4,6253918,13994,0,308,7582.71953548,2026-02-22 16:33:39,1,tcp_bandwidth_exhaustion
13.0,44.0,43,28,19,11,8,5,23,4,26791199,65446,0,1202,7583.797894941,2026-02-22 16:33:40,1,tcp_bandwidth_exhaustion
14.0,44.0,43,28,19,11,8,5,23,4,26510356,56264,0,1188,7584.875097807,2026-02-22 16:33:41,1,tcp_bandwidth_exhaustion
12.8,44.0,44,28,19,11,8,5,23,5,22775760,42803,0,1069,7585.957701348,2026-02-22 16:33:42,1,tcp_bandwidth_exhaustion
6.2,44.1,41,27,19,11,6,5,21,4,26707844,49548,0,1239,7587.033813189,2026-02-22 16:33:44,1,tcp_bandwidth_exhaustion
6.1,44.2,41,27,19,11,6,5,21,4,25491486,47371,0,1183,7588.116620509,2026-02-22 16:33:45,1,tcp_bandwidth_exhaustion
11.8,44.1,41,26,19,11,6,5,21,4,28565191,52984,0,1324,7589.192446759,2026-02-22 16:33:46,1,tcp_bandwidth_exhaustion
7.6,44.1,41,26,19,11,6,5,21,4,26354153,58004,0,1228,7590.269297118,2026-02-22 16:33:47,1,tcp_bandwidth_exhaustion
7.6,44.1,42,26,20,11,6,5,21,5,25553198,89411,0,1252,7591.343988493,2026-02-22 16:33:48,1,tcp_bandwidth_exhaustion
19.4,44.2,41,26,19,11,6,5,21,4,30862244,73883,0,1442,7592.421533436,2026-02-22 16:33:49,1,tcp_bandwidth_exhaustion
21.8,44.2,42,26,19,11,6,5,21,5,30455868,71045,0,1369,7593.500181976,2026-02-22 16:33:50,1,tcp_bandwidth_exhaustion
22.4,44.3,41,26,19,11,6,5,21,4,28614408,52560,0,1314,7594.588594875,2026-02-22 16:33:51,1,tcp_bandwidth_exhaustion
16.8,44.3,41,26,19,11,6,5,21,4,28130264,92703,0,1325,7595.667714172,2026-02-22 16:33:52,1,tcp_bandwidth_exhaustion
11.6,44.3,41,26,19,11,6,5,21,4,25848309,50000,0,1242,7596.752500702,2026-02-22 16:33:53,1,tcp_bandwidth_exhaustion
15.0,44.3,41,26,19,11,6,5,21,4,29112212,56632,0,1335,7597.828865095,2026-02-22 16:33:54,1,tcp_bandwidth_exhaustion
14.0,44.5,42,26,20,11,6,5,21,5,28927844,54743,0,1364,7598.907662102,2026-02-22 16:33:55,1,tcp_bandwidth_exhaustion
16.5,44.4,42,26,20,11,6,5,21,5,26340628,70993,0,1368,7600.005589514,2026-02-22 16:33:56,1,tcp_bandwidth_exhaustion
16.5,44.6,41,26,19,11,6,5,21,4,29639306,52138,0,1297,7601.084658036,2026-02-22 16:33:58,1,tcp_bandwidth_exhaustion
14.0,44.4,41,26,19,11,6,5,21,4,24665509,41794,0,1038,7602.165659211,2026-02-22 16:33:59,1,tcp_bandwidth_exhaustion
11.5,44.6,41,26,19,11,6,5,21,4,31716293,55128,0,1127,7603.243945005,2026-02-22 16:34:00,1,tcp_bandwidth_exhaustion
18.1,44.5,41,26,19,11,6,5,21,4,26930973,48754,0,813,7604.321041683,2026-02-22 16:34:01,1,tcp_bandwidth_exhaustion
14.0,44.4,42,26,20,11,6,5,21,5,31715285,41062,0,1022,7605.397679134,2026-02-22 16:34:02,1,tcp_bandwidth_exhaustion
12.7,44.5,41,26,19,11,6,5,21,4,29292724,40656,0,1013,7606.474983168,2026-02-22 16:34:03,1,tcp_bandwidth_exhaustion
14.0,44.6,40,26,20,11,4,5,20,5,30380831,56833,0,1010,7607.550259744,2026-02-22 16:34:04,1,tcp_bandwidth_exhaustion
12.4,44.5,39,26,19,11,4,5,20,4,27821131,41920,0,1044,7608.624053345,2026-02-22 16:34:05,1,tcp_bandwidth_exhaustion
15.4,44.6,39,26,19,11,4,5,20,4,24000577,35692,0,887,7609.69948546,2026-02-22 16:34:06,1,tcp_bandwidth_exhaustion
9.0,44.7,40,26,20,11,4,5,20,5,28592451,37548,0,936,7610.77526291,2026-02-22 16:34:07,1,tcp_bandwidth_exhaustion
11.8,44.8,38,26,20,11,2,5,18,5,26061420,36481,0,908,7611.848815241,2026-02-22 16:34:08,1,tcp_bandwidth_exhaustion
11.8,44.7,37,26,19,11,2,5,18,4,29452500,40288,0,1004,7612.921747266,2026-02-22 16:34:09,1,tcp_bandwidth_exhaustion
18.3,44.9,37,26,19,11,2,5,18,4,26616995,40696,0,1014,7613.999294564,2026-02-22 16:34:10,1,tcp_bandwidth_exhaustion
9.4,44.6,37,26,19,11,2,5,18,4,31344272,50937,0,1059,7615.082263314,2026-02-22 16:34:12,1,tcp_bandwidth_exhaustion
12.8,44.7,38,26,19,11,2,5,18,5,29997005,42606,0,1062,7616.157199905,2026-02-22 16:34:13,1,tcp_bandwidth_exhaustion
14.4,44.5,37,26,19,11,2,5,18,4,26994908,37882,0,943,7617.232693114,2026-02-22 16:34:14,1,tcp_bandwidth_exhaustion
10.1,44.6,37,26,19,11,2,5,18,4,20283745,38097,2,728,7618.308739464,2026-02-22 16:34:15,1,tcp_bandwidth_exhaustion
16.2,44.5,37,26,19,11,2,5,18,4,23097165,45620,0,821,7619.385359113,2026-02-22 16:34:16,1,tcp_bandwidth_exhaustion
7.8,44.5,35,26,19,11,0,5,16,4,20454998,33605,0,837,7620.467171017,2026-02-22 16:34:17,1,tcp_bandwidth_exhaustion
12.7,44.5,35,26,19,11,0,5,16,4,25035378,52787,0,1070,7621.540191828,2026-02-22 16:34:18,1,tcp_bandwidth_exhaustion
12.1,44.4,36,26,20,11,0,5,16,5,27653031,60541,0,1227,7622.616206538,2026-02-22 16:34:19,1,tcp_bandwidth_exhaustion
9.7,44.6,36,26,20,11,0,5,16,5,22446594,66485,0,859,7623.693644773,2026-02-22 16:34:20,1,tcp_bandwidth_exhaustion
13.3,44.5,37,26,20,11,1,5,16,6,30536981,71185,0,1277,7624.774279355,2026-02-22 16:34:21,1,tcp_bandwidth_exhaustion
14.0,44.6,35,26,18,11,1,5,16,4,33238254,49104,0,1180,7625.851886885,2026-02-22 16:34:22,1,tcp_bandwidth_exhaustion
14.6,44.5,36,26,19,11,1,5,16,5,27141151,87340,0,979,7626.928350022,2026-02-22 16:34:23,1,tcp_bandwidth_exhaustion
18.0,44.6,35,26,18,11,1,5,16,4,25490479,57128,0,1049,7628.009103756,2026-02-22 16:34:24,1,tcp_bandwidth_exhaustion
33.6,44.9,35,26,18,11,1,5,16,4,35231194,65480,0,1222,7629.094427908,2026-02-22 16:34:26,1,tcp_bandwidth_exhaustion
15.9,44.9,35,26,18,11,1,5,16,4,30988872,47325,0,1177,7630.177243735,2026-02-22 16:34:27,1,tcp_bandwidth_exhaustion
10.9,44.9,35,26,18,11,1,5,16,4,36073404,53048,0,1323,7631.254496203,2026-02-22 16:34:28,1,tcp_bandwidth_exhaustion
20.6,44.9,34,26,17,11,1,5,16,3,32499235,63677,0,1178,7632.329765916,2026-02-22 16:34:29,0,normal
11.7,45.0,34,26,17,11,1,5,16,3,1150,296,0,4,7633.407018253,2026-02-22 16:34:30,0,normal
14.9,44.7,34,26,17,11,1,5,16,3,1654,370,0,5,7634.481669894,2026-02-22 16:34:31,0,normal
13.0,44.7,34,26,17,11,1,5,16,3,1192,296,0,4,7635.558569534,2026-02-22 16:34:32,0,normal
9.6,44.8,34,26,17,11,1,5,16,3,3174,17281,0,19,7636.634620904,2026-02-22 16:34:33,0,normal
10.7,44.8,34,26,17,11,1,5,16,3,2275,3723,0,10,7637.713032473,2026-02-22 16:34:34,0,normal
10.0,44.8,34,26,17,11,1,5,16,3,1516,360,0,5,7638.793935495,2026-02-22 16:34:35,0,normal
18.9,44.7,34,26,17,11,1,5,16,3,1589,361,0,5,7639.872385415,2026-02-22 16:34:36,0,normal
9.9,44.7,34,26,17,11,1,5,16,3,1120,288,0,4,7640.95030674,2026-02-22 16:34:37,0,normal
20.0,44.8,34,26,16,11,2,5,16,3,1544,563,0,8,7642.02942191,2026-02-22 16:34:39,0,normal
35.6,44.7,34,26,16,11,2,5,16,3,1460,369,0,5,7643.114426466,2026-02-22 16:34:40,0,normal
33.3,44.8,34,26,16,11,2,5,16,3,1744,443,0,6,7644.190058163,2026-02-22 16:34:41,0,normal
35.5,44.8,34,26,16,11,2,5,16,3,3142,17335,0,20,7645.270596646,2026-02-22 16:34:42,0,normal
11.4,44.8,34,26,16,11,2,5,16,3,1578,388,0,6,7646.347618144,2026-02-22 16:34:43,0,normal
6.5,44.8,34,26,16,11,2,5,16,3,1168,288,0,4,7647.42332493,2026-02-22 16:34:44,0,normal
25.8,44.6,34,26,16,11,2,5,16,3,1192,288,0,4,7648.505139752,2026-02-22 16:34:45,0,normal
27.2,44.8,34,26,16,11,2,5,16,3,2038,614,0,8,7649.58779559,2026-02-22 16:34:46,0,normal
15.8,44.8,34,26,16,11,2,5,16,3,1463,288,0,4,7650.661750132,2026-02-22 16:34:47,0,normal
13.6,45.0,34,26,16,11,2,5,16,3,1540,360,0,5,7651.741795945,2026-02-22 16:34:48,0,normal
7.1,44.9,34,26,16,11,2,5,16,3,1540,360,0,5,7652.821915276,2026-02-22 16:34:49,0,normal
13.6,44.9,34,26,16,11,2,5,16,3,1313,289,0,4,7653.897252154,2026-02-22 16:34:50,0,normal
16.5,44.8,34,25,16,11,2,5,16,3,1675,508,0,7,7654.97534579,2026-02-22 16:34:51,0,normal
9.1,44.8,34,25,16,11,2,5,16,3,1184,292,0,4,7656.05179989,2026-02-22 16:34:53,0,normal
10.7,44.7,34,25,16,11,2,5,16,3,2000,9291,0,12,7657.130477885,2026-02-22 16:34:54,0,normal
15.5,44.8,34,25,16,11,2,5,16,3,1934,365,0,5,7658.210086746,2026-02-22 16:34:55,0,normal
13.6,44.8,34,25,16,11,2,5,16,3,1267,376,0,5,7659.28616233,2026-02-22 16:34:56,0,normal
5.8,44.9,34,25,16,11,2,5,16,3,1136,300,0,4,7660.362545447,2026-02-22 16:34:57,0,normal
6.0,44.9,34,25,16,11,2,5,16,3,2626,17428,0,21,7661.437934041,2026-02-22 16:34:58,0,normal
5.3,44.8,34,25,16,11,2,5,16,3,2346,660,0,9,7662.514734015,2026-02-22 16:34:59,0,normal
5.8,44.8,34,25,16,11,2,5,16,3,1776,432,0,6,7663.589716773,2026-02-22 16:35:00,0,normal
7.6,44.8,34,25,16,11,2,5,16,3,1152,288,0,4,7664.667528754,2026-02-22 16:35:01,0,normal
6.4,44.8,34,25,16,11,2,5,16,3,1572,431,0,6,7665.742865001,2026-02-22 16:35:02,0,normal
6.8,44.8,34,25,16,11,2,5,16,3,1428,368,0,5,7666.819644847,2026-02-22 16:35:03,0,normal
6.5,44.9,35,25,17,11,2,5,16,3,4635,6252,0,23,7667.896757034,2026-02-22 16:35:04,0,normal
6.7,45.0,35,25,13,11,6,5,16,3,4438,4119,0,28,7668.973843072,2026-02-22 16:35:05,0,normal
6.0,44.9,35,25,13,11,6,5,16,3,1656,440,0,6,7670.049869885,2026-02-22 16:35:07,0,normal
5.2,44.9,35,25,13,11,6,5,16,3,1372,216,0,3,7671.126596433,2026-02-22 16:35:08,0,normal
5.9,44.8,35,25,13,11,6,5,16,3,4003,8902,0,12,7672.20091896,2026-02-22 16:35:09,0,normal
4.6,44.8,35,25,13,11,6,5,16,3,78,80,0,2,7673.276474626,2026-02-22 16:35:10,0,normal
7.7,44.9,35,25,13,11,6,5,16,3,0,0,0,0,7674.353238944,2026-02-22 16:35:11,0,normal
6.4,44.9,35,25,13,11,6,5,16,3,449,286,0,4,7675.429377065,2026-02-22 16:35:12,0,normal
7.6,44.7,35,25,13,11,6,5,16,3,1601,8938,0,8,7676.503844061,2026-02-22 16:35:13,0,normal
6.7,44.7,35,25,13,11,6,5,16,3,1336,4013,0,9,7677.579228338,2026-02-22 16:35:14,0,normal
7.0,44.7,35,25,13,11,6,5,16,3,0,0,0,0,7678.656619334,2026-02-22 16:35:15,0,normal
6.8,44.8,35,25,13,11,6,5,16,3,0,0,0,0,7679.732405028,2026-02-22 16:35:16,0,normal
5.2,44.9,35,25,13,11,6,5,16,3,0,0,0,0,7680.808592261,2026-02-22 16:35:17,0,normal
5.2,44.9,35,25,13,11,6,5,16,3,0,0,0,0,7681.886920844,2026-02-22 16:35:18,0,normal
5.6,44.8,35,25,13,11,6,5,16,3,0,0,0,0,7682.964041747,2026-02-22 16:35:19,0,normal
7.7,44.9,35,25,13,11,6,5,16,3,0,0,0,0,7684.040453518,2026-02-22 16:35:21,0,normal
5.7,44.9,35,25,13,11,6,5,16,3,0,0,0,0,7685.117237583,2026-02-22 16:35:22,0,normal
6.9,44.9,34,25,13,11,5,5,15,3,0,0,0,0,7686.193442838,2026-02-22 16:35:23,0,normal
6.7,44.8,34,25,13,11,5,5,15,3,0,0,0,0,7687.272242109,2026-02-22 16:35:24,0,normal
7.0,44.8,34,25,13,11,5,5,15,3,26,0,0,0,7688.350331437,2026-02-22 16:35:25,0,normal
6.2,44.8,34,25,13,11,5,5,15,3,0,0,0,0,7689.426643362,2026-02-22 16:35:26,0,normal
5.4,44.8,34,25,13,11,5,5,15,3,228,132,0,2,7690.503146443,2026-02-22 16:35:27,0,normal
5.4,44.7,34,25,13,11,5,5,15,3,0,0,0,0,7691.578965581,2026-02-22 16:35:28,0,normal
5.4,44.8,34,25,13,11,5,5,15,3,0,0,0,0,7692.655788919,2026-02-22 16:35:29,0,normal
5.9,44.8,34,25,13,11,5,5,15,3,0,0,0,0,7693.731984968,2026-02-22 16:35:30,0,normal
8.2,44.9,34,25,13,11,5,5,15,3,2026,18339,0,17,7694.807670045,2026-02-22 16:35:31,0,normal
6.1,44.9,34,25,13,11,5,5,15,3,0,0,0,0,7695.883030857,2026-02-22 16:35:32,0,normal
6.6,44.9,34,25,13,11,5,5,15,3,0,0,0,0,7696.95848358,2026-02-22 16:35:33,0,normal
5.9,44.9,34,25,13,11,5,5,15,3,0,0,0,0,7698.034972615,2026-02-22 16:35:35,0,normal
8.0,44.8,34,25,13,11,5,5,15,3,0,0,0,0,7699.109866838,2026-02-22 16:35:36,0,normal
11.4,44.8,34,25,13,11,5,5,15,3,0,0,0,0,7700.187066067,2026-02-22 16:35:37,0,normal
9.6,44.7,34,25,13,11,5,5,15,3,0,0,0,0,7701.261936496,2026-02-22 16:35:38,0,normal
7.4,44.8,33,25,13,11,4,5,15,3,1401,8431,0,8,7702.337755513,2026-02-22 16:35:39,0,normal
6.7,44.8,33,25,13,11,4,5,15,3,1176,10150,0,9,7703.414011504,2026-02-22 16:35:40,0,normal
11.7,44.7,33,25,13,11,4,5,15,3,0,0,0,0,7704.487762606,2026-02-22 16:35:41,0,normal
11.2,44.7,33,25,13,11,4,5,15,3,0,0,0,0,7705.561334494,2026-02-22 16:35:42,0,normal
7.3,44.8,33,25,13,11,4,5,15,3,0,121,0,1,7706.638825607,2026-02-22 16:35:43,0,normal
14.9,44.7,33,25,13,11,4,5,15,3,173,52,0,1,7707.714867629,2026-02-22 16:35:44,0,normal
15.4,44.8,32,25,12,11,4,5,15,3,610,339,0,6,7708.795506368,2026-02-22 16:35:45,0,normal
9.6,44.8,32,25,12,11,4,5,15,3,4863,16899,0,19,7709.872179507,2026-02-22 16:35:46,0,normal
7.0,44.8,32,25,12,11,4,5,15,3,0,0,0,0,7710.944935815,2026-02-22 16:35:47,0,normal
4.8,44.8,32,25,12,11,4,5,15,3,0,0,0,0,7712.020433111,2026-02-22 16:35:49,0,normal
1.5,44.9,32,25,12,11,4,5,15,3,0,0,0,0,7713.094358509,2026-02-22 16:35:50,0,normal
6.9,44.6,32,25,12,11,4,5,15,3,78,28,0,1,7714.167801036,2026-02-22 16:35:51,0,normal
1.4,44.6,32,25,11,11,5,5,15,3,394,271,0,4,7715.242065635,2026-02-22 16:35:52,0,normal
6.8,44.5,30,25,9,11,5,5,15,3,1361,875,0,14,7716.314312533,2026-02-22 16:35:53,0,normal
1.9,44.5,30,25,9,11,5,5,15,3,0,0,0,0,7717.394087443,2026-02-22 16:35:54,0,normal
7.5,44.6,30,25,9,11,5,5,15,3,556,3276,0,4,7718.470817647,2026-02-22 16:35:55,0,normal
6.0,44.4,30,25,8,11,6,5,15,3,83553,311,0,5,7719.545255289,2026-02-22 16:35:56,1,udp_flood
10.6,44.4,30,25,8,11,6,5,15,3,99432,0,0,0,7720.621238,2026-02-22 16:35:57,1,udp_flood
12.3,44.4,30,25,8,11,6,5,15,3,103840,0,0,0,7721.69545424,2026-02-22 16:35:58,1,udp_flood
7.4,44.4,30,25,8,11,6,5,15,3,100288,0,0,0,7722.770431838,2026-02-22 16:35:59,1,udp_flood
8.4,44.4,30,25,8,11,6,5,15,3,99961,201,0,3,7723.845710908,2026-02-22 16:36:00,1,udp_flood
6.3,44.4,30,25,8,11,6,5,15,3,105086,28,0,1,7724.922083486,2026-02-22 16:36:01,1,udp_flood
4.5,44.4,30,25,8,11,6,5,15,3,104912,0,0,0,7725.997660311,2026-02-22 16:36:02,1,udp_flood
9.6,44.4,30,25,8,11,6,5,15,3,104035,143,0,2,7727.072834375,2026-02-22 16:36:04,1,udp_flood
2.2,44.4,30,25,8,11,6,5,15,3,102046,0,0,0,7728.148087517,2026-02-22 16:36:05,1,udp_flood
7.7,44.4,28,25,6,11,6,5,13,3,104908,753,0,12,7729.22265973,2026-02-22 16:36:06,1,udp_flood
10.5,44.3,24,25,6,11,2,5,10,3,96362,132,0,2,7730.300716607,2026-02-22 16:36:07,1,udp_flood
5.6,44.3,24,25,6,11,2,5,10,3,105305,63,0,1,7731.384189809,2026-02-22 16:36:08,1,udp_flood
9.3,44.5,24,25,6,11,2,5,10,3,100890,0,0,0,7732.459156367,2026-02-22 16:36:09,1,udp_flood
4.1,44.4,24,25,6,11,2,5,10,3,105062,28,0,1,7733.534435056,2026-02-22 16:36:10,1,udp_flood
4.1,44.4,24,25,6,11,2,5,10,3,101444,0,0,0,7734.609141048,2026-02-22 16:36:11,1,udp_flood
10.4,44.3,24,25,6,11,2,5,10,3,97940,0,0,0,7735.685503046,2026-02-22 16:36:12,1,udp_flood
3.8,44.3,24,25,6,11,2,5,10,3,94352,0,0,0,7736.760697698,2026-02-22 16:36:13,1,udp_flood
6.4,44.3,24,25,6,11,2,5,10,3,96498,0,0,0,7737.843453743,2026-02-22 16:36:14,1,udp_flood
7.6,44.4,24,25,6,11,2,5,10,3,106476,0,0,0,7738.921661632,2026-02-22 16:36:15,1,udp_flood
9.1,44.2,24,25,6,11,2,5,10,3,108094,6792,0,7,7740.002495755,2026-02-22 16:36:16,1,udp_flood
5.7,44.3,24,25,6,11,2,5,10,3,104406,0,0,0,7741.078989078,2026-02-22 16:36:18,1,udp_flood
7.1,44.3,24,25,6,11,2,5,10,3,105610,0,0,0,7742.154079106,2026-02-22 16:36:19,1,udp_flood
5.1,44.4,24,25,6,11,2,5,10,3,107368,0,0,0,7743.229311509,2026-02-22 16:36:20,1,udp_flood
10.1,44.4,24,25,6,11,2,5,10,3,106152,0,0,0,7744.308262302,2026-02-22 16:36:21,1,udp_flood
6.4,44.4,24,25,6,11,2,5,10,3,104996,0,0,0,7745.385049933,2026-02-22 16:36:22,1,udp_flood
4.5,44.4,24,25,6,11,2,5,10,3,107958,0,0,0,7746.458727969,2026-02-22 16:36:23,1,udp_flood
10.8,44.3,24,25,6,11,2,5,10,3,106188,0,0,0,7747.537756758,2026-02-22 16:36:24,1,udp_flood
11.0,44.3,24,25,6,11,2,5,10,3,103840,0,0,0,7748.611228028,2026-02-22 16:36:25,1,udp_flood
8.9,44.3,24,25,6,11,2,5,10,3,101106,80,0,1,7749.688644352,2026-02-22 16:36:26,1,udp_flood
13.0,44.3,24,25,6,11,2,5,10,3,102636,0,0,0,7750.764989839,2026-02-22 16:36:27,1,udp_flood
7.1,44.2,24,25,6,11,2,5,10,3,99871,173,0,2,7751.841764096,2026-02-22 16:36:28,1,udp_flood
4.4,44.2,24,25,6,11,2,5,10,3,102660,0,0,0,7752.917352362,2026-02-22 16:36:29,1,udp_flood
7.2,44.4,24,25,6,11,2,5,10,3,106766,0,0,0,7753.992451417,2026-02-22 16:36:30,1,udp_flood
11.0,44.3,24,25,6,11,2,5,10,3,99120,0,0,0,7755.067506389,2026-02-22 16:36:32,1,udp_flood
7.6,44.2,24,25,6,11,2,5,10,3,112246,458,1,3,7756.142173138,2026-02-22 16:36:33,1,udp_flood
4.5,44.2,24,25,6,11,2,5,10,3,101522,28,0,1,7757.216609628,2026-02-22 16:36:34,1,udp_flood
9.3,44.2,24,25,6,11,2,5,10,3,111304,20442,0,22,7758.291174777,2026-02-22 16:36:35,1,udp_flood
5.9,44.5,24,25,6,11,2,5,10,3,98482,0,0,0,7759.365766897,2026-02-22 16:36:36,1,udp_flood
7.9,44.4,24,25,6,11,2,5,10,3,102636,0,0,0,7760.442344497,2026-02-22 16:36:37,1,udp_flood
9.2,44.4,24,25,6,11,2,5,10,3,100300,0,0,0,7761.515330524,2026-02-22 16:36:38,1,udp_flood
8.2,44.3,24,25,6,11,2,5,10,3,99108,0,0,0,7762.590465415,2026-02-22 16:36:39,1,udp_flood
11.1,44.3,24,25,6,11,2,5,10,3,99788,28,0,1,7763.664711841,2026-02-22 16:36:40,1,udp_flood
9.9,44.4,24,25,6,11,2,5,10,3,100878,0,0,0,7764.739743169,2026-02-22 16:36:41,1,udp_flood
7.0,44.3,24,25,6,11,2,5,10,3,102070,0,0,0,7765.81702416,2026-02-22 16:36:42,1,udp_flood
5.2,44.3,24,25,6,11,2,5,10,3,100890,0,0,0,7766.892677017,2026-02-22 16:36:43,1,udp_flood
6.1,44.3,24,25,6,11,2,5,10,3,98757,315,0,3,7767.969028296,2026-02-22 16:36:44,1,udp_flood
13.3,44.3,24,25,6,11,2,5,10,3,99266,52,0,1,7769.046762181,2026-02-22 16:36:46,1,udp_flood
7.1,44.2,24,25,6,11,2,5,10,3,102864,132,0,2,7770.121808838,2026-02-22 16:36:47,1,udp_flood
3.3,44.3,24,25,6,11,2,5,10,3,104972,0,0,0,7771.197290947,2026-02-22 16:36:48,1,udp_flood
5.4,44.3,24,25,6,11,2,5,10,3,102046,0,0,0,7772.272983177,2026-02-22 16:36:49,1,udp_flood
6.5,44.3,24,25,6,11,2,5,10,3,103152,0,0,0,7773.349384609,2026-02-22 16:36:50,1,udp_flood
3.6,44.3,24,25,6,11,2,5,10,3,94942,0,0,0,7774.424960362,2026-02-22 16:36:51,1,udp_flood
10.6,44.3,23,25,6,11,1,5,10,3,103780,0,0,0,7775.499692042,2026-02-22 16:36:52,1,udp_flood
6.9,44.3,23,25,6,11,1,5,10,3,98470,0,0,0,7776.574804562,2026-02-22 16:36:53,1,udp_flood
6.3,44.3,23,25,6,11,1,5,10,3,100866,0,0,0,7777.648691297,2026-02-22 16:36:54,1,udp_flood
5.6,44.3,23,25,6,11,1,5,10,3,101456,0,0,0,7778.727510484,2026-02-22 16:36:55,1,udp_flood
6.0,44.4,22,25,6,11,0,5,9,3,107958,0,0,0,7779.800961547,2026-02-22 16:36:56,1,udp_flood
7.9,44.3,22,25,6,11,0,5,9,3,101936,0,0,0,7780.876254714,2026-02-22 16:36:57,1,udp_flood
6.7,44.3,22,25,6,11,0,5,9,3,100276,0,0,0,7781.953134687,2026-02-22 16:36:58,1,udp_flood
9.5,44.4,23,25,7,11,0,5,10,3,121515,3555,2,17,7783.027362799,2026-02-22 16:37:00,1,udp_flood
13.1,44.4,23,25,7,11,0,5,10,3,106922,104,0,2,7784.108263576,2026-02-22 16:37:01,1,udp_flood
5.7,44.7,23,25,7,11,0,5,10,3,97326,0,0,0,7785.183731368,2026-02-22 16:37:02,1,udp_flood
5.9,44.6,23,25,7,11,0,5,10,3,100417,143,0,2,7786.259058047,2026-02-22 16:37:03,1,udp_flood
6.2,44.6,23,25,7,11,0,5,10,3,95580,0,0,0,7787.332762423,2026-02-22 16:37:04,1,udp_flood
7.0,44.5,22,24,6,11,0,5,9,3,103897,381,0,6,7788.410673317,2026-02-22 16:37:05,1,udp_flood
10.7,44.6,23,26,7,11,0,5,9,3,115179,15227,2,33,7789.486504176,2026-02-22 16:37:06,1,udp_flood
16.9,45.1,25,31,9,11,0,5,11,3,453187,97302,12,217,7790.564271283,2026-02-22 16:37:07,0,normal
13.5,45.6,27,34,11,11,0,5,13,3,152487,27652,6,96,7791.646968729,2026-02-22 16:37:08,0,normal
10.1,45.8,30,35,14,11,0,5,14,3,272635,26610,4,106,7792.722910744,2026-02-22 16:37:09,0,normal
14.1,46.2,30,36,13,11,1,5,14,3,332840,6565,0,64,7793.803073366,2026-02-22 16:37:10,0,normal
7.2,46.3,30,36,13,11,1,5,14,3,0,28,0,1,7794.879213822,2026-02-22 16:37:11,0,normal
2.9,46.3,30,36,13,11,1,5,14,3,78,0,0,0,7795.958320676,2026-02-22 16:37:12,0,normal
1.2,46.3,30,36,13,11,1,5,14,3,0,0,0,0,7797.034102823,2026-02-22 16:37:14,0,normal
3.3,46.1,30,36,13,11,1,5,14,3,0,0,0,0,7798.109819798,2026-02-22 16:37:15,0,normal
7.0,46.0,30,36,13,11,1,5,14,3,0,0,0,0,7799.183856191,2026-02-22 16:37:16,0,normal
3.4,46.0,30,36,13,11,1,5,14,3,0,0,0,0,7800.260373158,2026-02-22 16:37:17,0,normal
3.9,45.8,30,36,13,11,1,5,14,3,10006,329,0,3,7801.334936303,2026-02-22 16:37:18,0,normal
6.6,45.8,30,36,13,11,1,5,14,3,0,0,0,0,7802.411902568,2026-02-22 16:37:19,0,normal
7.3,45.8,30,36,13,11,1,5,14,3,0,0,0,0,7803.487543062,2026-02-22 16:37:20,0,normal
3.3,45.6,30,36,13,11,1,5,14,3,0,0,0,0,7804.563118905,2026-02-22 16:37:21,0,normal
6.2,45.5,30,36,13,11,1,5,14,3,0,0,0,0,7805.64918005,2026-02-22 16:37:22,0,normal
7.2,45.3,30,36,13,11,1,5,14,3,0,0,0,0,7806.727949866,2026-02-22 16:37:23,0,normal
5.2,45.3,30,36,13,11,1,5,14,3,0,0,0,0,7807.804882798,2026-02-22 16:37:24,0,normal
6.0,45.3,30,35,13,11,1,5,14,3,103,75,0,1,7808.88288293,2026-02-22 16:37:25,0,normal
9.0,45.3,30,35,13,11,1,5,14,3,228,80,0,1,7809.960078412,2026-02-22 16:37:26,0,normal
6.4,45.3,30,35,13,11,1,5,14,3,104,395,0,1,7811.03941285,2026-02-22 16:37:28,0,normal
10.4,45.4,30,35,13,11,1,5,14,3,214453,2983,0,36,7812.114475075,2026-02-22 16:37:29,0,normal
12.0,45.6,30,35,13,11,1,5,14,3,197565,1752,0,24,7813.191268328,2026-02-22 16:37:30,0,normal
9.1,44.4,30,35,13,11,1,5,14,3,0,0,0,0,7814.267684606,2026-02-22 16:37:31,0,normal
2.0,44.7,30,35,13,11,1,5,14,3,0,0,0,0,7815.343412302,2026-02-22 16:37:32,0,normal
2.5,44.6,30,35,13,11,1,5,14,3,0,0,0,0,7816.418364252,2026-02-22 16:37:33,0,normal
2.6,44.5,30,35,13,11,1,5,14,3,231,143,0,2,7817.493839086,2026-02-22 16:37:34,0,normal
3.3,44.5,30,35,13,11,1,5,14,3,173,173,0,2,7818.571850298,2026-02-22 16:37:35,0,normal
6.0,44.4,30,35,13,11,1,5,14,3,0,0,0,0,7819.647775563,2026-02-22 16:37:36,0,normal
1.2,44.4,31,33,13,11,1,5,15,4,0,63,0,1,7820.722925253,2026-02-22 16:37:37,0,normal
6.5,44.4,30,28,13,11,1,5,14,3,1159,361,0,5,7821.79721979,2026-02-22 16:37:38,0,normal
3.5,44.3,30,27,13,11,1,5,14,3,0,0,0,0,7822.873756795,2026-02-22 16:37:39,0,normal
4.3,44.4,30,27,13,11,1,5,14,3,0,0,0,0,7823.94883436,2026-02-22 16:37:40,0,normal
2.6,44.3,30,27,13,11,1,5,14,3,0,0,0,0,7825.023934508,2026-02-22 16:37:42,0,normal
3.9,44.2,30,27,13,11,1,5,14,3,0,0,0,0,7826.098446548,2026-02-22 16:37:43,0,normal
1.3,44.2,30,27,13,11,1,5,14,3,0,0,0,0,7827.173829783,2026-02-22 16:37:44,0,normal
2.6,44.2,30,27,13,11,1,5,14,3,0,0,0,0,7828.248392628,2026-02-22 16:37:45,0,normal
2.7,44.2,30,27,13,11,1,5,14,3,0,0,0,0,7829.323604233,2026-02-22 16:37:46,0,normal
2.3,44.4,30,27,13,11,1,5,14,3,402,132,0,2,7830.400525483,2026-02-22 16:37:47,0,normal
3.2,44.3,30,26,13,11,1,5,14,3,0,0,0,0,7831.47439197,2026-02-22 16:37:48,0,normal
2.6,44.3,31,26,13,11,1,5,15,3,0,60,0,1,7832.546393872,2026-02-22 16:37:49,0,normal
10.7,44.5,31,26,14,11,1,5,15,3,48956,5093,0,26,7833.620552775,2026-02-22 16:37:50,0,normal
8.9,44.7,32,26,15,11,1,5,16,3,85860,6238,5,43,7834.705760449,2026-02-22 16:37:51,0,normal
10.1,44.9,32,26,15,11,1,5,16,3,0,0,0,0,7835.788397724,2026-02-22 16:37:52,0,normal
2.2,44.9,32,26,15,11,1,5,16,3,0,0,0,0,7836.864219225,2026-02-22 16:37:53,0,normal
3.9,44.9,32,26,15,11,1,5,16,3,78,28,0,1,7837.941366689,2026-02-22 16:37:54,0,normal
5.4,45.1,32,26,15,11,1,5,16,3,0,0,0,0,7839.015470278,2026-02-22 16:37:56,0,normal
2.9,45.0,31,26,14,11,1,5,15,3,318,180,0,3,7840.091221057,2026-02-22 16:37:57,0,normal
4.0,45.0,31,26,14,11,1,5,15,3,0,0,0,0,7841.1664641,2026-02-22 16:37:58,0,normal
3.4,44.7,31,25,14,11,1,5,15,3,0,0,0,0,7842.239607851,2026-02-22 16:37:59,0,normal
3.4,44.6,31,24,14,11,1,5,15,3,0,0,0,0,7843.316213393,2026-02-22 16:38:00,0,normal
3.7,44.7,31,24,14,11,1,5,15,3,0,0,0,0,7844.389233322,2026-02-22 16:38:01,0,normal
3.1,44.7,31,24,14,11,1,5,15,3,228,132,0,2,7845.467406636,2026-02-22 16:38:02,0,normal
5.4,44.7,31,24,14,11,1,5,15,3,0,0,0,0,7846.543537634,2026-02-22 16:38:03,0,normal
3.9,44.7,31,24,14,11,1,5,15,3,173,173,0,2,7847.61887862,2026-02-22 16:38:04,0,normal
4.1,44.7,31,24,14,11,1,5,15,3,693,429,0,6,7848.697565781,2026-02-22 16:38:05,0,normal
5.8,44.7,31,24,14,11,1,5,15,3,895,509,0,7,7849.773568851,2026-02-22 16:38:06,0,normal
3.1,44.7,31,24,14,11,1,5,15,3,462,286,0,4,7850.849580195,2026-02-22 16:38:07,0,normal
2.3,44.6,31,24,14,11,1,5,15,3,0,0,0,0,7851.924429534,2026-02-22 16:38:08,0,normal
2.7,44.6,31,24,14,11,1,5,15,3,0,0,0,0,7853.001390298,2026-02-22 16:38:09,0,normal
4.3,44.6,30,24,14,11,0,5,14,3,0,0,0,0,7854.077052261,2026-02-22 16:38:11,0,normal
2.7,44.6,30,24,14,11,0,5,14,3,0,0,0,0,7855.152635037,2026-02-22 16:38:12,0,normal
2.1,44.5,30,24,14,11,0,5,14,3,0,0,0,0,7856.227941958,2026-02-22 16:38:13,0,normal
0.9,44.5,30,24,14,11,0,5,14,3,0,0,0,0,7857.303299114,2026-02-22 16:38:14,0,normal
4.9,44.5,30,24,14,11,0,5,14,3,0,0,0,0,7858.377516856,2026-02-22 16:38:15,0,normal
5.4,44.4,30,24,14,11,0,5,14,3,0,0,0,0,7859.45203649,2026-02-22 16:38:16,0,normal
7.8,44.4,30,24,14,11,0,5,14,3,0,0,0,0,7860.526573256,2026-02-22 16:38:17,0,normal
1.8,44.4,32,24,14,11,0,5,14,5,6918,1840,0,40,7861.601571633,2026-02-22 16:38:18,1,tcp_connection_flood
5.6,44.5,31,24,15,11,0,5,14,4,6960,1840,0,40,7862.67759995,2026-02-22 16:38:19,1,tcp_connection_flood
6.1,44.5,32,24,16,11,0,5,15,4,10656,10079,0,60,7863.753309782,2026-02-22 16:38:20,1,tcp_connection_flood
13.2,44.5,32,24,16,11,0,5,15,4,11340,8572,0,66,7864.828016787,2026-02-22 16:38:21,1,tcp_connection_flood
4.3,44.5,32,24,16,11,0,5,15,4,9398,4819,0,50,7865.906138915,2026-02-22 16:38:22,1,tcp_connection_flood
1.6,44.5,32,24,16,11,0,5,15,4,6612,1748,0,38,7866.981719568,2026-02-22 16:38:23,1,tcp_connection_flood
7.2,44.6,32,26,16,11,0,5,15,4,39957,18455,0,77,7868.057873468,2026-02-22 16:38:25,1,tcp_connection_flood
8.2,44.7,34,29,16,11,0,5,16,6,26779,13260,5,82,7869.131656029,2026-02-22 16:38:26,1,tcp_connection_flood
11.3,44.7,34,27,16,11,0,5,16,5,168202,8424,3,112,7870.206362001,2026-02-22 16:38:27,1,tcp_connection_flood
7.5,44.7,33,27,17,11,0,5,16,4,38714,5703,0,84,7871.288283562,2026-02-22 16:38:28,1,tcp_connection_flood
13.0,45.0,33,27,17,11,0,5,16,4,155510,6416,0,99,7872.366519743,2026-02-22 16:38:29,1,tcp_connection_flood
10.2,45.0,33,27,17,11,0,5,16,4,7975,5833,0,50,7873.441571059,2026-02-22 16:38:30,1,tcp_connection_flood
6.9,45.0,33,27,17,11,0,5,16,4,8429,2235,0,48,7874.523176731,2026-02-22 16:38:31,1,tcp_connection_flood
5.3,45.0,33,27,17,11,0,5,16,4,9147,3120,0,53,7875.600133707,2026-02-22 16:38:32,1,tcp_connection_flood
3.9,44.9,34,27,16,11,0,5,16,5,6612,1788,0,39,7876.673784722,2026-02-22 16:38:33,1,tcp_connection_flood
3.0,44.9,33,27,17,11,0,5,16,4,8364,2208,0,48,7877.753123298,2026-02-22 16:38:34,1,tcp_connection_flood
5.8,44.8,33,28,17,11,0,5,16,4,7308,4686,0,46,7878.832233538,2026-02-22 16:38:35,1,tcp_connection_flood
5.2,44.9,33,28,17,11,0,5,16,4,14847,19504,0,66,7879.905273935,2026-02-22 16:38:36,1,tcp_connection_flood
6.1,44.8,33,28,17,11,0,5,16,4,7488,2024,0,44,7880.985464559,2026-02-22 16:38:37,1,tcp_connection_flood
6.9,44.7,33,28,17,11,0,5,16,4,7938,2076,0,45,7882.060481962,2026-02-22 16:38:39,1,tcp_connection_flood
5.4,44.8,33,28,17,11,0,5,16,4,6612,1748,0,38,7883.136171155,2026-02-22 16:38:40,1,tcp_connection_flood
7.9,44.5,33,28,17,11,0,5,16,4,6612,1788,0,39,7884.214400214,2026-02-22 16:38:41,1,tcp_connection_flood
3.6,44.5,33,28,17,11,0,5,16,4,7140,1932,0,42,7885.290845959,2026-02-22 16:38:42,1,tcp_connection_flood
3.3,44.5,33,28,17,11,0,5,16,4,6780,1868,0,41,7886.366604955,2026-02-22 16:38:43,1,tcp_connection_flood
6.4,44.5,33,28,17,11,0,5,16,4,7829,2237,0,47,7887.442759436,2026-02-22 16:38:44,1,tcp_connection_flood
4.1,44.5,33,28,17,11,0,5,16,4,7308,1932,0,42,7888.521291439,2026-02-22 16:38:45,1,tcp_connection_flood
4.6,44.5,33,28,17,11,0,5,16,4,6492,1776,0,38,7889.596953795,2026-02-22 16:38:46,1,tcp_connection_flood
2.0,44.6,33,28,17,11,0,5,16,4,6960,1920,0,42,7890.672037811,2026-02-22 16:38:47,1,tcp_connection_flood
4.5,44.4,33,28,17,11,0,5,16,4,7140,1932,0,42,7891.748434905,2026-02-22 16:38:48,1,tcp_connection_flood
2.5,44.6,33,28,17,11,0,5,16,4,6780,1748,0,38,7892.823831755,2026-02-22 16:38:49,1,tcp_connection_flood
4.4,44.5,34,28,16,11,0,5,16,5,7308,2012,0,44,7893.899474151,2026-02-22 16:38:50,1,tcp_connection_flood
4.5,44.4,33,28,17,11,0,5,16,4,6612,1748,0,38,7894.976630189,2026-02-22 16:38:51,1,tcp_connection_flood
2.9,44.4,34,28,16,11,0,5,16,5,6624,1788,0,39,7896.052846436,2026-02-22 16:38:53,1,tcp_connection_flood
4.4,44.4,33,28,17,11,0,5,16,4,8040,2156,0,47,7897.128507007,2026-02-22 16:38:54,1,tcp_connection_flood
4.2,44.5,34,27,16,11,0,5,16,5,6984,1880,0,41,7898.201594262,2026-02-22 16:38:55,1,tcp_connection_flood
6.5,44.5,33,26,17,11,0,5,16,4,6960,1880,0,41,7899.276878912,2026-02-22 16:38:56,1,tcp_connection_flood
2.9,44.6,33,25,17,11,0,5,16,4,6960,1880,0,41,7900.351764909,2026-02-22 16:38:57,1,tcp_connection_flood
4.4,44.5,33,25,17,11,0,5,16,4,7668,2024,0,44,7901.428032882,2026-02-22 16:38:58,1,tcp_connection_flood
8.2,44.6,32,28,16,11,0,5,16,3,55968,19765,2,66,7902.500842729,2026-02-22 16:38:59,0,normal
3.3,44.6,32,28,16,11,0,5,16,3,11566,2035,0,21,7903.575339872,2026-02-22 16:39:00,0,normal
3.3,44.6,32,28,16,11,0,5,16,3,1738,543,0,4,7904.650122927,2026-02-22 16:39:01,0,normal
1.8,44.6,32,28,16,11,0,5,16,3,2745,606,0,5,7905.724758297,2026-02-22 16:39:02,0,normal
2.8,44.6,32,28,16,11,0,5,16,3,3158,846,0,8,7906.799301685,2026-02-22 16:39:03,0,normal
1.6,44.6,32,28,16,11,0,5,16,3,1558,719,0,7,7907.874052531,2026-02-22 16:39:04,0,normal
2.7,44.7,32,28,16,11,0,5,16,3,3438,1720,0,17,7908.947881239,2026-02-22 16:39:05,0,normal
7.2,44.7,33,28,17,11,0,5,16,3,34005,21805,0,55,7910.021922552,2026-02-22 16:39:07,0,normal
14.9,45.1,34,29,18,11,0,5,17,3,191512,33064,2,135,7911.101262801,2026-02-22 16:39:08,0,normal
11.3,44.7,43,34,21,11,6,5,21,4,775624,50244,9,340,7912.182006225,2026-02-22 16:39:09,0,normal
19.7,45.4,49,34,26,11,7,5,26,3,2121828,67519,11,582,7913.263472527,2026-02-22 16:39:10,0,normal
23.9,46.4,54,34,30,11,8,5,29,3,1066470,37345,6,323,7914.341332908,2026-02-22 16:39:11,0,normal
9.0,46.2,54,34,30,11,8,5,29,3,28134,416,0,8,7915.423570858,2026-02-22 16:39:12,0,normal
4.1,46.4,54,34,30,11,8,5,29,3,1850,1727,0,4,7916.500800563,2026-02-22 16:39:13,0,normal
3.3,46.3,54,34,30,11,8,5,29,3,332,144,0,2,7917.581250501,2026-02-22 16:39:14,0,normal
3.5,46.1,54,34,30,11,8,5,29,3,8457,10686,2,27,7918.664785849,2026-02-22 16:39:15,0,normal
6.2,46.0,54,34,30,11,8,5,29,3,0,0,0,0,7919.741226153,2026-02-22 16:39:16,0,normal
3.8,46.1,54,34,30,11,8,5,29,3,0,0,0,0,7920.818131904,2026-02-22 16:39:17,0,normal
3.0,45.8,54,34,30,11,8,5,29,3,231,143,0,2,7921.894454921,2026-02-22 16:39:18,0,normal
4.0,45.8,54,34,30,11,8,5,29,3,0,52,0,1,7922.972167886,2026-02-22 16:39:19,0,normal
2.8,45.8,54,34,30,11,8,5,29,3,1886,4953,0,12,7924.049742535,2026-02-22 16:39:21,0,normal
13.3,45.6,53,34,29,11,8,5,28,3,2507,1130,0,9,7925.128106775,2026-02-22 16:39:22,0,normal
1.6,45.6,53,34,29,11,8,5,28,3,0,0,0,0,7926.204549934,2026-02-22 16:39:23,0,normal
6.4,44.5,53,34,29,11,8,5,28,3,0,0,0,0,7927.278339618,2026-02-22 16:39:24,0,normal
2.2,44.4,53,34,28,11,9,5,28,3,1284,1077,0,9,7928.355563263,2026-02-22 16:39:25,0,normal
2.3,44.4,53,34,28,11,9,5,28,3,0,0,0,0,7929.430065515,2026-02-22 16:39:26,0,normal
3.1,44.4,53,34,28,11,9,5,28,3,549,251,0,4,7930.504464074,2026-02-22 16:39:27,0,normal
1.3,44.4,53,34,28,11,9,5,28,3,0,0,0,0,7931.579160188,2026-02-22 16:39:28,0,normal
1.8,44.5,53,32,28,11,9,5,28,3,0,0,0,0,7932.653908999,2026-02-22 16:39:29,0,normal
1.8,44.5,53,32,28,11,9,5,28,3,102,52,0,1,7933.729493188,2026-02-22 16:39:30,0,normal
6.8,44.4,53,33,28,11,9,5,28,3,7044,4558,0,10,7934.803818839,2026-02-22 16:39:31,0,normal
14.3,44.9,54,34,28,11,10,5,29,3,315645,18715,2,144,7935.878204034,2026-02-22 16:39:32,0,normal
9.1,44.6,54,34,28,11,10,5,29,3,5110,61,0,1,7936.955408492,2026-02-22 16:39:33,0,normal
2.6,44.6,54,34,28,11,10,5,29,3,0,0,0,0,7938.035556617,2026-02-22 16:39:35,0,normal
4.1,44.5,54,34,28,11,10,5,29,3,0,0,0,0,7939.110303896,2026-02-22 16:39:36,0,normal
3.4,44.5,54,33,28,11,10,5,29,3,170,0,0,0,7940.184991003,2026-02-22 16:39:37,0,normal
8.1,44.2,54,31,28,11,10,5,29,3,0,0,0,0,7941.261526524,2026-02-22 16:39:38,0,normal
1.5,44.2,54,31,28,11,10,5,29,3,0,0,0,0,7942.340700634,2026-02-22 16:39:39,0,normal
2.7,44.3,54,29,28,11,10,5,29,3,0,0,0,0,7943.417290737,2026-02-22 16:39:40,0,normal
5.2,44.5,55,26,29,11,10,5,30,3,766,3595,0,8,7944.490539853,2026-02-22 16:39:41,0,normal
8.6,44.5,57,26,31,11,10,5,30,3,27853,9818,0,35,7945.567064194,2026-02-22 16:39:42,0,normal
10.5,44.4,57,26,31,11,10,5,30,3,0,0,0,0,7946.644289382,2026-02-22 16:39:43,0,normal
5.8,44.4,57,26,31,11,10,5,30,3,173,173,0,2,7947.718611598,2026-02-22 16:39:44,0,normal
3.5,44.5,57,26,31,11,10,5,30,3,0,0,0,0,7948.794113714,2026-02-22 16:39:45,0,normal
4.8,44.7,56,26,29,11,10,5,30,3,814,444,0,8,7949.869132629,2026-02-22 16:39:46,0,normal
3.0,44.7,54,26,28,11,10,5,29,3,636,128,0,2,7950.944306503,2026-02-22 16:39:47,0,normal
2.2,44.7,54,26,28,11,10,5,29,3,0,0,0,0,7952.019563253,2026-02-22 16:39:49,0,normal
4.2,44.7,54,26,28,11,10,5,29,3,0,0,0,0,7953.096227554,2026-02-22 16:39:50,0,normal
4.5,44.7,54,26,28,11,10,5,29,3,102,52,0,1,7954.171192549,2026-02-22 16:39:51,0,normal
1.7,44.8,54,26,28,11,10,5,29,3,102,52,0,1,7955.246845366,2026-02-22 16:39:52,0,normal
4.4,44.6,54,26,28,11,10,5,29,3,0,0,0,0,7956.320201562,2026-02-22 16:39:53,0,normal
4.9,44.6,54,26,28,11,10,5,29,3,0,0,0,0,7957.39576915,2026-02-22 16:39:54,0,normal
5.9,44.6,54,26,28,11,10,5,29,3,0,0,0,0,7958.471379498,2026-02-22 16:39:55,0,normal
3.3,44.6,54,26,28,11,10,5,29,3,0,0,0,0,7959.546239818,2026-02-22 16:39:56,0,normal
2.0,44.6,54,26,27,11,11,5,29,3,639,414,0,6,7960.621464105,2026-02-22 16:39:57,0,normal
2.6,44.4,54,26,25,11,12,5,29,3,408,271,0,4,7961.697822407,2026-02-22 16:39:58,0,normal
2.7,44.4,54,26,24,11,14,5,29,3,610,542,0,8,7962.773222644,2026-02-22 16:39:59,0,normal
2.9,44.4,54,26,24,11,14,5,29,3,306,128,0,2,7963.848981708,2026-02-22 16:40:00,0,normal
3.6,44.4,54,25,24,11,14,5,29,3,102,52,0,1,7964.924163026,2026-02-22 16:40:01,0,normal
3.7,44.5,54,24,24,11,14,5,29,3,102,52,0,1,7965.999387694,2026-02-22 16:40:02,0,normal
3.2,44.4,54,24,24,11,14,5,29,3,173,173,0,2,7967.074392182,2026-02-22 16:40:04,0,normal
1.7,44.4,54,24,24,11,14,5,29,3,78,28,0,1,7968.150304682,2026-02-22 16:40:05,0,normal
4.4,44.4,54,24,24,11,14,5,29,3,0,0,0,0,7969.225308339,2026-02-22 16:40:06,0,normal
1.5,44.4,54,24,24,11,14,5,29,3,818,457,0,6,7970.307861996,2026-02-22 16:40:07,0,normal
3.4,44.4,54,24,24,11,14,5,29,3,448,338,0,5,7971.383634747,2026-02-22 16:40:08,0,normal
2.8,44.4,52,24,24,11,12,5,29,3,872,715,0,10,7972.459679643,2026-02-22 16:40:09,0,normal
2.7,44.5,52,24,24,11,12,5,29,3,384,286,0,4,7973.534232689,2026-02-22 16:40:10,0,normal
3.0,44.4,52,24,24,11,12,5,29,3,102,52,0,1,7974.609700451,2026-02-22 16:40:11,0,normal
1.9,44.4,52,24,24,11,12,5,29,3,102,52,0,1,7975.684402556,2026-02-22 16:40:12,0,normal
3.0,44.4,46,24,24,11,6,5,27,3,0,0,0,0,7976.758702141,2026-02-22 16:40:13,0,normal
4.0,44.3,46,24,24,11,6,5,27,3,0,0,0,0,7977.836785328,2026-02-22 16:40:14,0,normal
3.0,44.4,46,24,24,11,6,5,27,3,0,0,0,0,7978.915434899,2026-02-22 16:40:15,0,normal
6.4,44.4,46,24,24,11,6,5,27,3,0,0,0,0,7979.990911648,2026-02-22 16:40:16,0,normal
2.5,44.4,46,24,24,11,6,5,27,3,231,143,0,2,7981.063584269,2026-02-22 16:40:18,0,normal
4.1,44.3,46,24,24,11,6,5,27,3,0,0,0,0,7982.139062691,2026-02-22 16:40:19,0,normal
1.9,44.4,46,24,24,11,6,5,27,3,231,143,0,2,7983.213524538,2026-02-22 16:40:20,0,normal
3.7,44.6,46,24,24,11,6,5,27,3,231,143,0,2,7984.286296304,2026-02-22 16:40:21,0,normal
4.3,44.6,46,24,24,11,6,5,27,3,275,225,0,3,7985.361737436,2026-02-22 16:40:22,0,normal
1.1,44.6,46,24,24,11,6,5,27,3,333,195,0,3,7986.43603208,2026-02-22 16:40:23,0,normal
3.0,44.5,46,24,24,11,6,5,27,3,0,0,0,0,7987.510517431,2026-02-22 16:40:24,0,normal
8.2,44.5,46,24,25,11,5,5,27,3,2692,3593,0,8,7988.582887529,2026-02-22 16:40:25,0,normal
10.8,44.6,46,24,25,11,5,5,27,3,5382,795,0,4,7989.657905303,2026-02-22 16:40:26,0,normal
1.4,44.6,46,24,25,11,5,5,27,3,0,0,0,0,7990.733110616,2026-02-22 16:40:27,0,normal
3.3,44.7,46,24,25,11,5,5,27,3,0,0,0,0,7991.806934163,2026-02-22 16:40:28,0,normal
1.2,44.6,46,24,25,11,5,5,27,3,78,28,0,1,7992.88232941,2026-02-22 16:40:29,0,normal
3.4,44.7,46,24,24,11,5,5,27,3,471,323,0,5,7993.961261388,2026-02-22 16:40:30,0,normal
2.9,44.6,46,24,24,11,6,5,27,3,432,180,0,3,7995.038926424,2026-02-22 16:40:32,0,normal
4.0,44.7,46,24,24,11,6,5,27,3,102,52,0,1,7996.116064849,2026-02-22 16:40:33,0,normal
2.3,44.8,45,24,24,11,5,5,26,3,0,0,0,0,7997.191742452,2026-02-22 16:40:34,0,normal
3.8,44.8,45,24,24,11,5,5,26,3,0,0,0,0,7998.268798814,2026-02-22 16:40:35,0,normal
4.6,44.8,45,25,24,11,5,5,26,3,528,3008,2,7,7999.344377933,2026-02-22 16:40:36,0,normal
3.1,44.8,45,25,24,11,5,5,26,3,5777,18483,0,17,8000.420708724,2026-02-22 16:40:37,0,normal
3.0,44.8,45,25,24,11,5,5,26,3,0,0,0,0,8001.496087379,2026-02-22 16:40:38,0,normal
2.9,44.7,45,25,24,11,5,5,26,3,0,0,0,0,8002.569078434,2026-02-22 16:40:39,0,normal
2.3,44.7,45,25,24,11,5,5,26,3,0,0,0,0,8003.645618705,2026-02-22 16:40:40,0,normal
7.3,44.5,45,25,24,11,5,5,26,3,173,173,0,2,8004.720157315,2026-02-22 16:40:41,0,normal
2.8,44.7,45,25,24,11,5,5,26,3,102,52,0,1,8005.795301143,2026-02-22 16:40:42,0,normal
2.6,44.7,45,25,24,11,5,5,26,3,102,52,0,1,8006.870250849,2026-02-22 16:40:43,0,normal
1.9,44.7,45,25,24,11,5,5,26,3,0,0,0,0,8007.943388608,2026-02-22 16:40:44,0,normal
8.0,44.9,46,25,25,11,5,5,26,3,6369,3648,0,9,8009.025437154,2026-02-22 16:40:46,0,normal
8.6,44.8,46,25,25,11,5,5,26,3,3882,798,0,4,8010.10580616,2026-02-22 16:40:47,0,normal
4.9,44.8,46,25,25,11,5,5,26,3,0,0,0,0,8011.181258031,2026-02-22 16:40:48,0,normal
6.1,44.8,46,25,25,11,5,5,26,3,0,0,0,0,8012.256647818,2026-02-22 16:40:49,0,normal
4.7,44.9,46,25,25,11,5,5,26,3,0,0,0,0,8013.332369272,2026-02-22 16:40:50,0,normal
4.7,44.7,46,25,24,11,5,5,26,3,306,260,0,5,8014.408228735,2026-02-22 16:40:51,0,normal
5.1,44.7,46,25,24,11,6,5,26,3,342,128,0,2,8015.483625976,2026-02-22 16:40:52,0,normal
1.9,44.7,46,25,24,11,6,5,26,3,204,52,0,1,8016.559173246,2026-02-22 16:40:53,0,normal
3.6,44.8,46,25,24,11,6,5,26,3,0,0,0,0,8017.635693942,2026-02-22 16:40:54,0,normal
3.2,44.8,46,25,24,11,6,5,26,3,231,143,0,2,8018.712555281,2026-02-22 16:40:55,0,normal
6.2,44.6,46,25,24,11,6,5,26,3,0,0,0,0,8019.787835463,2026-02-22 16:40:56,0,normal
0.8,44.6,46,25,24,11,6,5,26,3,0,0,0,0,8020.863141664,2026-02-22 16:40:57,0,normal
5.1,44.6,44,25,24,11,4,5,25,3,320,120,0,3,8021.938092232,2026-02-22 16:40:58,1,port_scan_simulation
2.2,44.6,44,25,24,11,4,5,25,3,816,320,0,8,8023.013722978,2026-02-22 16:41:00,1,port_scan_simulation
3.6,44.6,44,25,24,11,4,5,25,3,816,320,0,8,8024.089018968,2026-02-22 16:41:01,1,port_scan_simulation
1.3,44.6,42,25,24,11,2,5,24,3,816,320,0,8,8025.163722316,2026-02-22 16:41:02,1,port_scan_simulation
2.8,44.6,42,25,24,11,2,5,24,3,1169,613,0,12,8026.238642457,2026-02-22 16:41:03,1,port_scan_simulation
3.1,44.6,42,25,24,11,2,5,24,3,894,360,0,9,8027.313160539,2026-02-22 16:41:04,1,port_scan_simulation
1.8,44.7,42,25,24,11,2,5,24,3,1098,606,0,12,8028.388724199,2026-02-22 16:41:05,1,port_scan_simulation
3.7,44.7,41,25,23,11,2,5,23,3,1681,871,0,17,8029.464718501,2026-02-22 16:41:06,1,port_scan_simulation
10.5,44.7,40,24,22,11,2,5,22,3,3903,6024,0,34,8030.540723184,2026-02-22 16:41:07,1,port_scan_simulation
6.1,44.8,40,24,22,11,2,5,22,3,6751,10645,0,50,8031.618182036,2026-02-22 16:41:08,1,port_scan_simulation
2.4,44.8,40,24,22,11,2,5,22,3,2551,2119,0,18,8032.69387613,2026-02-22 16:41:09,1,port_scan_simulation
4.8,44.9,41,24,23,11,2,5,22,3,11487,5039,0,35,8033.766889767,2026-02-22 16:41:10,1,port_scan_simulation
18.4,45.4,40,28,22,11,2,5,21,3,139764,37293,0,111,8034.844660351,2026-02-22 16:41:11,1,port_scan_simulation
6.9,45.5,40,28,22,11,2,5,21,3,1930,1187,0,12,8035.922217988,2026-02-22 16:41:12,1,port_scan_simulation
5.9,45.5,41,28,23,11,2,5,22,3,5763,4045,2,24,8037.004278938,2026-02-22 16:41:13,1,port_scan_simulation
14.2,46.0,45,30,25,11,2,5,26,4,139507,15806,4,124,8038.087139037,2026-02-22 16:41:15,1,port_scan_simulation
21.1,46.8,44,28,26,11,2,5,25,3,1604577,36060,2,457,8039.168226864,2026-02-22 16:41:16,1,port_scan_simulation
9.7,46.9,44,28,26,11,2,5,25,3,568876,4376,0,86,8040.248419692,2026-02-22 16:41:17,1,port_scan_simulation
2.4,46.9,44,28,26,11,2,5,25,3,816,360,0,8,8041.325972519,2026-02-22 16:41:18,1,port_scan_simulation
3.9,47.0,44,28,26,11,2,5,25,3,816,320,0,8,8042.40307658,2026-02-22 16:41:19,1,port_scan_simulation
1.6,46.9,44,28,26,11,2,5,25,3,816,320,0,8,8043.480221929,2026-02-22 16:41:20,1,port_scan_simulation
5.3,46.7,44,28,26,11,2,5,25,3,816,320,0,8,8044.565911161,2026-02-22 16:41:21,1,port_scan_simulation
4.5,46.8,44,28,26,11,2,5,25,3,957,503,0,10,8045.649782105,2026-02-22 16:41:22,1,port_scan_simulation
7.3,46.6,44,28,26,11,2,5,25,3,714,280,0,7,8046.726043596,2026-02-22 16:41:23,1,port_scan_simulation
3.3,46.5,44,28,26,11,2,5,25,3,894,348,0,9,8047.802886911,2026-02-22 16:41:24,1,port_scan_simulation
2.7,46.5,44,28,26,11,2,5,25,3,816,320,0,8,8048.877898113,2026-02-22 16:41:25,1,port_scan_simulation
5.1,46.7,44,28,26,11,2,5,25,3,1044,400,0,9,8049.956334227,2026-02-22 16:41:26,1,port_scan_simulation
4.0,46.4,44,28,26,11,2,5,25,3,714,280,0,7,8051.032326656,2026-02-22 16:41:28,1,port_scan_simulation
4.9,46.4,44,28,26,11,2,5,25,3,989,493,0,10,8052.108092493,2026-02-22 16:41:29,1,port_scan_simulation
2.3,46.4,44,28,26,11,2,5,25,3,1059,463,0,10,8053.18373506,2026-02-22 16:41:30,1,port_scan_simulation
12.0,46.2,45,28,27,11,2,5,25,3,2702,4349,0,17,8054.263133287,2026-02-22 16:41:31,1,port_scan_simulation
2.7,46.2,45,28,27,11,2,5,25,3,816,320,0,8,8055.34025433,2026-02-22 16:41:32,1,port_scan_simulation
6.1,46.2,45,28,27,11,2,5,25,3,1020,1075,0,10,8056.41698162,2026-02-22 16:41:33,1,port_scan_simulation
5.3,46.2,45,28,27,11,2,5,25,3,714,280,0,7,8057.494757834,2026-02-22 16:41:34,1,port_scan_simulation
4.3,46.4,44,28,27,11,1,5,25,3,816,320,0,8,8058.573305816,2026-02-22 16:41:35,1,port_scan_simulation
5.3,46.4,43,28,26,11,1,5,25,3,1236,436,0,10,8059.649551047,2026-02-22 16:41:36,1,port_scan_simulation
7.1,46.3,43,28,26,11,1,5,25,3,894,348,0,9,8060.725842343,2026-02-22 16:41:37,1,port_scan_simulation
4.7,46.3,43,28,26,11,1,5,25,3,816,320,0,8,8061.804595328,2026-02-22 16:41:38,1,port_scan_simulation
3.3,46.2,43,28,26,11,1,5,25,3,816,806,0,9,8062.881499578,2026-02-22 16:41:39,1,port_scan_simulation
10.9,46.3,43,28,26,11,1,5,25,3,92979,6675,2,59,8063.96078203,2026-02-22 16:41:40,1,port_scan_simulation
11.0,46.0,43,24,26,11,1,5,25,3,99574,1528,0,31,8065.044123776,2026-02-22 16:41:42,1,port_scan_simulation
26.0,47.1,44,24,27,11,1,5,26,3,307162,22223,2,155,8066.126344353,2026-02-22 16:41:43,1,port_scan_simulation
24.5,47.7,44,24,27,11,1,5,26,3,2339180,20012,0,341,8067.210548718,2026-02-22 16:41:44,1,port_scan_simulation
4.7,47.7,44,24,27,11,1,5,26,3,816,320,0,8,8068.289411757,2026-02-22 16:41:45,1,port_scan_simulation
9.8,47.8,44,24,27,11,1,5,26,3,996,992,0,10,8069.366177599,2026-02-22 16:41:46,1,port_scan_simulation
26.1,48.3,44,24,27,11,1,5,26,3,292446,7609,0,70,8070.44917303,2026-02-22 16:41:47,1,port_scan_simulation
14.3,48.2,44,24,27,11,1,5,26,3,42455,892,0,19,8071.526981575,2026-02-22 16:41:48,1,port_scan_simulation
6.9,48.2,44,24,27,11,1,5,26,3,816,320,0,8,8072.605662184,2026-02-22 16:41:49,1,port_scan_simulation
1.7,48.2,44,24,27,11,1,5,26,3,714,280,0,7,8073.682872173,2026-02-22 16:41:50,1,port_scan_simulation
7.5,48.1,44,24,27,11,1,5,26,3,38539,1462,0,19,8074.760715142,2026-02-22 16:41:51,1,port_scan_simulation
24.5,47.2,44,24,27,11,1,5,26,3,65743,6740,0,36,8075.840964816,2026-02-22 16:41:52,1,port_scan_simulation
13.0,47.4,44,24,27,11,1,5,26,3,78709,2601,0,36,8076.923233784,2026-02-22 16:41:53,1,port_scan_simulation
4.9,47.4,44,24,27,11,1,5,26,3,816,320,0,8,8078.005558666,2026-02-22 16:41:54,1,port_scan_simulation
6.5,47.4,43,24,27,11,0,5,25,3,714,280,0,7,8079.086176968,2026-02-22 16:41:56,1,port_scan_simulation
2.4,47.2,43,24,27,11,0,5,25,3,816,320,0,8,8080.165617885,2026-02-22 16:41:57,1,port_scan_simulation
1.3,47.2,43,24,27,11,0,5,25,3,816,320,0,8,8081.242362187,2026-02-22 16:41:58,1,port_scan_simulation
4.0,47.3,43,24,26,11,1,5,25,3,1210,591,0,12,8082.319171269,2026-02-22 16:41:59,1,port_scan_simulation
5.1,47.2,43,24,24,11,3,5,25,3,1732,1498,0,17,8083.396522371,2026-02-22 16:42:00,1,port_scan_simulation
22.8,47.2,43,24,21,11,6,5,25,3,102583,7269,0,57,8084.476105784,2026-02-22 16:42:01,1,port_scan_simulation
12.7,47.4,43,24,16,11,11,5,25,3,40920,3580,0,50,8085.557422247,2026-02-22 16:42:02,1,port_scan_simulation
5.6,47.5,43,24,16,11,11,5,25,3,816,400,0,8,8086.634792063,2026-02-22 16:42:03,1,port_scan_simulation
5.5,47.4,43,24,16,11,11,5,25,3,894,348,0,9,8087.713807547,2026-02-22 16:42:04,1,port_scan_simulation
16.8,47.2,43,24,16,11,11,5,25,3,1297,2138,0,14,8088.791630959,2026-02-22 16:42:05,1,port_scan_simulation
15.2,47.2,43,24,16,11,11,5,25,3,1326,515,0,11,8089.870497385,2026-02-22 16:42:06,1,port_scan_simulation
6.2,47.2,43,24,16,11,11,5,25,3,920,423,0,9,8090.947391065,2026-02-22 16:42:07,1,port_scan_simulation
14.3,47.1,43,24,16,11,11,5,25,3,43031,2868,0,21,8092.023414141,2026-02-22 16:42:09,1,port_scan_simulation
15.2,46.8,43,24,16,11,11,5,25,3,56503,4741,0,37,8093.103528994,2026-02-22 16:42:10,1,port_scan_simulation
9.6,46.5,43,24,16,11,11,5,25,3,1047,463,0,10,8094.181486736,2026-02-22 16:42:11,1,port_scan_simulation
3.4,46.5,43,24,16,11,11,5,25,3,1023,451,0,10,8095.257902485,2026-02-22 16:42:12,1,port_scan_simulation
2.3,46.5,43,24,16,11,11,5,25,3,816,320,0,8,8096.332837954,2026-02-22 16:42:13,1,port_scan_simulation
4.0,46.5,43,24,16,11,11,5,25,3,816,320,0,8,8097.412370212,2026-02-22 16:42:14,1,port_scan_simulation
1.8,46.6,43,24,15,11,12,5,25,3,1210,631,0,12,8098.489305148,2026-02-22 16:42:15,1,port_scan_simulation
6.5,46.5,43,24,15,11,12,5,25,3,943,413,0,9,8099.566921955,2026-02-22 16:42:16,1,port_scan_simulation
5.1,46.5,43,24,15,11,12,5,25,3,816,360,0,8,8100.646270169,2026-02-22 16:42:17,1,port_scan_simulation
4.7,46.5,43,24,15,11,12,5,25,3,816,320,0,8,8101.726972567,2026-02-22 16:42:18,1,port_scan_simulation
14.5,46.4,43,24,15,11,12,5,25,3,159898,4719,0,41,8102.808626208,2026-02-22 16:42:19,1,port_scan_simulation
6.2,46.3,43,24,15,11,12,5,25,3,6406,424,0,10,8103.890252207,2026-02-22 16:42:20,1,port_scan_simulation
7.9,46.5,43,24,15,11,12,5,25,3,714,280,0,7,8104.967372318,2026-02-22 16:42:21,1,port_scan_simulation
5.5,46.7,43,24,14,11,13,5,25,3,1236,591,0,12,8106.048868996,2026-02-22 16:42:23,1,port_scan_simulation
5.7,46.6,43,24,14,11,13,5,25,3,682,268,0,7,8107.12724072,2026-02-22 16:42:24,0,normal
10.4,46.5,43,24,14,11,13,5,25,3,22645,2200,0,12,8108.205394658,2026-02-22 16:42:25,0,normal
8.4,46.5,43,24,14,11,13,5,25,3,34155,3376,0,11,8109.28609931,2026-02-22 16:42:26,0,normal
8.9,46.5,43,24,14,11,13,5,25,3,24974,1146,0,14,8110.364586079,2026-02-22 16:42:27,0,normal
14.6,46.4,43,24,14,11,13,5,25,3,21721,3461,0,11,8111.440789151,2026-02-22 16:42:28,0,normal
12.1,46.4,43,24,14,11,13,5,25,3,49774,2802,0,20,8112.524146186,2026-02-22 16:42:29,0,normal
2.9,46.3,43,24,14,11,13,5,25,3,0,0,0,0,8113.600827589,2026-02-22 16:42:30,0,normal
5.4,46.5,43,24,14,11,13,5,25,3,0,0,0,0,8114.676690068,2026-02-22 16:42:31,0,normal
5.2,46.2,43,24,14,11,13,5,25,3,0,0,0,0,8115.763714719,2026-02-22 16:42:32,0,normal
4.6,46.2,43,24,14,11,13,5,25,3,0,0,0,0,8116.846605144,2026-02-22 16:42:33,0,normal
7.7,46.2,43,24,14,11,13,5,25,3,0,0,0,0,8117.922572477,2026-02-22 16:42:34,0,normal
7.6,46.2,43,24,14,11,13,5,25,3,0,0,0,0,8118.998735654,2026-02-22 16:42:35,0,normal
4.0,46.1,43,25,14,11,13,5,25,3,4590,22516,0,22,8120.080992199,2026-02-22 16:42:37,0,normal
4.5,46.1,43,25,14,11,13,5,25,3,2310,1775,0,8,8121.158776016,2026-02-22 16:42:38,0,normal
2.8,46.1,43,25,14,11,13,5,25,3,0,0,0,0,8122.235036264,2026-02-22 16:42:39,0,normal
8.5,46.1,43,25,14,11,13,5,25,3,0,0,0,0,8123.323630241,2026-02-22 16:42:40,0,normal
7.2,44.9,43,25,14,11,13,5,25,3,230,134,0,2,8124.400257183,2026-02-22 16:42:41,0,normal
2.9,44.8,42,25,13,11,13,5,24,3,639,379,0,7,8125.482898946,2026-02-22 16:42:42,0,normal
2.0,44.7,42,25,13,11,13,5,24,3,0,0,0,0,8126.559304115,2026-02-22 16:42:43,0,normal
0.8,44.7,42,25,13,11,13,5,24,3,0,0,0,0,8127.635049214,2026-02-22 16:42:44,0,normal
3.6,44.7,42,25,13,11,13,5,24,3,0,0,0,0,8128.710796085,2026-02-22 16:42:45,0,normal
2.7,44.7,42,25,13,11,13,5,24,3,228,80,0,1,8129.789358425,2026-02-22 16:42:46,0,normal
4.1,44.5,42,25,13,11,13,5,24,3,0,0,0,0,8130.867824394,2026-02-22 16:42:47,0,normal
2.3,44.5,42,25,13,11,13,5,24,3,0,0,0,0,8131.943881473,2026-02-22 16:42:48,0,normal
4.5,44.5,42,25,13,11,13,5,24,3,0,0,0,0,8133.019708906,2026-02-22 16:42:50,0,normal
6.9,44.2,42,25,13,11,13,5,24,3,0,0,0,0,8134.096221906,2026-02-22 16:42:51,0,normal
7.4,44.0,45,25,14,11,13,5,26,4,74120,6277,5,40,8135.169611013,2026-02-22 16:42:52,0,normal
5.9,43.9,47,25,16,11,13,5,27,4,730,1629,0,11,8136.246155042,2026-02-22 16:42:53,0,normal
5.2,44.1,52,25,19,11,15,5,28,4,224182,13879,0,121,8137.322997997,2026-02-22 16:42:54,0,normal
10.2,44.1,54,28,17,11,17,5,29,5,179439,6734,1,75,8138.401283279,2026-02-22 16:42:55,0,normal
12.2,44.1,55,25,20,11,17,5,30,4,39960,15175,6,64,8139.479105809,2026-02-22 16:42:56,0,normal
5.3,44.6,54,25,20,11,18,5,30,4,11021,5473,0,28,8140.562434061,2026-02-22 16:42:57,0,normal
4.9,44.6,54,25,19,11,19,5,30,4,168,80,0,2,8141.637187521,2026-02-22 16:42:58,0,normal
5.3,44.4,54,25,18,11,20,5,30,4,1408,2927,2,17,8142.713009814,2026-02-22 16:42:59,0,normal
6.5,44.4,55,25,17,11,21,5,31,4,12325,2307,2,25,8143.791686426,2026-02-22 16:43:00,0,normal
7.7,44.5,49,25,18,11,15,5,27,4,10343,6215,2,20,8144.868992034,2026-02-22 16:43:01,0,normal
6.4,44.5,49,25,16,11,16,5,27,4,30772,8289,0,34,8145.94784257,2026-02-22 16:43:02,0,normal
5.5,44.6,48,25,16,11,16,5,26,4,192,0,0,0,8147.024479671,2026-02-22 16:43:04,0,normal
2.9,44.6,43,25,16,11,11,5,22,4,0,0,0,0,8148.103624658,2026-02-22 16:43:05,0,normal
3.9,44.6,43,25,16,11,11,5,22,4,231,143,0,2,8149.18288602,2026-02-22 16:43:06,0,normal
3.3,44.6,42,25,15,11,11,5,21,4,432,215,0,3,8150.26025274,2026-02-22 16:43:07,0,normal
7.7,44.5,42,24,15,11,11,5,21,4,282,286,0,4,8151.337734255,2026-02-22 16:43:08,0,normal
1.4,44.4,42,24,15,11,11,5,21,4,141,143,0,2,8152.414151315,2026-02-22 16:43:09,0,normal
2.4,44.4,42,24,15,11,11,5,21,4,231,143,0,2,8153.489950926,2026-02-22 16:43:10,0,normal
4.1,44.5,42,24,15,11,11,5,21,4,0,0,0,0,8154.565463291,2026-02-22 16:43:11,0,normal
1.9,44.4,42,24,15,11,11,5,21,4,0,0,0,0,8155.640899172,2026-02-22 16:43:12,0,normal
1.6,44.5,42,24,15,11,11,5,21,4,0,0,0,0,8156.723668012,2026-02-22 16:43:13,0,normal
4.8,44.3,42,24,15,11,11,5,21,4,0,0,0,0,8157.800377028,2026-02-22 16:43:14,0,normal
6.4,44.3,42,24,15,11,11,5,21,4,0,0,0,0,8158.879490864,2026-02-22 16:43:15,0,normal
3.6,44.3,42,25,15,11,11,5,21,4,8698,6726,2,15,8159.955606173,2026-02-22 16:43:16,0,normal
4.9,44.1,41,25,15,11,10,5,20,4,351,143,0,2,8161.032242421,2026-02-22 16:43:18,0,normal
1.6,44.1,41,25,15,11,10,5,20,4,0,0,0,0,8162.107035724,2026-02-22 16:43:19,0,normal
4.2,44.1,41,25,15,11,10,5,20,4,173,173,0,2,8163.181616732,2026-02-22 16:43:20,0,normal
3.3,44.2,41,25,15,11,10,5,20,4,0,0,0,0,8164.256561318,2026-02-22 16:43:21,0,normal
3.3,44.1,41,25,15,11,10,5,20,4,78,28,0,1,8165.329701,2026-02-22 16:43:22,0,normal
9.6,44.1,44,25,18,11,10,5,22,4,62086,8018,3,48,8166.410907627,2026-02-22 16:43:23,0,normal
10.2,44.2,43,25,17,11,10,5,22,4,267872,7755,1,89,8167.490886858,2026-02-22 16:43:24,0,normal
4.9,44.1,42,25,17,11,9,5,21,4,0,0,0,0,8168.567059663,2026-02-22 16:43:25,0,normal
8.8,44.3,42,25,17,11,9,5,21,4,228,80,0,1,8169.648953511,2026-02-22 16:43:26,0,normal
6.7,44.4,42,25,17,11,9,5,21,4,0,0,0,0,8170.7241296,2026-02-22 16:43:27,0,normal
2.9,44.4,42,25,17,11,9,5,21,4,126,76,0,1,8171.800192991,2026-02-22 16:43:28,0,normal
6.7,44.4,42,25,17,11,9,5,21,4,8927,352,0,5,8172.874391306,2026-02-22 16:43:29,0,normal
7.1,44.4,42,25,17,11,9,5,21,4,11427,453,0,6,8173.954069053,2026-02-22 16:43:30,0,normal
10.0,44.5,42,25,17,11,9,5,21,4,0,0,0,0,8175.037065427,2026-02-22 16:43:32,0,normal
9.6,44.0,42,25,17,11,9,5,21,4,0,0,0,0,8176.11163303,2026-02-22 16:43:33,0,normal
2.3,44.0,42,25,17,11,9,5,21,4,0,0,0,0,8177.186819187,2026-02-22 16:43:34,0,normal
3.9,43.8,42,25,17,11,9,5,21,4,0,0,0,0,8178.269749708,2026-02-22 16:43:35,0,normal
2.8,44.1,42,25,17,11,9,5,21,4,0,0,0,0,8179.346321788,2026-02-22 16:43:36,0,normal
1.4,44.1,42,25,17,11,9,5,21,4,0,0,0,0,8180.419625677,2026-02-22 16:43:37,0,normal
2.0,44.2,42,25,17,11,9,5,21,4,102,52,0,1,8181.494791667,2026-02-22 16:43:38,0,normal
2.1,44.1,42,25,17,11,9,5,21,4,0,0,0,0,8182.569611602,2026-02-22 16:43:39,0,normal
2.5,44.2,42,25,17,11,9,5,21,4,141,143,0,2,8183.644591313,2026-02-22 16:43:40,0,normal
3.7,44.1,42,25,17,11,9,5,21,4,0,0,0,0,8184.717380181,2026-02-22 16:43:41,0,normal
2.9,44.1,42,25,17,11,9,5,21,4,102,52,0,1,8185.794592013,2026-02-22 16:43:42,0,normal
1.9,44.1,41,25,16,11,9,5,20,4,673,351,0,6,8186.869834534,2026-02-22 16:43:43,0,normal
1.5,44.0,41,25,16,11,9,5,20,4,173,173,0,2,8187.944860242,2026-02-22 16:43:44,0,normal
3.7,44.2,41,25,16,11,9,5,20,4,0,0,0,0,8189.020123803,2026-02-22 16:43:46,0,normal
2.2,44.0,41,24,16,11,9,5,20,4,228,80,0,1,8190.096226719,2026-02-22 16:43:47,0,normal
2.7,44.1,41,24,16,11,9,5,20,4,0,0,0,0,8191.171599082,2026-02-22 16:43:48,0,normal
3.6,44.1,41,24,16,11,9,5,20,4,78,28,0,1,8192.247487367,2026-02-22 16:43:49,0,normal
3.4,44.1,41,24,16,11,9,5,20,4,0,0,0,0,8193.322598824,2026-02-22 16:43:50,0,normal
7.6,44.1,41,24,16,11,9,5,20,4,0,0,0,0,8194.39928183,2026-02-22 16:43:51,0,normal
11.6,44.2,41,25,16,11,9,5,20,4,6137,19955,0,24,8195.474198024,2026-02-22 16:43:52,0,normal
4.6,44.2,41,25,16,11,9,5,20,4,3696,19257,0,19,8196.550789069,2026-02-22 16:43:53,0,normal
8.3,44.3,40,25,16,11,8,5,20,4,59990,16469,0,22,8197.625930503,2026-02-22 16:43:54,0,normal
4.6,44.3,40,25,16,11,8,5,20,4,0,0,0,0,8198.701420806,2026-02-22 16:43:55,0,normal
5.0,44.3,40,25,16,11,8,5,20,4,1512,0,0,0,8199.777524683,2026-02-22 16:43:56,0,normal
3.0,44.2,40,25,16,11,8,5,20,4,165,645,0,2,8200.852831955,2026-02-22 16:43:57,0,normal
3.9,44.3,34,25,15,11,3,5,18,4,2018,9515,0,15,8201.930510316,2026-02-22 16:43:58,0,normal
1.6,44.2,34,25,15,11,3,5,18,4,379,293,0,4,8203.007431268,2026-02-22 16:43:59,0,normal
3.6,44.3,34,25,14,11,4,5,18,4,294,271,0,4,8204.085612688,2026-02-22 16:44:01,0,normal
3.2,44.2,34,25,13,11,5,5,18,4,408,271,0,4,8205.164083899,2026-02-22 16:44:02,0,normal
2.6,44.2,31,25,12,11,3,5,16,3,408,271,0,4,8206.244400297,2026-02-22 16:44:03,0,normal
10.8,44.3,30,25,11,11,3,5,16,3,58124,66274,0,67,8207.317186872,2026-02-22 16:44:04,0,normal
10.7,44.3,30,25,11,11,3,5,16,3,7632,216,0,3,8208.392032815,2026-02-22 16:44:05,0,normal
12.5,44.5,30,25,11,11,3,5,16,3,126,132,0,2,8209.475218461,2026-02-22 16:44:06,0,normal
11.6,44.4,30,25,11,11,3,5,16,3,606,8532,0,7,8210.550997172,2026-02-22 16:44:07,0,normal
12.5,44.5,30,25,11,11,3,5,16,3,1576,213,0,3,8211.632235679,2026-02-22 16:44:08,0,normal
7.0,44.4,30,25,11,11,3,5,16,3,1344,196,0,3,8212.709179833,2026-02-22 16:44:09,0,normal
3.7,44.5,30,25,11,11,3,5,16,3,0,0,0,0,8213.784510708,2026-02-22 16:44:10,0,normal
8.3,44.5,30,25,11,11,3,5,16,3,773,72,0,1,8214.859369866,2026-02-22 16:44:11,0,normal
3.8,44.5,30,25,11,11,3,5,16,3,1589,8932,0,8,8215.933069071,2026-02-22 16:44:12,0,normal
3.4,44.4,30,25,11,11,3,5,16,3,275,173,0,2,8217.00995217,2026-02-22 16:44:13,0,normal
2.6,44.3,30,25,11,11,3,5,16,3,0,0,0,0,8218.086842984,2026-02-22 16:44:15,0,normal
4.4,44.3,30,25,11,11,3,5,16,3,0,0,0,0,8219.161302777,2026-02-22 16:44:16,0,normal
2.8,44.2,31,25,12,11,3,5,16,4,3121796,5955,0,147,8220.243698551,2026-02-22 16:44:17,1,bulk_download
6.4,44.2,31,25,12,11,3,5,16,4,11622668,18400,0,460,8221.319868972,2026-02-22 16:44:18,1,bulk_download
8.8,44.1,31,25,12,11,3,5,16,4,23623486,39360,0,984,8222.398310666,2026-02-22 16:44:19,1,bulk_download
5.2,44.1,31,25,12,11,3,5,16,4,25697638,42120,0,1053,8223.472489967,2026-02-22 16:44:20,1,bulk_download
8.0,44.2,31,25,12,11,3,5,16,4,24773838,38248,0,949,8224.551488528,2026-02-22 16:44:21,1,bulk_download
7.2,44.3,30,25,11,11,3,5,15,4,23011434,36043,0,898,8225.628935058,2026-02-22 16:44:22,1,bulk_download
6.7,44.2,30,25,11,11,3,5,15,4,26591041,56524,0,1153,8226.706016418,2026-02-22 16:44:23,1,bulk_download
7.1,44.1,30,25,11,11,3,5,15,4,28414182,46040,0,1151,8227.781597391,2026-02-22 16:44:24,1,bulk_download
5.3,44.1,30,25,11,11,3,5,15,4,27877426,46080,0,1152,8228.856904032,2026-02-22 16:44:25,1,bulk_download
8.5,44.1,30,25,11,11,3,5,15,4,26054540,43600,0,1089,8229.932859151,2026-02-22 16:44:26,1,bulk_download
7.8,44.2,30,25,11,11,3,5,15,4,30211486,48212,0,1205,8231.019704537,2026-02-22 16:44:28,1,bulk_download
7.0,44.1,30,25,11,11,3,5,15,4,26051284,45560,0,1139,8232.097211661,2026-02-22 16:44:29,1,bulk_download
6.9,44.1,30,25,11,11,3,5,15,4,26665158,45327,0,1128,8233.175040753,2026-02-22 16:44:30,1,bulk_download
9.0,44.2,30,25,11,11,3,5,15,4,29019978,47400,0,1185,8234.252693917,2026-02-22 16:44:31,1,bulk_download
6.3,44.1,30,25,11,11,3,5,15,4,30234430,51240,0,1281,8235.329379979,2026-02-22 16:44:32,1,bulk_download
9.5,44.1,30,25,11,11,3,5,15,4,28378730,46920,0,1173,8236.408466064,2026-02-22 16:44:33,1,bulk_download
13.3,44.2,30,25,11,11,3,5,15,4,25066409,57330,0,1073,8237.486454483,2026-02-22 16:44:34,1,bulk_download
13.7,44.2,30,25,11,11,3,5,15,4,30051097,85068,0,1119,8238.565361585,2026-02-22 16:44:35,1,bulk_download
20.9,44.3,30,25,11,11,3,5,15,4,33605681,37572,0,936,8239.642669066,2026-02-22 16:44:36,1,bulk_download
17.4,44.2,30,25,11,11,3,5,15,4,31843241,57659,0,1042,8240.719352437,2026-02-22 16:44:37,1,bulk_download
15.5,44.3,30,25,11,11,3,5,15,4,33323915,38051,0,947,8241.796083179,2026-02-22 16:44:38,1,bulk_download
14.3,44.3,30,25,11,11,3,5,15,4,32716356,61608,0,902,8242.875151538,2026-02-22 16:44:39,1,bulk_download
10.9,44.5,30,25,11,11,3,5,15,4,33660896,39880,0,993,8243.95366665,2026-02-22 16:44:40,1,bulk_download
12.2,44.4,30,25,11,11,3,5,15,4,34291930,38888,0,969,8245.03923545,2026-02-22 16:44:42,1,bulk_download
11.9,44.6,30,25,11,11,3,5,15,4,33288383,48157,0,1199,8246.116372665,2026-02-22 16:44:43,1,bulk_download
10.5,44.6,30,25,11,11,3,5,15,4,34582619,56651,0,1017,8247.19190628,2026-02-22 16:44:44,1,bulk_download
11.5,44.6,30,25,11,11,3,5,15,4,34597550,44608,0,1112,8248.265408163,2026-02-22 16:44:45,1,bulk_download
15.9,44.6,30,25,11,11,3,5,15,4,34284203,36080,0,898,8249.343220064,2026-02-22 16:44:46,1,bulk_download
14.4,44.6,30,25,11,11,3,5,15,4,33279040,34761,0,864,8250.421456562,2026-02-22 16:44:47,0,normal
7.4,44.7,29,25,10,11,3,5,15,3,12291324,11613,0,284,8251.502617327,2026-02-22 16:44:48,0,normal
7.0,44.8,29,25,10,11,3,5,15,3,1116,288,0,4,8252.577730332,2026-02-22 16:44:49,0,normal
8.3,44.8,29,25,10,11,3,5,15,3,1148,288,0,4,8253.652927967,2026-02-22 16:44:50,0,normal
11.8,44.6,28,25,9,11,3,5,14,3,4043,17104,0,25,8254.727355135,2026-02-22 16:44:51,0,normal
6.7,44.6,28,25,9,11,3,5,14,3,857,219,0,3,8255.806786486,2026-02-22 16:44:52,0,normal
6.7,44.6,28,25,9,11,3,5,14,3,1747,436,0,6,8256.881516261,2026-02-22 16:44:53,0,normal
5.8,44.7,28,25,9,11,3,5,14,3,1439,360,0,5,8257.959649496,2026-02-22 16:44:54,0,normal
7.8,44.9,28,25,9,11,3,5,14,3,857,216,0,3,8259.033117313,2026-02-22 16:44:56,0,normal
8.6,44.8,28,25,9,11,3,5,14,3,1606,389,0,6,8260.10939802,2026-02-22 16:44:57,0,normal
5.5,44.8,28,25,9,11,3,5,14,3,1571,510,0,7,8261.183812666,2026-02-22 16:44:58,0,normal
7.4,44.9,28,25,9,11,3,5,14,3,1156,288,0,4,8262.256873389,2026-02-22 16:44:59,0,normal
8.4,45.0,28,25,9,11,3,5,14,3,1463,360,0,5,8263.331923015,2026-02-22 16:45:00,0,normal
14.4,45.2,30,25,11,11,3,5,15,3,10466,13890,2,48,8264.407486606,2026-02-22 16:45:01,0,normal
3.0,45.2,29,25,10,11,3,5,14,3,3291,4829,0,16,8265.482973513,2026-02-22 16:45:02,0,normal
7.5,45.2,31,25,12,11,3,5,14,3,25923,12574,0,49,8266.560238768,2026-02-22 16:45:03,0,normal
8.7,44.6,28,25,12,11,0,5,14,3,2424,2720,0,11,8267.637276206,2026-02-22 16:45:04,0,normal
6.8,44.7,28,25,12,11,0,5,14,3,3714,10248,1,19,8268.714967251,2026-02-22 16:45:05,0,normal
20.8,45.0,28,25,12,11,0,5,14,3,1797,564,0,8,8269.79428107,2026-02-22 16:45:06,0,normal
21.5,45.0,28,25,12,11,0,5,14,3,2601,33118,0,31,8270.890257594,2026-02-22 16:45:07,0,normal
14.2,45.2,28,25,12,11,0,5,14,3,5393,504,0,7,8271.968311549,2026-02-22 16:45:08,0,normal
15.6,45.3,27,25,11,11,0,5,13,3,7996,7879,0,38,8273.048393691,2026-02-22 16:45:10,0,normal
20.5,45.9,28,28,12,11,0,5,13,3,119405,35691,8,107,8274.126142183,2026-02-22 16:45:11,0,normal
10.0,46.0,29,28,13,11,0,5,14,3,13785,4644,0,20,8275.204764996,2026-02-22 16:45:12,0,normal
28.2,46.9,31,28,15,11,0,5,16,3,146114,13985,0,88,8276.280775296,2026-02-22 16:45:13,0,normal
10.0,46.9,31,28,15,11,0,5,16,3,17430,2854,0,20,8277.365286691,2026-02-22 16:45:14,0,normal
7.5,47.0,31,28,15,11,0,5,16,3,2529,1156,0,9,8278.44725789,2026-02-22 16:45:15,0,normal
12.8,47.0,31,28,15,11,0,5,16,3,1803,607,0,8,8279.522238027,2026-02-22 16:45:16,0,normal
6.1,47.2,31,28,15,11,0,5,16,3,1423,375,0,5,8280.600734332,2026-02-22 16:45:17,0,normal
7.3,46.7,31,28,15,11,0,5,16,3,2045,301,0,4,8281.675763551,2026-02-22 16:45:18,0,normal
6.9,46.6,31,28,15,11,0,5,16,3,5432,8978,0,13,8282.750207642,2026-02-22 16:45:19,0,normal
8.8,46.3,31,28,15,11,0,5,16,3,0,91,0,1,8283.833835259,2026-02-22 16:45:20,0,normal
10.1,46.3,32,29,16,11,0,5,17,3,182898,11482,0,35,8284.913043351,2026-02-22 16:45:21,0,normal
7.4,46.3,32,29,16,11,0,5,17,3,3413927,10992,0,180,8285.990758861,2026-02-22 16:45:22,0,normal
4.4,46.2,32,29,16,11,0,5,17,3,0,0,0,0,8287.06835656,2026-02-22 16:45:24,0,normal
2.5,46.3,32,29,16,11,0,5,17,3,0,0,0,0,8288.14510265,2026-02-22 16:45:25,0,normal
4.8,46.0,32,29,16,11,0,5,17,3,0,0,0,0,8289.221759013,2026-02-22 16:45:26,0,normal
6.0,45.9,32,29,15,11,1,5,17,3,534,312,0,5,8290.297690815,2026-02-22 16:45:27,0,normal
3.7,45.9,32,29,15,11,1,5,17,3,141,143,0,2,8291.376196299,2026-02-22 16:45:28,0,normal
6.4,46.0,32,29,15,11,1,5,17,3,102,647,0,1,8292.455902604,2026-02-22 16:45:29,0,normal
22.2,46.5,32,29,15,11,1,5,17,3,38105,2606,0,18,8293.53301348,2026-02-22 16:45:30,0,normal
13.8,46.4,32,29,15,11,1,5,17,3,0,0,0,0,8294.612840563,2026-02-22 16:45:31,0,normal
11.9,46.3,32,29,15,11,1,5,17,3,78,28,0,1,8295.68987802,2026-02-22 16:45:32,0,normal
20.2,46.4,32,29,15,11,1,5,17,3,0,0,0,0,8296.770021377,2026-02-22 16:45:33,0,normal
9.8,46.5,32,29,15,11,1,5,17,3,0,0,0,0,8297.847213295,2026-02-22 16:45:34,0,normal
6.0,46.4,32,29,15,11,1,5,17,3,0,0,0,0,8298.922122959,2026-02-22 16:45:35,0,normal
10.0,46.4,32,29,15,11,1,5,17,3,0,0,0,0,8300.004481034,2026-02-22 16:45:36,0,normal
6.1,46.4,32,29,15,11,1,5,17,3,0,0,0,0,8301.081191107,2026-02-22 16:45:38,0,normal
7.7,46.5,32,29,15,11,1,5,17,3,0,0,0,0,8302.158721131,2026-02-22 16:45:39,0,normal
5.0,46.5,32,29,15,11,1,5,17,3,576,16553,2,16,8303.238139276,2026-02-22 16:45:40,0,normal
5.9,46.4,32,26,15,11,1,5,17,3,1440061,8491,0,82,8304.316187832,2026-02-22 16:45:41,0,normal
6.8,46.4,32,26,15,11,1,5,17,3,2569096,8963,0,134,8305.393505936,2026-02-22 16:45:42,0,normal
10.2,46.5,32,26,15,11,1,5,17,3,23443,1272,0,8,8306.476513941,2026-02-22 16:45:43,0,normal
12.0,45.6,32,26,15,11,1,5,17,3,31952,3381,0,19,8307.558567533,2026-02-22 16:45:44,0,normal
3.0,45.6,32,26,15,11,1,5,17,3,0,0,0,0,8308.635231231,2026-02-22 16:45:45,0,normal
6.3,45.6,32,26,15,11,1,5,17,3,228,80,0,1,8309.711528881,2026-02-22 16:45:46,0,normal
7.6,45.6,33,26,16,11,1,5,18,3,10832,6246,0,19,8310.78997917,2026-02-22 16:45:47,0,normal
25.6,46.0,33,26,16,11,1,5,18,3,21370,2705,0,14,8311.875068229,2026-02-22 16:45:48,0,normal
9.5,46.0,33,26,16,11,1,5,18,3,0,0,0,0,8312.957571305,2026-02-22 16:45:49,0,normal
13.5,46.2,34,26,15,11,1,5,19,4,1615,19073,0,21,8314.034238637,2026-02-22 16:45:51,0,normal
6.7,46.0,33,26,15,11,1,5,18,4,394,112,0,2,8315.113026791,2026-02-22 16:45:52,0,normal
8.9,46.1,33,26,15,11,1,5,18,4,78,88,0,2,8316.191021645,2026-02-22 16:45:53,0,normal
7.4,46.1,32,26,15,11,1,5,17,3,0,0,0,0,8317.268097294,2026-02-22 16:45:54,0,normal
14.0,46.0,35,26,17,11,2,5,18,3,24265,6939,0,40,8318.346395649,2026-02-22 16:45:55,0,normal
14.6,46.2,35,26,17,11,2,5,18,3,5106,1639,2,10,8319.428308367,2026-02-22 16:45:56,0,normal
15.8,46.3,39,26,19,11,2,5,20,4,7788,2984,0,19,8320.505368116,2026-02-22 16:45:57,0,normal
5.0,46.3,39,26,17,11,4,5,20,4,176117,3180,0,53,8321.582556477,2026-02-22 16:45:58,0,normal
4.3,46.4,41,26,17,11,5,5,21,4,10063,4291,5,29,8322.6589365,2026-02-22 16:45:59,0,normal
3.6,46.4,39,26,17,11,6,5,20,3,15958,8538,0,25,8323.735278691,2026-02-22 16:46:00,0,normal
5.0,46.5,39,26,17,11,6,5,20,3,4182,1331,0,6,8324.812428868,2026-02-22 16:46:01,0,normal
4.7,46.5,39,26,17,11,6,5,20,3,0,0,0,0,8325.889477626,2026-02-22 16:46:02,0,normal
9.5,46.2,39,26,17,11,6,5,20,3,0,0,0,0,8326.966141651,2026-02-22 16:46:03,0,normal
6.0,46.2,39,26,17,11,6,5,20,3,0,0,0,0,8328.043282382,2026-02-22 16:46:05,0,normal
12.0,46.3,39,26,16,11,7,5,20,3,282,737,0,3,8329.122032383,2026-02-22 16:46:06,0,normal
10.4,46.4,39,26,16,11,7,5,20,3,23082,1729,0,12,8330.200581658,2026-02-22 16:46:07,0,normal
2.5,45.9,39,26,16,11,7,5,20,3,1110912,7516,0,67,8331.283100753,2026-02-22 16:46:08,0,normal
10.5,45.8,39,26,16,11,7,5,20,3,2794710,9283,0,151,8332.361412152,2026-02-22 16:46:09,0,normal
5.7,45.7,39,26,16,11,7,5,20,3,462,286,0,4,8333.441639599,2026-02-22 16:46:10,0,normal
7.0,45.8,39,26,16,11,7,5,20,3,78,28,0,1,8334.517363771,2026-02-22 16:46:11,0,normal
5.1,45.7,39,26,16,11,7,5,20,3,455,794,0,4,8335.592938885,2026-02-22 16:46:12,0,normal
11.2,45.8,39,26,16,11,7,5,20,3,30458,3288,0,21,8336.670181357,2026-02-22 16:46:13,0,normal
4.3,45.8,38,26,15,11,7,5,19,3,724,455,0,8,8337.744277896,2026-02-22 16:46:14,0,normal
3.0,45.9,38,26,15,11,7,5,19,3,0,0,0,0,8338.826147053,2026-02-22 16:46:15,0,normal
5.9,46.0,38,26,15,11,7,5,19,3,0,0,0,0,8339.906392222,2026-02-22 16:46:16,0,normal
7.2,45.8,38,26,15,11,7,5,19,3,15283,1856,2,11,8340.984372769,2026-02-22 16:46:17,0,normal
10.8,45.7,38,26,15,11,7,5,19,3,15654,3916,0,14,8342.065628484,2026-02-22 16:46:19,0,normal
9.5,45.8,38,26,15,11,7,5,19,3,19906,1018,0,9,8343.14209458,2026-02-22 16:46:20,0,normal
18.5,45.9,39,25,15,11,8,5,20,3,140219,6886,2,59,8344.220516015,2026-02-22 16:46:21,0,normal
11.9,46.0,39,25,15,11,8,5,20,3,149798,5919,0,54,8345.3026937,2026-02-22 16:46:22,0,normal
8.2,46.1,39,25,15,11,8,5,20,3,80094,5700,2,46,8346.37910924,2026-02-22 16:46:23,0,normal
5.8,46.0,39,25,15,11,8,5,20,3,350,104,0,2,8347.454333153,2026-02-22 16:46:24,0,normal
1.8,46.0,39,25,15,11,8,5,20,3,173,173,0,2,8348.529869393,2026-02-22 16:46:25,0,normal
2.3,46.0,39,25,15,11,8,5,20,3,306,108,0,2,8349.605508257,2026-02-22 16:46:26,0,normal
1.9,46.0,39,25,15,11,8,5,20,3,582,3332,0,4,8350.680863649,2026-02-22 16:46:27,0,normal
1.5,45.9,39,25,15,11,8,5,20,3,0,0,0,0,8351.756074961,2026-02-22 16:46:28,0,normal
5.1,45.7,38,25,15,11,7,5,19,3,0,0,0,0,8352.836303427,2026-02-22 16:46:29,0,normal
6.4,45.7,38,25,15,11,7,5,19,3,4064988,16856,0,220,8353.912345957,2026-02-22 16:46:30,0,normal
7.3,45.7,38,25,15,11,7,5,19,3,102,549,0,1,8354.98767054,2026-02-22 16:46:31,0,normal
14.6,45.6,38,25,15,11,7,5,19,3,82135,5340,0,41,8356.067518652,2026-02-22 16:46:33,0,normal
17.1,45.8,38,25,15,11,7,5,19,3,77565,4822,0,45,8357.148268667,2026-02-22 16:46:34,0,normal
7.1,45.8,38,25,15,11,7,5,19,3,4931,104,0,2,8358.228661023,2026-02-22 16:46:35,0,normal
5.9,45.7,38,25,15,11,7,5,19,3,0,3305,0,5,8359.303639757,2026-02-22 16:46:36,0,normal
18.9,46.3,39,29,16,11,7,5,20,3,122732,41074,0,137,8360.383886998,2026-02-22 16:46:37,0,normal
7.7,46.5,39,29,16,11,7,5,20,3,38478,1204,0,11,8361.468811188,2026-02-22 16:46:38,1,udp_flood
7.0,46.5,39,29,16,11,7,5,20,3,102750,719,0,1,8362.547253696,2026-02-22 16:46:39,1,udp_flood
19.9,46.8,39,29,16,11,7,5,20,3,172053,2769,0,36,8363.627419229,2026-02-22 16:46:40,1,udp_flood
17.4,47.5,39,33,16,11,7,5,20,3,219237,26298,4,89,8364.705992082,2026-02-22 16:46:41,1,udp_flood
9.6,47.9,39,32,16,11,7,5,20,3,113230,1947,0,15,8365.785258948,2026-02-22 16:46:42,1,udp_flood
9.0,48.0,39,32,16,11,7,5,20,3,111690,1111,0,7,8366.862619535,2026-02-22 16:46:43,1,udp_flood
8.2,47.9,39,33,16,11,7,5,20,3,107998,19284,0,18,8367.941749565,2026-02-22 16:46:44,1,udp_flood
10.6,47.9,39,33,16,11,7,5,20,3,100968,1167,0,1,8369.021205115,2026-02-22 16:46:46,1,udp_flood
16.8,47.9,39,33,16,11,7,5,20,3,169552,2292,0,30,8370.100384296,2026-02-22 16:46:47,1,udp_flood
24.1,48.6,39,33,16,11,7,5,20,3,214802,6140,0,49,8371.179030958,2026-02-22 16:46:48,1,udp_flood
22.4,49.2,39,33,16,11,7,5,20,3,175230,7070,0,60,8372.263018536,2026-02-22 16:46:49,1,udp_flood
12.1,49.5,39,33,16,11,7,5,20,3,134746,2757,0,18,8373.342126153,2026-02-22 16:46:50,1,udp_flood
13.0,49.4,39,33,16,11,7,5,20,3,115196,976,0,7,8374.420185001,2026-02-22 16:46:51,1,udp_flood
8.7,49.4,39,33,16,11,7,5,20,3,3765345,14309,0,178,8375.49810026,2026-02-22 16:46:52,1,udp_flood
7.5,49.2,39,33,16,11,7,5,20,3,102786,76,0,1,8376.577381393,2026-02-22 16:46:53,1,udp_flood
7.3,49.2,39,33,16,11,7,5,20,3,101444,0,0,0,8377.66218356,2026-02-22 16:46:54,1,udp_flood
5.8,49.3,39,33,16,11,7,5,20,3,104394,0,0,0,8378.7409841,2026-02-22 16:46:55,1,udp_flood
7.6,49.1,39,33,16,11,7,5,20,3,100276,0,0,0,8379.820304036,2026-02-22 16:46:56,1,udp_flood
8.8,49.0,39,33,16,11,7,5,20,3,103840,0,0,0,8380.901477301,2026-02-22 16:46:57,1,udp_flood
6.8,49.1,37,33,16,11,5,5,20,3,103918,28,0,1,8381.980680828,2026-02-22 16:46:58,1,udp_flood
5.4,49.0,37,33,16,11,5,5,20,3,102660,0,0,0,8383.059845192,2026-02-22 16:47:00,1,udp_flood
10.5,48.9,37,33,16,11,5,5,20,3,99698,0,0,0,8384.138599355,2026-02-22 16:47:01,1,udp_flood
8.7,48.9,37,33,16,11,5,5,20,3,102762,631,0,1,8385.216186097,2026-02-22 16:47:02,1,udp_flood
19.8,48.9,34,33,16,11,2,5,19,3,149256,3784,0,30,8386.294501707,2026-02-22 16:47:03,1,udp_flood
6.3,48.9,34,33,16,11,2,5,19,3,103238,0,0,0,8387.374332802,2026-02-22 16:47:04,1,udp_flood
4.7,48.9,34,33,16,11,2,5,19,3,107344,0,0,0,8388.451692748,2026-02-22 16:47:05,1,udp_flood
9.3,49.0,34,33,16,11,2,5,19,3,101708,80,0,1,8389.531906342,2026-02-22 16:47:06,1,udp_flood
7.3,49.0,33,29,16,11,1,5,18,3,106706,3393,0,6,8390.610850352,2026-02-22 16:47:07,1,udp_flood
5.1,49.0,33,29,16,11,1,5,18,3,107380,0,0,0,8391.688806847,2026-02-22 16:47:08,1,udp_flood
10.4,49.0,33,29,16,11,1,5,18,3,109889,173,0,2,8392.766387037,2026-02-22 16:47:09,1,udp_flood
7.7,48.9,33,30,16,11,1,5,18,3,101021,7590,0,9,8393.848840195,2026-02-22 16:47:10,1,udp_flood
8.9,48.9,33,27,16,11,1,5,18,3,106790,0,0,0,8394.927039286,2026-02-22 16:47:11,1,udp_flood
8.9,48.8,33,27,16,11,1,5,18,3,105098,28,0,1,8396.005382378,2026-02-22 16:47:12,1,udp_flood
8.8,48.8,33,27,16,11,1,5,18,3,615383,5452,0,33,8397.088801428,2026-02-22 16:47:14,1,udp_flood
6.0,48.8,33,26,16,11,1,5,18,3,4970034,11504,0,181,8398.170025329,2026-02-22 16:47:15,1,udp_flood
9.6,48.8,33,26,16,11,1,5,18,3,98252,0,0,0,8399.24993951,2026-02-22 16:47:16,1,udp_flood
4.5,48.7,33,26,16,11,1,5,18,3,102360,967,0,3,8400.327805806,2026-02-22 16:47:17,1,udp_flood
27.1,49.3,33,26,16,11,1,5,18,3,125697,1275,0,8,8401.407068995,2026-02-22 16:47:18,1,udp_flood
12.5,49.3,33,26,16,11,1,5,18,3,109150,0,0,0,8402.487171891,2026-02-22 16:47:19,1,udp_flood
21.4,49.3,33,26,16,11,1,5,18,3,107356,0,0,0,8403.571962126,2026-02-22 16:47:20,1,udp_flood
15.8,49.4,33,26,16,11,1,5,18,3,99120,0,0,0,8404.648662654,2026-02-22 16:47:21,1,udp_flood
17.3,49.4,33,26,16,11,1,5,18,3,107970,0,0,0,8405.732910981,2026-02-22 16:47:22,1,udp_flood
4.6,49.4,32,26,16,11,0,5,17,3,37842,40,0,1,8406.811556572,2026-02-22 16:47:23,0,normal
7.7,49.3,32,26,16,11,0,5,17,3,0,0,0,0,8407.89135706,2026-02-22 16:47:24,0,normal
6.0,49.5,32,26,16,11,0,5,17,3,173,173,0,2,8408.972170188,2026-02-22 16:47:25,0,normal
8.8,49.4,32,26,16,11,0,5,17,3,228,80,0,1,8410.056586571,2026-02-22 16:47:27,0,normal
17.5,49.4,32,26,16,11,0,5,17,3,37894,3064,0,15,8411.135686434,2026-02-22 16:47:28,0,normal
5.6,49.4,32,26,16,11,0,5,17,3,78,28,0,1,8412.21642909,2026-02-22 16:47:29,0,normal
6.9,49.4,32,26,16,11,0,5,17,3,0,0,0,0,8413.295455845,2026-02-22 16:47:30,0,normal
9.8,49.0,32,26,16,11,0,5,17,3,0,0,0,0,8414.375779715,2026-02-22 16:47:31,0,normal
4.3,48.9,32,26,16,11,0,5,17,3,102,52,0,1,8415.452729632,2026-02-22 16:47:32,0,normal
5.4,48.9,32,26,16,11,0,5,17,3,0,0,0,0,8416.529412516,2026-02-22 16:47:33,0,normal
4.0,48.8,32,26,16,11,0,5,17,3,0,0,0,0,8417.604277859,2026-02-22 16:47:34,0,normal
8.4,48.8,32,26,16,11,0,5,17,3,7326,2337,0,11,8418.683422926,2026-02-22 16:47:35,0,normal
11.6,48.7,32,26,16,11,0,5,17,3,17921,1171,0,9,8419.76296572,2026-02-22 16:47:36,0,normal
9.8,48.8,33,26,16,11,0,5,18,4,36446,3488,0,30,8420.841549874,2026-02-22 16:47:37,0,normal
4.0,49.0,32,26,16,11,0,5,17,3,102,0,0,0,8421.917528036,2026-02-22 16:47:38,0,normal
4.9,48.9,32,26,16,11,0,5,17,3,3423741,14331,0,168,8422.994797543,2026-02-22 16:47:39,0,normal
8.4,49.0,32,25,16,11,0,5,17,3,0,0,0,0,8424.078100716,2026-02-22 16:47:41,0,normal
6.0,49.0,32,25,16,11,0,5,17,3,0,0,0,0,8425.153841442,2026-02-22 16:47:42,0,normal
5.5,49.0,32,25,16,11,0,5,17,3,78,28,0,1,8426.232679954,2026-02-22 16:47:43,0,normal
8.7,48.0,32,25,16,11,0,5,17,3,403,376,0,3,8427.310070908,2026-02-22 16:47:44,0,normal
3.3,48.0,32,25,16,11,0,5,17,3,0,0,0,0,8428.387324896,2026-02-22 16:47:45,0,normal
16.8,48.1,32,25,16,11,0,5,17,3,37098,3325,0,20,8429.463132628,2026-02-22 16:47:46,0,normal
3.8,48.1,32,25,16,11,0,5,17,3,756,3386,0,5,8430.541128417,2026-02-22 16:47:47,0,normal
8.0,48.0,32,25,16,11,0,5,17,3,6783,2023,0,8,8431.618064738,2026-02-22 16:47:48,0,normal
6.2,48.0,32,25,16,11,0,5,17,3,15943,208,0,4,8432.701501702,2026-02-22 16:47:49,0,normal
6.2,48.0,32,25,16,11,0,5,17,3,102,583,0,1,8433.778914839,2026-02-22 16:47:50,0,normal
12.5,48.0,33,25,16,11,0,5,18,3,24601,2750,2,18,8434.858590282,2026-02-22 16:47:51,0,normal
15.6,48.0,33,25,17,11,0,5,18,3,96907,7596,3,42,8435.93895548,2026-02-22 16:47:52,0,normal
7.0,48.0,33,25,17,11,0,5,18,3,0,0,0,0,8437.015836607,2026-02-22 16:47:54,0,normal
5.3,48.3,33,25,17,11,0,5,18,3,23794,2066,0,19,8438.095066013,2026-02-22 16:47:55,0,normal
7.5,48.5,33,25,17,11,0,5,18,3,0,0,0,0,8439.175053091,2026-02-22 16:47:56,0,normal
7.1,48.4,33,25,17,11,0,5,18,3,78,28,0,1,8440.252613823,2026-02-22 16:47:57,0,normal
6.7,48.3,33,25,17,11,0,5,18,3,0,0,0,0,8441.327823903,2026-02-22 16:47:58,0,normal
7.2,48.3,33,25,17,11,0,5,18,3,0,0,0,0,8442.404737652,2026-02-22 16:47:59,0,normal
7.8,48.2,33,25,17,11,0,5,18,3,0,0,0,0,8443.479184178,2026-02-22 16:48:00,0,normal
25.5,48.5,33,25,17,11,0,5,18,3,243,143,0,2,8444.556881858,2026-02-22 16:48:01,0,normal
9.0,48.7,33,25,17,11,0,5,18,3,256166,4989,0,24,8445.633097295,2026-02-22 16:48:02,0,normal
13.1,48.6,33,25,17,11,0,5,18,3,4843714,17435,0,262,8446.712876293,2026-02-22 16:48:03,0,normal
5.0,48.6,33,25,17,11,0,5,18,3,337,348,2,4,8447.799587013,2026-02-22 16:48:04,0,normal
9.4,48.7,33,25,17,11,0,5,18,3,111,0,0,0,8448.880755659,2026-02-22 16:48:05,0,normal
10.9,48.6,33,25,17,11,0,5,18,3,228,80,0,1,8449.96096275,2026-02-22 16:48:06,0,normal
2.6,48.0,32,25,16,11,0,5,17,3,90,0,0,0,8451.037580833,2026-02-22 16:48:08,0,normal
3.7,48.2,32,25,16,11,0,5,17,3,0,0,0,0,8452.112474499,2026-02-22 16:48:09,0,normal
2.2,48.2,32,25,16,11,0,5,17,3,0,0,0,0,8453.19066717,2026-02-22 16:48:10,0,normal
4.6,48.1,32,25,16,11,0,5,17,3,0,0,0,0,8454.268411778,2026-02-22 16:48:11,0,normal
1.8,48.0,32,25,16,11,0,5,17,3,0,0,0,0,8455.344715992,2026-02-22 16:48:12,0,normal
4.1,47.9,32,25,16,11,0,5,17,3,307,161,0,3,8456.419720617,2026-02-22 16:48:13,0,normal
4.5,47.9,32,25,16,11,0,5,17,3,0,0,0,0,8457.495345235,2026-02-22 16:48:14,0,normal
1.6,47.9,32,25,16,11,0,5,17,3,0,0,0,0,8458.571940847,2026-02-22 16:48:15,0,normal
6.2,48.0,32,25,16,11,0,5,17,3,0,0,0,0,8459.653594723,2026-02-22 16:48:16,0,normal
6.6,47.9,32,25,16,11,0,5,17,3,173,173,0,2,8460.727631731,2026-02-22 16:48:17,0,normal
4.4,48.1,32,25,16,11,0,5,17,3,0,0,0,0,8461.803513973,2026-02-22 16:48:18,0,normal
5.0,48.0,32,26,16,11,0,5,17,4,0,0,0,0,8462.882828969,2026-02-22 16:48:19,0,normal
12.0,48.0,32,25,16,11,0,5,17,3,24088,2601,0,8,8463.96089988,2026-02-22 16:48:20,0,normal
4.7,48.0,32,25,16,11,0,5,17,3,0,0,0,0,8465.040192204,2026-02-22 16:48:22,0,normal
12.0,48.0,32,25,16,11,0,5,17,3,21479,2133,0,11,8466.117843717,2026-02-22 16:48:23,0,normal
1.6,48.0,32,25,16,11,0,5,17,3,0,0,0,0,8467.1956443,2026-02-22 16:48:24,0,normal
8.1,48.0,32,25,16,11,0,5,17,3,18801,2736,0,10,8468.273735179,2026-02-22 16:48:25,0,normal
6.7,48.0,32,25,16,11,0,5,17,3,4948,104,0,2,8469.351680173,2026-02-22 16:48:26,0,normal
3.3,48.1,32,25,16,11,0,5,17,3,432,4135,0,6,8470.428030053,2026-02-22 16:48:27,0,normal
5.8,48.1,32,25,16,11,0,5,17,3,12724,668,0,10,8471.507385286,2026-02-22 16:48:28,0,normal
5.6,48.0,32,25,16,11,0,5,17,3,0,0,0,0,8472.592007565,2026-02-22 16:48:29,0,normal
4.7,48.0,32,25,16,11,0,5,17,3,0,0,0,0,8473.666553149,2026-02-22 16:48:30,0,normal
10.1,48.0,32,25,16,11,0,5,17,3,11124,911,0,5,8474.743299503,2026-02-22 16:48:31,0,normal
8.1,48.1,32,25,16,11,0,5,17,3,22958,3392,0,19,8475.823663449,2026-02-22 16:48:32,0,normal
2.6,48.1,32,24,16,11,0,5,17,3,141,143,0,2,8476.903043577,2026-02-22 16:48:33,0,normal
2.0,48.2,32,24,16,11,0,5,17,3,282,286,0,4,8477.981875738,2026-02-22 16:48:34,0,normal
5.9,48.4,32,24,16,11,0,5,17,3,404,316,0,4,8479.05968647,2026-02-22 16:48:36,0,normal
7.6,48.2,33,24,17,11,0,5,18,3,21113,4917,0,26,8480.136666804,2026-02-22 16:48:37,0,normal
4.5,48.2,33,24,17,11,0,5,18,3,6466,52,0,1,8481.215637554,2026-02-22 16:48:38,0,normal
3.7,48.4,33,24,17,11,0,5,18,3,0,0,0,0,8482.292389139,2026-02-22 16:48:39,0,normal
4.2,48.4,33,24,17,11,0,5,18,3,0,0,0,0,8483.367290089,2026-02-22 16:48:40,0,normal
7.6,48.3,33,24,16,11,1,5,18,3,282,132,0,3,8484.445403028,2026-02-22 16:48:41,0,normal
6.7,48.3,33,24,16,11,1,5,18,3,78,28,0,1,8485.522974261,2026-02-22 16:48:42,0,normal
8.3,48.3,33,24,16,11,1,5,18,3,21925,2401,0,13,8486.601303497,2026-02-22 16:48:43,0,normal
8.1,48.4,33,24,16,11,1,5,18,3,5775,2724,0,9,8487.677828105,2026-02-22 16:48:44,0,normal
4.7,48.3,33,25,16,11,1,5,18,3,19549,19587,0,24,8488.758614894,2026-02-22 16:48:45,0,normal
5.9,48.4,33,25,16,11,1,5,18,3,228,80,0,1,8489.835975462,2026-02-22 16:48:46,0,normal
5.5,48.3,33,25,16,11,1,5,18,3,231,143,0,2,8490.913668443,2026-02-22 16:48:47,0,normal
1.9,48.4,33,25,16,11,1,5,18,3,0,0,0,0,8491.991355284,2026-02-22 16:48:48,0,normal
5.2,48.3,33,25,16,11,1,5,18,3,0,0,0,0,8493.067724961,2026-02-22 16:48:50,0,normal
7.3,48.4,33,25,16,11,1,5,18,3,0,0,0,0,8494.144557246,2026-02-22 16:48:51,0,normal
5.7,48.3,33,25,16,11,1,5,18,3,0,0,0,0,8495.220891186,2026-02-22 16:48:52,0,normal
6.2,47.3,33,25,16,11,1,5,18,3,739,586,0,6,8496.29677942,2026-02-22 16:48:53,0,normal
2.9,47.4,33,25,16,11,1,5,18,3,0,0,0,0,8497.378104911,2026-02-22 16:48:54,0,normal
4.9,47.5,33,25,16,11,1,5,18,3,0,0,0,0,8498.453566884,2026-02-22 16:48:55,0,normal
11.8,47.5,34,25,17,11,1,5,18,4,2574017,4372,0,109,8499.532962783,2026-02-22 16:48:56,1,bulk_download
8.6,47.6,34,25,17,11,1,5,18,4,16380780,22120,0,553,8500.615876735,2026-02-22 16:48:57,1,bulk_download
5.2,47.5,34,25,17,11,1,5,18,4,30923656,51880,0,1297,8501.693367818,2026-02-22 16:48:58,1,bulk_download
6.2,47.3,34,25,17,11,1,5,18,4,30694502,44880,0,1122,8502.770769081,2026-02-22 16:48:59,1,bulk_download
10.2,47.3,34,25,17,11,1,5,18,4,30264126,44240,0,1106,8503.846794472,2026-02-22 16:49:00,1,bulk_download
8.1,47.3,34,25,17,11,1,5,18,4,31180404,46828,0,1171,8504.921248223,2026-02-22 16:49:01,1,bulk_download
6.6,47.3,34,25,17,11,1,5,18,4,30659380,41960,0,1049,8506.001843743,2026-02-22 16:49:02,1,bulk_download
6.5,47.2,34,25,17,11,1,5,18,4,27978100,43640,0,1091,8507.080815826,2026-02-22 16:49:04,1,bulk_download
11.4,47.1,34,25,17,11,1,5,18,4,31503314,53413,0,1333,8508.161235305,2026-02-22 16:49:05,1,bulk_download
5.6,47.2,34,25,17,11,1,5,18,4,30716090,50800,0,1270,8509.237564225,2026-02-22 16:49:06,1,bulk_download
7.2,47.2,34,25,17,11,1,5,18,4,22055178,36980,0,916,8510.31289391,2026-02-22 16:49:07,1,bulk_download
5.4,47.1,34,25,17,11,1,5,18,4,30515825,56518,0,1335,8511.390030918,2026-02-22 16:49:08,1,bulk_download
11.8,47.2,34,25,17,11,1,5,18,4,32977690,53120,0,1328,8512.471494528,2026-02-22 16:49:09,1,bulk_download
9.3,47.2,34,25,17,11,1,5,18,4,31185210,50200,0,1255,8513.55061011,2026-02-22 16:49:10,1,bulk_download
11.3,47.3,34,25,17,11,1,5,18,4,31804780,50800,0,1270,8514.626918462,2026-02-22 16:49:11,1,bulk_download
10.5,47.2,34,25,17,11,1,5,18,4,30027532,51880,0,1297,8515.706017834,2026-02-22 16:49:12,1,bulk_download
9.2,47.3,34,25,17,11,1,5,18,4,30682652,45733,0,1142,8516.785919722,2026-02-22 16:49:13,1,bulk_download
7.2,47.2,34,25,17,11,1,5,18,4,27955312,46480,0,1162,8517.867555865,2026-02-22 16:49:14,1,bulk_download
7.7,47.2,33,24,16,11,1,5,17,4,26949004,46763,0,1166,8518.945608913,2026-02-22 16:49:15,1,bulk_download
9.9,47.2,33,24,16,11,1,5,17,4,31017638,45880,0,1147,8520.023568134,2026-02-22 16:49:17,1,bulk_download
10.3,47.2,33,24,16,11,1,5,17,4,34779300,52240,0,1306,8521.103220624,2026-02-22 16:49:18,1,bulk_download
5.0,47.3,33,24,16,11,1,5,17,4,33978232,44240,0,1106,8522.183794704,2026-02-22 16:49:19,1,bulk_download
5.4,47.2,33,24,16,11,1,5,17,4,37258876,46880,0,1172,8523.260614406,2026-02-22 16:49:20,1,bulk_download
9.5,47.3,33,24,16,11,1,5,17,4,34977696,54228,0,1356,8524.338771057,2026-02-22 16:49:21,1,bulk_download
5.3,47.3,32,24,15,11,1,5,16,4,33815913,54088,0,1351,8525.416645519,2026-02-22 16:49:22,1,bulk_download
5.1,47.3,32,24,15,11,1,5,16,4,35744815,51013,0,1273,8526.494336657,2026-02-22 16:49:23,1,bulk_download
4.4,47.2,32,24,15,11,1,5,16,4,35242100,45720,0,1143,8527.574783989,2026-02-22 16:49:24,1,bulk_download
7.7,47.2,32,24,15,11,1,5,16,4,34956040,47040,0,1176,8528.65208796,2026-02-22 16:49:25,1,bulk_download
7.1,47.3,32,24,14,11,2,5,16,4,26422335,51159,0,1048,8529.731920348,2026-02-22 16:49:26,1,bulk_download
6.2,47.2,32,24,13,11,3,5,16,4,27804950,45062,0,1121,8530.808046227,2026-02-22 16:49:27,1,bulk_download
8.8,47.2,31,24,12,11,3,5,16,4,32784658,53191,0,1327,8531.890700412,2026-02-22 16:49:28,1,bulk_download
9.7,47.2,31,24,12,11,3,5,16,4,32702596,53160,0,1329,8532.975147142,2026-02-22 16:49:29,1,bulk_download
8.2,47.3,31,24,12,11,3,5,16,4,30972213,50356,0,1204,8534.053486887,2026-02-22 16:49:31,1,bulk_download
8.7,47.2,31,24,12,11,3,5,16,4,32587536,52360,0,1309,8535.134191552,2026-02-22 16:49:32,1,bulk_download
8.8,47.3,31,24,12,11,3,5,16,4,34987504,57400,0,1435,8536.217225219,2026-02-22 16:49:33,1,bulk_download
7.8,47.2,31,24,12,11,3,5,16,4,33139544,53400,0,1335,8537.299151798,2026-02-22 16:49:34,1,bulk_download
7.0,47.2,31,24,12,11,3,5,16,4,33682006,53680,0,1342,8538.376876158,2026-02-22 16:49:35,1,bulk_download
8.5,47.3,31,24,12,11,3,5,16,4,33471494,57303,0,1431,8539.455731732,2026-02-22 16:49:36,1,bulk_download
10.0,47.3,31,24,12,11,3,5,16,4,28638042,45040,0,1126,8540.533125963,2026-02-22 16:49:37,1,bulk_download
11.6,47.2,31,24,12,11,3,5,16,4,32336830,51320,0,1283,8541.613416611,2026-02-22 16:49:38,1,bulk_download
10.7,47.2,32,24,13,11,3,5,17,4,26872874,47295,0,1089,8542.691075648,2026-02-22 16:49:39,1,bulk_download
17.1,47.2,31,24,12,11,3,5,16,4,29877607,50990,0,1218,8543.76956291,2026-02-22 16:49:40,1,bulk_download
15.0,47.2,31,24,12,11,3,5,16,4,32232804,55398,0,1365,8544.851156905,2026-02-22 16:49:41,1,bulk_download
9.0,47.2,30,24,12,11,2,5,15,4,32879166,55996,0,1399,8545.930568453,2026-02-22 16:49:42,1,bulk_download
7.5,47.2,30,24,12,11,2,5,15,4,30470560,52120,0,1303,8547.008425923,2026-02-22 16:49:43,1,bulk_download
8.1,47.2,30,24,12,11,2,5,15,4,30023276,49720,0,1243,8548.085692234,2026-02-22 16:49:45,1,bulk_download
11.1,47.3,30,24,12,11,2,5,15,4,33666624,51348,0,1284,8549.161517168,2026-02-22 16:49:46,1,bulk_download
6.4,47.2,30,24,12,11,2,5,15,4,31236502,48480,0,1211,8550.240049926,2026-02-22 16:49:47,1,bulk_download
11.8,47.2,30,24,12,11,2,5,15,4,35051866,58600,0,1465,8551.320461771,2026-02-22 16:49:48,1,bulk_download
10.2,47.3,30,24,12,11,2,5,15,4,33569536,55720,0,1393,8552.397589301,2026-02-22 16:49:49,1,bulk_download
9.3,47.3,30,24,12,11,2,5,15,4,32826318,48027,0,1165,8553.474479265,2026-02-22 16:49:50,1,bulk_download
18.4,47.4,30,24,12,11,2,5,15,4,31079252,51727,0,1197,8554.555231168,2026-02-22 16:49:51,1,bulk_download
7.8,47.4,30,24,12,11,2,5,15,4,28195918,39242,0,977,8555.633886767,2026-02-22 16:49:52,1,bulk_download
7.9,47.3,30,24,12,11,2,5,15,4,34706850,38280,0,957,8556.712538568,2026-02-22 16:49:53,1,bulk_download
10.4,47.4,30,24,12,11,2,5,15,4,34808314,40840,0,1021,8557.791284125,2026-02-22 16:49:54,1,bulk_download
10.8,47.4,30,24,12,11,2,5,15,4,34943638,36440,0,911,8558.867145468,2026-02-22 16:49:55,1,bulk_download
8.9,47.4,30,24,12,11,2,5,15,4,33298744,34960,0,874,8559.94833288,2026-02-22 16:49:56,1,bulk_download
10.8,47.3,30,24,12,11,2,5,15,4,34834556,37400,0,935,8561.026912215,2026-02-22 16:49:58,0,normal
1.8,47.4,29,24,11,11,2,5,15,3,1101682,1160,0,29,8562.103731015,2026-02-22 16:49:59,0,normal
3.0,47.5,29,24,11,11,2,5,15,3,0,0,0,0,8563.179654334,2026-02-22 16:50:00,0,normal
3.8,47.5,29,24,11,11,2,5,15,3,0,0,0,0,8564.254826783,2026-02-22 16:50:01,0,normal
7.0,47.6,29,24,11,11,2,5,15,3,0,0,0,0,8565.330737639,2026-02-22 16:50:02,0,normal
3.3,47.6,30,24,12,11,2,5,16,3,11001,4107,0,12,8566.407837327,2026-02-22 16:50:03,0,normal
5.3,47.7,30,24,12,11,2,5,16,3,0,0,0,0,8567.484036474,2026-02-22 16:50:04,0,normal
10.3,47.7,30,24,12,11,2,5,16,3,47709,3000,0,19,8568.55977138,2026-02-22 16:50:05,0,normal
17.0,48.2,30,24,12,11,2,5,16,3,111794,4114,0,48,8569.63738916,2026-02-22 16:50:06,0,normal
20.7,48.7,30,24,12,11,2,5,16,3,49420,5946,0,26,8570.717380095,2026-02-22 16:50:07,0,normal
11.8,49.1,30,24,12,11,2,5,16,3,47650,688,0,13,8571.792817062,2026-02-22 16:50:08,0,normal
5.4,49.0,30,24,12,11,2,5,16,3,0,0,0,0,8572.867969063,2026-02-22 16:50:09,0,normal
3.1,49.0,30,24,12,11,2,5,16,3,0,0,0,0,8573.944105122,2026-02-22 16:50:10,0,normal
7.0,48.9,30,24,12,11,2,5,16,3,0,0,0,0,8575.021648633,2026-02-22 16:50:12,0,normal
9.7,48.9,30,24,12,11,2,5,16,3,173,173,0,2,8576.100357922,2026-02-22 16:50:13,0,normal
8.7,48.8,30,24,12,11,2,5,16,3,229,133,0,2,8577.176384164,2026-02-22 16:50:14,0,normal
9.5,48.8,30,24,12,11,2,5,16,3,0,0,0,0,8578.254190008,2026-02-22 16:50:15,0,normal
8.6,48.8,30,24,12,11,2,5,16,3,0,0,0,0,8579.331894691,2026-02-22 16:50:16,0,normal
2.0,48.7,30,24,12,11,2,5,16,3,0,0,0,0,8580.409949652,2026-02-22 16:50:17,0,normal
11.1,48.6,30,24,12,11,2,5,16,3,0,0,0,0,8581.489540376,2026-02-22 16:50:18,0,normal
6.3,48.3,30,24,12,11,2,5,16,3,0,0,0,0,8582.569856522,2026-02-22 16:50:19,0,normal
5.9,47.9,30,24,12,11,2,5,16,3,0,0,0,0,8583.649313214,2026-02-22 16:50:20,0,normal
19.3,47.7,30,24,12,11,2,5,16,3,277,300,0,2,8584.726333853,2026-02-22 16:50:21,0,normal
13.0,44.7,30,24,12,11,2,5,16,3,102,719,0,4,8585.80469048,2026-02-22 16:50:22,0,normal
16.0,44.9,30,25,11,11,2,5,16,3,13966,21306,0,28,8586.881975035,2026-02-22 16:50:23,0,normal
9.6,44.7,29,25,11,11,2,5,15,3,406,208,0,4,8587.958378575,2026-02-22 16:50:24,0,normal
6.9,44.9,29,25,11,11,2,5,15,3,231,143,0,2,8589.031474156,2026-02-22 16:50:26,0,normal
1.3,44.8,29,25,11,11,2,5,15,3,228,132,0,2,8590.10644137,2026-02-22 16:50:27,0,normal
1.5,44.9,28,25,11,11,1,5,15,3,78,28,0,1,8591.181208328,2026-02-22 16:50:28,0,normal
2.9,44.8,28,25,11,11,1,5,15,3,165,643,0,2,8592.255814154,2026-02-22 16:50:29,0,normal
5.9,44.8,28,25,11,11,1,5,15,3,0,0,0,0,8593.330073189,2026-02-22 16:50:30,0,normal
7.0,44.7,28,25,11,11,1,5,15,3,0,0,0,0,8594.404025459,2026-02-22 16:50:31,0,normal
7.2,44.8,27,25,11,11,0,5,14,3,0,0,0,0,8595.480157289,2026-02-22 16:50:32,0,normal
3.4,44.7,27,25,11,11,0,5,14,3,0,0,0,0,8596.555174037,2026-02-22 16:50:33,0,normal
4.8,44.7,27,25,11,11,0,5,14,3,0,0,0,0,8597.628215827,2026-02-22 16:50:34,0,normal
3.3,44.6,27,25,11,11,0,5,14,3,0,0,0,0,8598.703959358,2026-02-22 16:50:35,0,normal
6.0,44.7,27,25,11,11,0,5,14,3,0,0,0,0,8599.780703979,2026-02-22 16:50:36,0,normal
4.5,44.7,27,25,10,11,0,5,14,3,0,0,0,0,8600.855418559,2026-02-22 16:50:37,0,normal
3.6,44.7,26,25,10,11,0,5,13,3,763,391,0,7,8601.930123771,2026-02-22 16:50:38,0,normal
5.7,44.6,26,25,10,11,0,5,13,3,102,113,0,1,8603.005024801,2026-02-22 16:50:39,0,normal
7.7,44.8,26,25,10,11,0,5,13,3,0,0,0,0,8604.078499453,2026-02-22 16:50:41,0,normal
2.3,44.8,26,25,10,11,0,5,13,3,0,0,0,0,8605.151264213,2026-02-22 16:50:42,0,normal
1.6,44.8,26,25,10,11,0,5,13,3,0,0,0,0,8606.225920003,2026-02-22 16:50:43,0,normal
3.7,44.9,26,25,10,11,0,5,13,3,0,0,0,0,8607.297553629,2026-02-22 16:50:44,0,normal
1.1,44.9,24,25,8,11,0,5,11,3,2328,17179,2,27,8608.370950957,2026-02-22 16:50:45,0,normal
6.6,44.8,24,25,8,11,0,5,11,3,1031,191,0,3,8609.442947113,2026-02-22 16:50:46,0,normal
1.2,44.8,24,25,8,11,0,5,11,3,0,0,0,0,8610.518166792,2026-02-22 16:50:47,0,normal
2.9,44.7,24,25,8,11,0,5,11,3,0,0,0,0,8611.592860804,2026-02-22 16:50:48,0,normal
5.7,44.7,24,25,8,11,0,5,11,3,0,0,0,0,8612.669877756,2026-02-22 16:50:49,0,normal
7.6,44.7,24,25,8,11,0,5,11,3,0,0,0,0,8613.746671239,2026-02-22 16:50:50,0,normal
6.5,44.7,24,25,8,11,0,5,11,3,0,0,0,0,8614.827525605,2026-02-22 16:50:51,0,normal
2.4,44.8,24,25,8,11,0,5,11,3,0,0,0,0,8615.902685541,2026-02-22 16:50:52,0,normal
11.0,44.7,24,25,8,11,0,5,11,3,0,0,0,0,8616.981075712,2026-02-22 16:50:53,0,normal
1.3,44.7,24,25,8,11,0,5,11,3,0,0,0,0,8618.055645029,2026-02-22 16:50:55,0,normal
9.0,44.9,24,25,8,11,0,5,11,3,0,0,0,0,8619.12962511,2026-02-22 16:50:56,0,normal
6.4,44.8,24,25,8,11,0,5,11,3,26,0,0,0,8620.204385356,2026-02-22 16:50:57,0,normal
2.9,44.8,24,25,8,11,0,5,11,3,0,0,0,0,8621.277934688,2026-02-22 16:50:58,0,normal
7.5,44.8,24,25,8,11,0,5,11,3,275,173,0,2,8622.35547372,2026-02-22 16:50:59,0,normal
6.1,44.8,24,25,8,11,0,5,11,3,0,0,0,0,8623.430012821,2026-02-22 16:51:00,0,normal
9.2,44.8,24,25,8,11,0,5,11,3,0,0,0,0,8624.504363397,2026-02-22 16:51:01,0,normal
3.0,44.8,24,25,8,11,0,5,11,3,0,0,0,0,8625.579677233,2026-02-22 16:51:02,0,normal
1.6,44.8,24,25,8,11,0,5,11,3,0,0,0,0,8626.653879361,2026-02-22 16:51:03,0,normal
5.5,44.7,24,25,8,11,0,5,11,3,141,143,0,2,8627.729622151,2026-02-22 16:51:04,0,normal
5.1,44.7,24,25,8,11,0,5,11,3,231,143,0,2,8628.807690197,2026-02-22 16:51:05,0,normal
5.0,44.8,24,25,8,11,0,5,11,3,600,235,0,3,8629.883429721,2026-02-22 16:51:06,0,normal
5.7,44.7,24,25,8,11,0,5,11,3,309,63,0,1,8630.958055254,2026-02-22 16:51:07,0,normal
3.7,44.7,24,25,8,11,0,5,11,3,0,0,0,0,8632.032275677,2026-02-22 16:51:09,0,normal
5.1,44.7,24,25,8,11,0,5,11,3,0,0,0,0,8633.106012191,2026-02-22 16:51:10,0,normal
9.2,44.8,24,25,8,11,0,5,11,3,0,0,0,0,8634.181265712,2026-02-22 16:51:11,0,normal
2.9,44.7,24,25,8,11,0,5,11,3,0,0,0,0,8635.255683185,2026-02-22 16:51:12,0,normal
5.6,44.7,24,25,8,11,0,5,11,3,78,28,0,1,8636.329941149,2026-02-22 16:51:13,0,normal
4.3,44.7,24,25,8,11,0,5,11,3,0,0,0,0,8637.402611461,2026-02-22 16:51:14,0,normal
6.2,44.7,24,25,8,11,0,5,11,3,0,0,0,0,8638.477593312,2026-02-22 16:51:15,0,normal
4.7,44.9,24,24,8,11,0,5,11,3,0,0,0,0,8639.551959108,2026-02-22 16:51:16,0,normal
5.8,44.8,24,24,8,11,0,5,11,3,0,0,0,0,8640.626742557,2026-02-22 16:51:17,0,normal
4.3,44.9,24,24,8,11,0,5,11,3,0,0,0,0,8641.700880324,2026-02-22 16:51:18,0,normal
2.7,44.9,24,24,8,11,0,5,11,3,0,0,0,0,8642.77819209,2026-02-22 16:51:19,0,normal
1.6,44.8,24,24,8,11,0,5,11,3,0,0,0,0,8643.853140159,2026-02-22 16:51:20,0,normal
6.5,44.7,24,24,8,11,0,5,11,3,0,0,0,0,8644.92756772,2026-02-22 16:51:21,0,normal
5.8,44.7,24,24,8,11,0,5,11,3,0,0,0,0,8645.999846909,2026-02-22 16:51:22,0,normal
3.1,44.7,24,24,8,11,0,5,11,3,167,143,0,2,8647.076258695,2026-02-22 16:51:24,0,normal
5.1,44.7,24,24,8,11,0,5,11,3,0,0,0,0,8648.151373055,2026-02-22 16:51:25,0,normal
3.7,44.7,24,24,8,11,0,5,11,3,0,0,0,0,8649.229189999,2026-02-22 16:51:26,0,normal
5.0,44.7,24,24,8,11,0,5,11,3,401,253,0,3,8650.307192471,2026-02-22 16:51:27,0,normal
6.1,44.8,24,24,8,11,0,5,11,3,283,194,0,2,8651.382601706,2026-02-22 16:51:28,0,normal
7.6,44.9,24,25,8,11,0,5,11,3,8849,21005,0,23,8652.4626292,2026-02-22 16:51:29,0,normal
10.2,44.7,24,25,8,11,0,5,11,3,181,194,0,2,8653.536857747,2026-02-22 16:51:30,0,normal
19.7,45.1,24,25,8,11,0,5,11,3,5226,17177,0,21,8654.630498177,2026-02-22 16:51:31,0,normal
15.8,43.6,24,25,7,11,1,5,11,3,991,603,0,11,8655.707538753,2026-02-22 16:51:32,1,port_scan_simulation
13.2,43.5,24,25,7,11,1,5,11,3,1044,320,0,8,8656.78190526,2026-02-22 16:51:33,1,port_scan_simulation
12.0,43.5,24,25,7,11,1,5,11,3,816,320,0,8,8657.856918461,2026-02-22 16:51:34,1,port_scan_simulation
6.5,43.4,24,25,7,11,1,5,11,3,816,320,0,8,8658.932017483,2026-02-22 16:51:35,1,port_scan_simulation
10.7,43.3,24,25,7,11,1,5,11,3,816,320,0,8,8660.00939962,2026-02-22 16:51:36,1,port_scan_simulation
5.2,43.3,24,25,7,11,1,5,11,3,948,364,0,10,8661.08544049,2026-02-22 16:51:38,1,port_scan_simulation
5.7,43.4,24,25,7,11,1,5,11,3,714,280,0,7,8662.159512454,2026-02-22 16:51:39,1,port_scan_simulation
7.6,43.3,24,25,7,11,1,5,11,3,816,320,0,8,8663.234858931,2026-02-22 16:51:40,1,port_scan_simulation
10.5,43.3,24,25,7,11,1,5,11,3,816,320,0,8,8664.312124149,2026-02-22 16:51:41,1,port_scan_simulation
6.1,43.2,24,25,7,11,1,5,11,3,816,320,0,8,8665.391234201,2026-02-22 16:51:42,1,port_scan_simulation
7.0,43.2,24,25,7,11,1,5,11,3,714,280,0,7,8666.46694973,2026-02-22 16:51:43,1,port_scan_simulation
9.2,43.3,24,25,7,11,1,5,11,3,816,360,0,8,8667.542929936,2026-02-22 16:51:44,1,port_scan_simulation
6.7,43.4,24,25,7,11,1,5,11,3,816,320,0,8,8668.619542579,2026-02-22 16:51:45,1,port_scan_simulation
7.6,43.4,24,25,7,11,1,5,11,3,714,280,0,7,8669.694894575,2026-02-22 16:51:46,1,port_scan_simulation
5.7,43.4,24,25,7,11,1,5,11,3,714,280,0,7,8670.770045304,2026-02-22 16:51:47,1,port_scan_simulation
6.6,43.3,24,25,7,11,1,5,11,3,1020,1960,0,11,8671.845739002,2026-02-22 16:51:48,1,port_scan_simulation
5.6,43.3,24,25,7,11,1,5,11,3,3375,3671,0,22,8672.922837217,2026-02-22 16:51:49,1,port_scan_simulation
13.5,43.5,26,28,8,11,1,5,13,4,7672,10341,3,42,8673.997072256,2026-02-22 16:51:50,1,port_scan_simulation
7.9,43.4,26,25,9,11,1,5,12,3,15441,5622,1,38,8675.075131135,2026-02-22 16:51:52,1,port_scan_simulation
7.0,43.5,26,25,9,11,1,5,12,3,9352,2754,0,34,8676.149301122,2026-02-22 16:51:53,1,port_scan_simulation
6.6,43.5,26,25,9,11,1,5,12,3,9541,3233,0,37,8677.228983729,2026-02-22 16:51:54,1,port_scan_simulation
7.4,43.4,26,25,9,11,1,5,12,3,8120,2732,0,34,8678.301872962,2026-02-22 16:51:55,1,port_scan_simulation
9.5,43.4,26,25,9,11,1,5,12,3,6464,3371,0,36,8679.376699333,2026-02-22 16:51:56,1,port_scan_simulation
16.4,43.8,28,28,11,11,1,5,13,3,2491694,47762,6,341,8680.450498123,2026-02-22 16:51:57,1,port_scan_simulation
13.8,44.0,29,29,11,11,2,5,14,3,1465275,23262,2,165,8681.526053862,2026-02-22 16:51:58,1,port_scan_simulation
7.6,44.2,30,29,12,11,2,5,15,3,7566,3907,2,25,8682.602547532,2026-02-22 16:51:59,1,port_scan_simulation
11.9,44.2,44,32,22,11,6,5,20,3,608611,69102,8,335,8683.676514519,2026-02-22 16:52:00,1,port_scan_simulation
11.9,44.0,52,32,25,11,11,5,24,3,855869,54101,10,412,8684.752727241,2026-02-22 16:52:01,1,port_scan_simulation
7.8,43.9,52,32,24,11,12,5,24,3,1072,488,0,11,8685.827422295,2026-02-22 16:52:02,1,port_scan_simulation
5.7,43.9,53,36,25,11,12,5,26,4,16481,4264,2,30,8686.911057842,2026-02-22 16:52:03,1,port_scan_simulation
15.7,44.6,58,40,27,11,15,5,28,4,755635,50861,4,276,8687.995588199,2026-02-22 16:52:04,1,port_scan_simulation
24.7,45.2,67,42,30,11,21,5,31,3,1891903,85129,16,489,8689.077441571,2026-02-22 16:52:06,1,port_scan_simulation
23.3,45.2,68,44,29,11,23,5,32,3,168285,28891,2,103,8690.156583472,2026-02-22 16:52:07,1,port_scan_simulation
16.2,45.2,68,44,29,11,23,5,32,3,2772,1434,0,12,8691.237973744,2026-02-22 16:52:08,1,port_scan_simulation
4.6,45.4,68,44,29,11,23,5,32,3,816,320,0,8,8692.316182403,2026-02-22 16:52:09,1,port_scan_simulation
3.0,45.4,68,44,29,11,23,5,32,3,1535,1195,0,14,8693.394616145,2026-02-22 16:52:10,1,port_scan_simulation
7.8,45.7,69,44,30,11,23,5,32,3,6184,7241,0,29,8694.471585959,2026-02-22 16:52:11,1,port_scan_simulation
20.0,44.6,69,39,30,11,23,5,32,3,47287,6955,0,44,8695.551335481,2026-02-22 16:52:12,1,port_scan_simulation
11.3,44.4,69,40,30,11,23,5,32,3,18785,10482,2,53,8696.630449109,2026-02-22 16:52:13,1,port_scan_simulation
15.2,44.8,69,43,30,11,23,5,32,3,164893,34858,1,111,8697.707775973,2026-02-22 16:52:14,1,port_scan_simulation
15.8,45.2,72,45,32,11,23,5,35,3,365192,44346,5,204,8698.793330684,2026-02-22 16:52:15,1,port_scan_simulation
16.1,45.5,72,45,33,11,23,5,35,3,502832,11523,0,116,8699.870572247,2026-02-22 16:52:16,1,port_scan_simulation
15.0,45.7,72,46,33,11,23,5,35,3,420453,17781,6,156,8700.951364867,2026-02-22 16:52:17,1,port_scan_simulation
24.4,46.0,72,48,33,11,23,5,35,3,746260,33684,6,265,8702.033132167,2026-02-22 16:52:19,1,port_scan_simulation
35.0,46.8,73,48,34,11,23,5,36,3,2414258,52721,4,617,8703.126665035,2026-02-22 16:52:20,1,port_scan_simulation
20.7,47.3,73,48,34,11,23,5,36,3,2475118,20120,0,324,8704.209758534,2026-02-22 16:52:21,1,port_scan_simulation
7.8,47.3,73,48,34,11,23,5,36,3,243019,3431,0,35,8705.289688505,2026-02-22 16:52:22,1,port_scan_simulation
5.2,46.8,73,48,34,11,23,5,36,3,1199,451,0,9,8706.369969826,2026-02-22 16:52:23,1,port_scan_simulation
9.5,46.5,73,48,34,11,23,5,36,3,1199,1215,0,10,8707.447384495,2026-02-22 16:52:24,1,port_scan_simulation
21.0,46.7,73,48,34,11,23,5,36,3,989506,20584,0,229,8708.527474256,2026-02-22 16:52:25,1,port_scan_simulation
19.7,47.1,73,48,34,11,23,5,36,3,2048119,18850,0,323,8709.614321332,2026-02-22 16:52:26,1,port_scan_simulation
11.6,46.8,73,48,34,11,23,5,36,3,2516124,19075,0,368,8710.692586808,2026-02-22 16:52:27,1,port_scan_simulation
13.3,46.7,73,48,34,11,23,5,36,3,2569409,20151,0,383,8711.771532701,2026-02-22 16:52:28,0,normal
12.1,46.7,73,48,34,11,23,5,36,3,1148424,10588,0,195,8712.850773168,2026-02-22 16:52:29,0,normal
9.1,46.8,73,45,34,11,23,5,36,3,1364794,12720,0,239,8713.93745855,2026-02-22 16:52:30,0,normal
9.4,46.6,73,44,34,11,23,5,36,3,1219080,10884,0,210,8715.01828244,2026-02-22 16:52:32,0,normal
9.2,46.5,73,44,34,11,23,5,36,3,1411892,12851,0,235,8716.09863824,2026-02-22 16:52:33,0,normal
24.2,46.9,73,44,34,11,23,5,36,3,1500720,12601,0,241,8717.179806515,2026-02-22 16:52:34,0,normal
10.1,47.0,72,44,34,11,22,5,35,3,1308229,12320,0,228,8718.258993361,2026-02-22 16:52:35,0,normal
14.5,47.0,71,41,33,11,22,5,34,3,1430372,12510,0,237,8719.338207839,2026-02-22 16:52:36,0,normal
29.5,46.9,71,39,33,11,22,5,34,3,1758624,14173,0,268,8720.418885914,2026-02-22 16:52:37,0,normal
19.0,46.9,71,38,33,11,22,5,34,3,2089881,15775,0,298,8721.497523408,2026-02-22 16:52:38,0,normal
24.2,46.9,71,38,33,11,22,5,34,3,2561592,18200,0,350,8722.579577076,2026-02-22 16:52:39,0,normal
11.8,46.9,71,38,33,11,22,5,34,3,2456454,17715,0,340,8723.659016876,2026-02-22 16:52:40,0,normal
14.6,47.0,71,38,33,11,22,5,34,3,2757124,18972,0,353,8724.738946426,2026-02-22 16:52:41,0,normal
10.7,47.0,71,37,33,11,22,5,34,3,3327706,21708,0,415,8725.818226186,2026-02-22 16:52:42,0,normal
9.2,46.9,71,36,33,11,22,5,34,3,85288,572,0,11,8726.897368969,2026-02-22 16:52:43,0,normal
6.6,46.9,71,31,33,11,22,5,34,3,0,0,0,0,8727.973721565,2026-02-22 16:52:44,0,normal
10.5,47.0,71,29,33,11,22,5,34,3,0,0,0,0,8729.052769029,2026-02-22 16:52:46,0,normal
8.9,46.8,70,29,32,11,22,5,33,3,616,236,0,5,8730.131845708,2026-02-22 16:52:47,0,normal
5.2,46.8,70,28,32,11,22,5,33,3,0,0,0,0,8731.21085452,2026-02-22 16:52:48,0,normal
5.6,46.8,70,25,32,11,22,5,33,3,0,0,0,0,8732.289211437,2026-02-22 16:52:49,0,normal
4.7,46.7,70,25,32,11,22,5,33,3,0,0,0,0,8733.367908333,2026-02-22 16:52:50,0,normal
7.0,46.7,70,24,32,11,22,5,33,3,1263,3706,0,10,8734.445291623,2026-02-22 16:52:51,0,normal
8.8,46.7,71,24,33,11,22,5,34,3,74554,6185,5,41,8735.523851532,2026-02-22 16:52:52,0,normal
7.5,46.6,71,24,33,11,22,5,34,3,0,52,0,1,8736.603691373,2026-02-22 16:52:53,0,normal
6.5,46.6,71,24,33,11,22,5,34,3,0,0,0,0,8737.683338403,2026-02-22 16:52:54,0,normal
9.4,46.6,71,24,33,11,22,5,34,3,0,0,0,0,8738.759905411,2026-02-22 16:52:55,0,normal
8.0,46.6,70,24,32,11,22,5,33,3,880,494,0,8,8739.838107117,2026-02-22 16:52:56,0,normal
6.0,46.6,70,24,32,11,22,5,33,3,0,0,0,0,8740.915953736,2026-02-22 16:52:57,0,normal
5.4,46.6,69,24,32,11,21,5,33,3,404,316,0,4,8741.993358176,2026-02-22 16:52:58,0,normal
5.8,46.5,69,24,32,11,21,5,33,3,630,572,0,8,8743.071386868,2026-02-22 16:53:00,0,normal
6.9,46.5,70,25,33,11,21,5,33,3,15454,10303,0,16,8744.151620018,2026-02-22 16:53:01,0,normal
6.2,46.6,69,25,32,11,21,5,32,3,832,440,0,8,8745.230333495,2026-02-22 16:53:02,0,normal
7.8,46.6,59,25,32,11,11,5,30,3,102,52,0,1,8746.3072878,2026-02-22 16:53:03,0,normal
6.3,46.5,59,25,32,11,11,5,30,3,460,300,0,4,8747.386483733,2026-02-22 16:53:04,0,normal
7.2,46.5,59,25,32,11,11,5,30,3,231,143,0,2,8748.464811286,2026-02-22 16:53:05,0,normal
8.1,46.5,59,26,31,11,12,5,30,4,358,350,0,6,8749.54465766,2026-02-22 16:53:06,0,normal
7.4,46.5,51,25,34,11,1,5,27,3,10120,7182,0,29,8750.622718121,2026-02-22 16:53:07,0,normal
4.9,46.5,51,25,34,11,1,5,27,3,0,0,0,0,8751.700374825,2026-02-22 16:53:08,0,normal
5.6,46.6,51,25,34,11,1,5,27,3,0,0,0,0,8752.778845316,2026-02-22 16:53:09,0,normal
5.1,46.6,51,25,34,11,1,5,27,3,231,143,0,2,8753.8561612,2026-02-22 16:53:10,0,normal
7.4,46.7,51,25,34,11,1,5,27,3,703,403,0,7,8754.932804661,2026-02-22 16:53:11,0,normal
6.3,46.7,51,25,34,11,1,5,27,3,653,390,0,6,8756.011425874,2026-02-22 16:53:12,0,normal
6.5,46.7,51,25,34,11,1,5,27,3,462,286,0,4,8757.090768152,2026-02-22 16:53:14,0,normal
6.7,46.7,51,25,34,11,1,5,27,3,0,0,0,0,8758.170303803,2026-02-22 16:53:15,0,normal
8.7,46.8,51,25,34,11,1,5,27,3,0,0,0,0,8759.248925107,2026-02-22 16:53:16,0,normal
6.5,46.8,51,25,34,11,1,5,27,3,231,143,0,2,8760.327733733,2026-02-22 16:53:17,0,normal
6.3,46.8,51,26,34,11,1,5,27,3,8604,6658,2,14,8761.405655513,2026-02-22 16:53:18,0,normal
6.6,46.9,51,26,34,11,1,5,27,3,0,0,0,0,8762.484969367,2026-02-22 16:53:19,0,normal
5.4,46.9,51,26,34,11,1,5,27,3,229,133,0,2,8763.565146793,2026-02-22 16:53:20,0,normal
7.5,46.9,51,26,34,11,1,5,27,3,0,0,0,0,8764.647216821,2026-02-22 16:53:21,0,normal
6.2,46.9,51,26,34,11,1,5,27,3,574,312,0,6,8765.725392729,2026-02-22 16:53:22,0,normal
7.5,46.9,51,26,34,11,1,5,27,3,102,52,0,1,8766.802651565,2026-02-22 16:53:23,0,normal
7.1,46.9,51,26,34,11,1,5,27,3,243,143,0,2,8767.880191679,2026-02-22 16:53:24,0,normal
7.1,46.9,51,26,34,11,1,5,27,3,173,173,0,2,8768.960447522,2026-02-22 16:53:25,0,normal
8.4,46.8,51,26,34,11,1,5,27,3,0,0,0,0,8770.040674611,2026-02-22 16:53:27,0,normal
7.8,46.8,51,26,34,11,1,5,27,3,0,0,0,0,8771.119263344,2026-02-22 16:53:28,0,normal
25.5,46.7,52,27,35,11,1,5,28,3,369768,12650,2,61,8772.202827958,2026-02-22 16:53:29,0,normal
10.4,46.8,52,27,35,11,1,5,28,3,0,0,0,0,8773.286229947,2026-02-22 16:53:30,0,normal
17.1,46.8,52,26,35,11,1,5,28,3,1080,3738,0,7,8774.363868175,2026-02-22 16:53:31,0,normal
12.8,46.8,52,26,35,11,1,5,28,3,34129,387,0,7,8775.441949476,2026-02-22 16:53:32,0,normal
15.7,46.7,52,27,35,11,1,5,28,3,923809,14707,0,115,8776.519738267,2026-02-22 16:53:33,0,normal
11.9,46.7,52,27,35,11,1,5,28,3,5768261,30262,0,431,8777.599534036,2026-02-22 16:53:34,0,normal
21.2,46.7,52,27,35,11,1,5,28,3,2644206,9527,0,156,8778.681485031,2026-02-22 16:53:35,0,normal
9.4,46.7,52,27,35,11,1,5,28,3,0,0,0,0,8779.758382138,2026-02-22 16:53:36,0,normal
10.3,46.7,52,27,35,11,1,5,28,3,231,143,0,2,8780.839708551,2026-02-22 16:53:37,0,normal
8.2,46.7,52,27,35,11,1,5,28,3,0,0,0,0,8781.91997825,2026-02-22 16:53:38,0,normal
10.7,46.7,52,27,35,11,1,5,28,3,102,52,0,1,8783.005334338,2026-02-22 16:53:39,0,normal
9.9,46.9,52,27,35,11,1,5,28,3,1949901,11234,0,128,8784.08296336,2026-02-22 16:53:41,0,normal
16.4,46.7,51,27,34,11,1,5,27,3,957,375,0,6,8785.165282246,2026-02-22 16:53:42,0,normal
8.3,46.7,51,27,34,11,1,5,27,3,574,312,0,6,8786.243075926,2026-02-22 16:53:43,0,normal
8.6,46.7,51,27,34,11,1,5,27,3,102,52,0,1,8787.320587948,2026-02-22 16:53:44,0,normal
22.2,47.3,52,27,35,11,1,5,27,4,18790132,23452,0,586,8788.401086686,2026-02-22 16:53:45,1,tcp_bandwidth_exhaustion
23.5,47.1,52,27,35,11,1,5,27,4,25752038,24440,0,611,8789.483464623,2026-02-22 16:53:46,1,tcp_bandwidth_exhaustion
8.3,47.1,52,27,35,11,1,5,27,4,26620490,28800,0,720,8790.562973303,2026-02-22 16:53:47,1,tcp_bandwidth_exhaustion
7.8,47.0,53,26,36,11,1,5,27,5,29303356,34172,0,854,8791.64009372,2026-02-22 16:53:48,1,tcp_bandwidth_exhaustion
8.0,47.0,52,26,35,11,1,5,27,4,31712358,33120,0,828,8792.717829632,2026-02-22 16:53:49,1,tcp_bandwidth_exhaustion
5.4,46.6,53,26,36,11,1,5,27,5,28795522,33212,0,830,8793.79639387,2026-02-22 16:53:50,1,tcp_bandwidth_exhaustion
12.6,46.7,52,26,35,11,1,5,27,4,23368276,43340,0,1070,8794.874636413,2026-02-22 16:53:51,1,tcp_bandwidth_exhaustion
8.6,46.6,52,26,35,11,1,5,27,4,33729850,52380,0,1308,8795.957954775,2026-02-22 16:53:52,1,tcp_bandwidth_exhaustion
9.3,46.6,53,26,36,11,1,5,27,5,30705830,48916,0,1222,8797.040135421,2026-02-22 16:53:54,1,tcp_bandwidth_exhaustion
8.8,46.5,52,26,35,11,1,5,27,4,32030946,44251,0,1105,8798.11659113,2026-02-22 16:53:55,1,tcp_bandwidth_exhaustion
9.4,46.7,52,26,30,11,6,5,27,4,30049595,38101,0,940,8799.195779589,2026-02-22 16:53:56,1,tcp_bandwidth_exhaustion
13.9,46.6,52,26,28,11,8,5,27,4,34185060,51307,0,1276,8800.273038075,2026-02-22 16:53:57,1,tcp_bandwidth_exhaustion
10.2,46.6,52,26,28,11,8,5,27,4,29120333,30036,0,744,8801.34862372,2026-02-22 16:53:58,1,tcp_bandwidth_exhaustion
8.0,46.6,52,26,28,11,8,5,27,4,32007306,41960,0,1049,8802.426386893,2026-02-22 16:53:59,1,tcp_bandwidth_exhaustion
10.2,46.6,52,26,28,11,8,5,27,4,33524654,50840,0,1271,8803.50858351,2026-02-22 16:54:00,1,tcp_bandwidth_exhaustion
12.8,46.6,52,26,28,11,8,5,27,4,32782226,43388,0,1085,8804.585730857,2026-02-22 16:54:01,1,tcp_bandwidth_exhaustion
9.4,46.6,52,26,28,11,8,5,27,4,28173374,35952,0,895,8805.66431919,2026-02-22 16:54:02,1,tcp_bandwidth_exhaustion
4.4,46.6,52,26,28,11,8,5,27,4,24907389,36303,0,867,8806.740804964,2026-02-22 16:54:03,1,tcp_bandwidth_exhaustion
6.4,46.7,52,25,28,11,8,5,27,4,24375086,36960,0,924,8807.822951356,2026-02-22 16:54:04,1,tcp_bandwidth_exhaustion
11.6,46.6,52,25,28,11,8,5,27,4,29759000,48143,0,1202,8808.901409214,2026-02-22 16:54:05,1,tcp_bandwidth_exhaustion
6.1,46.7,53,25,29,11,8,5,27,5,27660778,39882,0,995,8809.978935071,2026-02-22 16:54:06,1,tcp_bandwidth_exhaustion
6.8,46.6,52,25,28,11,8,5,27,4,25566970,33480,0,837,8811.056404052,2026-02-22 16:54:08,1,tcp_bandwidth_exhaustion
4.5,46.6,51,25,28,11,7,5,26,4,28906492,32600,0,815,8812.135385923,2026-02-22 16:54:09,1,tcp_bandwidth_exhaustion
9.7,46.5,51,25,28,11,7,5,26,4,31490762,35371,0,883,8813.21659731,2026-02-22 16:54:10,1,tcp_bandwidth_exhaustion
10.9,46.5,51,24,28,11,7,5,26,4,29295926,41418,0,1032,8814.29709147,2026-02-22 16:54:11,1,tcp_bandwidth_exhaustion
9.6,46.5,51,24,28,11,7,5,26,4,29046958,35981,0,810,8815.375891921,2026-02-22 16:54:12,1,tcp_bandwidth_exhaustion
12.4,46.8,59,27,34,11,9,5,30,4,25442918,76140,10,967,8816.454769787,2026-02-22 16:54:13,1,tcp_bandwidth_exhaustion
22.2,47.2,58,27,32,11,10,5,30,4,25551489,34520,0,801,8817.538426594,2026-02-22 16:54:14,1,tcp_bandwidth_exhaustion
15.3,47.2,58,27,32,11,10,5,30,4,25341114,31663,0,790,8818.616366459,2026-02-22 16:54:15,1,tcp_bandwidth_exhaustion
9.1,47.2,58,27,32,11,10,5,30,4,24824288,28600,0,715,8819.698660197,2026-02-22 16:54:16,1,tcp_bandwidth_exhaustion
8.6,47.1,58,27,32,11,10,5,30,4,26369132,36240,0,906,8820.776639336,2026-02-22 16:54:17,1,tcp_bandwidth_exhaustion
6.1,47.1,59,27,33,11,10,5,30,5,24479950,36532,0,913,8821.855179198,2026-02-22 16:54:18,1,tcp_bandwidth_exhaustion
5.5,47.0,59,27,32,11,10,5,30,5,29397796,39293,0,981,8822.935748369,2026-02-22 16:54:19,1,tcp_bandwidth_exhaustion
8.5,47.2,58,27,32,11,10,5,30,4,30038301,35264,0,881,8824.015237222,2026-02-22 16:54:21,1,tcp_bandwidth_exhaustion
11.4,47.1,58,27,32,11,10,5,30,4,29736280,37092,0,927,8825.096728374,2026-02-22 16:54:22,1,tcp_bandwidth_exhaustion
6.7,47.1,57,27,31,11,10,5,29,4,27296876,35739,0,891,8826.178718051,2026-02-22 16:54:23,1,tcp_bandwidth_exhaustion
12.2,47.1,57,27,31,11,10,5,29,4,27462332,32960,0,824,8827.258324385,2026-02-22 16:54:24,1,tcp_bandwidth_exhaustion
14.3,47.1,58,27,32,11,10,5,29,5,24678082,38532,0,963,8828.336672115,2026-02-22 16:54:25,1,tcp_bandwidth_exhaustion
30.4,48.0,57,27,31,11,10,5,29,4,25135278,44721,0,1116,8829.41809586,2026-02-22 16:54:26,1,tcp_bandwidth_exhaustion
16.5,48.7,58,27,31,11,10,5,29,5,27052940,37411,0,934,8830.498978359,2026-02-22 16:54:27,1,tcp_bandwidth_exhaustion
24.3,48.8,59,27,33,11,10,5,30,4,21250873,29255,0,698,8831.582765131,2026-02-22 16:54:28,1,tcp_bandwidth_exhaustion
13.3,48.8,58,27,32,11,10,5,29,4,24088090,34235,0,806,8832.676163586,2026-02-22 16:54:29,1,tcp_bandwidth_exhaustion
25.3,50.1,60,29,34,11,10,5,31,6,28151187,50172,7,1148,8833.766341735,2026-02-22 16:54:30,1,tcp_bandwidth_exhaustion
49.5,52.2,62,27,36,11,10,5,32,5,22570138,45045,8,881,8834.863977675,2026-02-22 16:54:31,1,tcp_bandwidth_exhaustion
36.0,53.4,66,27,39,11,10,5,34,5,26575721,40078,13,793,8835.957690921,2026-02-22 16:54:32,1,tcp_bandwidth_exhaustion
36.4,54.0,75,27,46,11,10,5,37,5,28401109,261853,18,1077,8837.044015086,2026-02-22 16:54:34,1,tcp_bandwidth_exhaustion
20.4,54.0,76,27,47,11,10,5,38,5,25176367,281962,0,1071,8838.133335585,2026-02-22 16:54:35,1,tcp_bandwidth_exhaustion
20.7,53.8,75,27,47,11,10,5,37,4,28366772,325879,0,1075,8839.22105016,2026-02-22 16:54:36,1,tcp_bandwidth_exhaustion
20.7,53.6,75,27,49,11,10,5,37,4,27983617,496187,0,1155,8840.3074413,2026-02-22 16:54:37,1,tcp_bandwidth_exhaustion
12.2,53.0,73,27,45,11,12,5,36,4,25750647,282165,0,962,8841.396214422,2026-02-22 16:54:38,1,tcp_bandwidth_exhaustion
14.7,52.9,71,27,42,11,13,5,36,4,29943812,31643,0,788,8842.483699967,2026-02-22 16:54:39,1,tcp_bandwidth_exhaustion
15.1,53.0,70,27,41,11,13,5,36,4,30600642,41327,0,1031,8843.564253488,2026-02-22 16:54:40,1,tcp_bandwidth_exhaustion
16.2,53.0,70,27,41,11,13,5,36,4,22557762,35800,0,895,8844.649438143,2026-02-22 16:54:41,1,tcp_bandwidth_exhaustion
22.5,51.0,70,27,41,11,13,5,36,4,16522258,16920,0,423,8845.743869297,2026-02-22 16:54:42,1,tcp_bandwidth_exhaustion
57.4,52.6,70,24,40,11,13,5,36,4,17073403,24410,0,602,8846.839149785,2026-02-22 16:54:43,1,tcp_bandwidth_exhaustion
58.3,53.9,69,24,40,11,13,5,36,4,20637191,32539,0,807,8847.926247883,2026-02-22 16:54:44,1,tcp_bandwidth_exhaustion
26.3,54.5,71,26,41,11,13,5,37,6,20195024,65041,0,613,8849.015081709,2026-02-22 16:54:46,1,tcp_bandwidth_exhaustion
41.8,54.8,79,24,46,11,14,5,38,5,22228346,626433,4,1433,8850.107268048,2026-02-22 16:54:47,1,tcp_bandwidth_exhaustion
22.6,54.8,84,24,49,11,15,5,39,6,25476817,805800,0,1441,8851.19007528,2026-02-22 16:54:48,1,tcp_bandwidth_exhaustion
13.7,54.8,81,26,46,11,16,5,38,6,27523906,264503,0,998,8852.274269506,2026-02-22 16:54:49,1,tcp_bandwidth_exhaustion
24.4,54.7,80,24,48,11,16,5,37,5,27598374,62216,0,877,8853.35461644,2026-02-22 16:54:50,1,tcp_bandwidth_exhaustion
18.6,54.5,80,24,43,11,21,5,39,4,27279413,39464,0,919,8854.435295507,2026-02-22 16:54:51,1,tcp_bandwidth_exhaustion
12.3,54.7,79,24,38,11,25,5,39,4,28098958,55022,0,1202,8855.515298255,2026-02-22 16:54:52,1,tcp_bandwidth_exhaustion
19.7,54.3,78,24,37,11,25,5,39,4,29484246,45143,0,992,8856.607356453,2026-02-22 16:54:53,1,tcp_bandwidth_exhaustion
17.7,53.8,78,24,37,11,25,5,39,4,28065108,41943,0,975,8857.694280915,2026-02-22 16:54:54,1,tcp_bandwidth_exhaustion
18.6,54.0,77,24,36,11,25,5,38,4,24025235,75712,0,1325,8858.781242085,2026-02-22 16:54:55,1,tcp_bandwidth_exhaustion
23.6,54.0,75,24,33,11,26,5,36,4,27918506,52193,0,1135,8859.863803536,2026-02-22 16:54:56,1,tcp_bandwidth_exhaustion
19.3,53.9,68,24,33,11,19,5,35,4,28285520,51930,0,1170,8860.949344149,2026-02-22 16:54:57,1,tcp_bandwidth_exhaustion
18.3,53.9,68,24,33,11,19,5,35,4,25631696,56700,0,1241,8862.036665046,2026-02-22 16:54:59,1,tcp_bandwidth_exhaustion
14.9,53.9,68,24,33,11,19,5,35,4,19814722,49106,0,1071,8863.122430792,2026-02-22 16:55:00,1,tcp_bandwidth_exhaustion
18.6,53.9,68,24,33,11,19,5,35,4,23453662,54387,0,1194,8864.207101232,2026-02-22 16:55:01,1,tcp_bandwidth_exhaustion
20.7,53.7,69,24,34,11,19,5,35,5,24712716,65435,0,1367,8865.289123761,2026-02-22 16:55:02,1,tcp_bandwidth_exhaustion
21.2,53.8,68,24,33,11,19,5,36,4,31510322,68231,0,1366,8866.375427718,2026-02-22 16:55:03,1,tcp_bandwidth_exhaustion
20.9,53.7,70,24,34,11,20,5,36,4,29699869,63118,2,1267,8867.462624561,2026-02-22 16:55:04,1,tcp_bandwidth_exhaustion
17.4,53.7,69,24,32,11,21,5,36,4,33969082,61861,0,1308,8868.546966133,2026-02-22 16:55:05,1,tcp_bandwidth_exhaustion
24.4,53.7,68,24,29,11,23,5,35,4,36189317,63582,0,1421,8869.627921269,2026-02-22 16:55:06,1,tcp_bandwidth_exhaustion
18.5,53.7,68,24,29,11,23,5,35,4,34662268,44000,0,1100,8870.711251703,2026-02-22 16:55:07,1,tcp_bandwidth_exhaustion
16.7,53.7,68,24,29,11,23,5,35,4,32875912,39040,0,976,8871.795185921,2026-02-22 16:55:08,1,tcp_bandwidth_exhaustion
14.5,53.7,67,24,28,11,23,5,34,4,31750017,48987,0,1175,8872.874253894,2026-02-22 16:55:09,1,tcp_bandwidth_exhaustion
19.2,53.7,67,24,28,11,23,5,34,4,32653102,45108,0,1128,8873.960622371,2026-02-22 16:55:10,1,tcp_bandwidth_exhaustion
20.4,53.6,67,24,28,11,23,5,34,4,35378782,43160,0,1079,8875.047456603,2026-02-22 16:55:12,1,tcp_bandwidth_exhaustion
16.9,53.6,67,24,28,11,23,5,34,4,23802116,33829,0,841,8876.130809149,2026-02-22 16:55:13,1,tcp_bandwidth_exhaustion
21.5,53.0,64,24,28,11,20,5,33,4,26981482,37612,0,940,8877.218473981,2026-02-22 16:55:14,1,tcp_bandwidth_exhaustion
11.7,53.0,63,24,27,11,20,5,32,4,8750731,14192,0,350,8878.304451806,2026-02-22 16:55:15,1,tcp_bandwidth_exhaustion
4.8,53.0,63,24,27,11,20,5,32,4,0,0,0,0,8879.390560154,2026-02-22 16:55:16,1,tcp_bandwidth_exhaustion
35.2,54.1,66,24,30,11,20,5,33,4,4996,3267,0,17,8880.48566905,2026-02-22 16:55:17,1,tcp_bandwidth_exhaustion
43.3,54.9,63,24,27,11,20,5,31,4,88660,15032,0,49,8881.587782816,2026-02-22 16:55:18,1,tcp_bandwidth_exhaustion
39.7,55.9,70,25,33,11,20,5,32,5,8767877,69220,0,451,8882.680294066,2026-02-22 16:55:19,0,normal
10.2,55.9,64,24,26,11,20,5,32,3,9131164,77271,0,513,8883.765822727,2026-02-22 16:55:20,0,normal
4.4,55.9,62,24,25,11,21,5,31,3,552,80,0,2,8884.848440453,2026-02-22 16:55:21,0,normal
7.3,55.9,62,24,24,11,22,5,31,3,168,80,0,2,8885.930149313,2026-02-22 16:55:22,0,normal
7.7,55.7,62,24,24,11,22,5,31,3,0,0,0,0,8887.014326878,2026-02-22 16:55:24,0,normal
8.0,55.3,62,24,24,11,22,5,31,3,0,0,0,0,8888.098774179,2026-02-22 16:55:25,0,normal
3.7,55.1,62,24,24,11,22,5,31,3,0,0,0,0,8889.181166323,2026-02-22 16:55:26,0,normal
3.9,55.1,62,24,24,11,22,5,31,3,231,143,0,2,8890.262827112,2026-02-22 16:55:27,0,normal
8.1,54.7,62,24,24,11,22,5,31,3,0,0,0,0,8891.342707209,2026-02-22 16:55:28,0,normal
15.5,55.9,63,24,23,12,23,5,31,3,484,311,0,5,8892.430993006,2026-02-22 16:55:29,0,normal
3.4,56.0,63,24,23,12,23,5,31,3,951,3589,0,9,8893.521046412,2026-02-22 16:55:30,0,normal
9.4,56.0,64,24,24,12,23,5,32,3,5851,10401,0,16,8894.602321919,2026-02-22 16:55:31,0,normal
7.6,55.9,63,24,23,12,23,5,31,3,1590,272,0,5,8895.684677042,2026-02-22 16:55:32,0,normal
8.4,55.7,61,24,21,12,23,5,29,3,1577,846,0,15,8896.768396177,2026-02-22 16:55:33,0,normal
10.4,55.6,61,24,21,12,23,5,29,3,180,80,0,2,8897.84875377,2026-02-22 16:55:34,0,normal
2.7,55.6,61,24,21,12,23,5,29,3,0,0,0,0,8898.932539279,2026-02-22 16:55:35,0,normal
5.9,55.5,61,24,21,12,23,5,29,3,0,0,0,0,8900.018266052,2026-02-22 16:55:37,0,normal
3.9,55.5,61,24,21,12,23,5,29,3,1498,3863,5,10,8901.098262798,2026-02-22 16:55:38,0,normal
2.4,55.5,58,24,21,12,20,5,29,3,0,0,0,0,8902.179181925,2026-02-22 16:55:39,0,normal
1.9,55.4,58,24,21,12,20,5,29,3,173,173,0,2,8903.260841654,2026-02-22 16:55:40,0,normal
12.4,55.7,58,24,21,12,20,5,29,3,73951,1729,0,19,8904.342265569,2026-02-22 16:55:41,0,normal
4.9,55.7,58,24,21,12,20,5,29,3,0,0,0,0,8905.423971723,2026-02-22 16:55:42,0,normal
28.7,56.6,61,24,24,12,20,5,31,3,113023,3945,0,44,8906.508587009,2026-02-22 16:55:43,0,normal
14.6,56.8,58,24,21,12,20,5,29,3,778108,13158,0,235,8907.591454154,2026-02-22 16:55:44,0,normal
9.4,56.9,58,24,21,12,20,5,29,3,762,14207,0,12,8908.674793225,2026-02-22 16:55:45,0,normal
8.1,56.9,58,24,21,12,20,5,29,3,0,0,0,0,8909.757164559,2026-02-22 16:55:46,0,normal
3.0,57.0,57,24,21,12,19,5,29,3,0,0,0,0,8910.843066941,2026-02-22 16:55:47,0,normal
7.2,56.9,57,24,21,12,19,5,29,3,290,2824,0,4,8911.92649004,2026-02-22 16:55:48,0,normal
11.8,56.9,60,24,24,12,19,5,30,3,11174,16693,0,51,8913.012437867,2026-02-22 16:55:50,0,normal
7.4,57.0,57,25,24,12,15,5,27,3,54860,7991,0,38,8914.096166229,2026-02-22 16:55:51,0,normal
14.3,57.1,57,28,25,12,15,5,27,3,132622,28191,0,92,8915.179602603,2026-02-22 16:55:52,0,normal
20.0,57.1,60,35,26,12,16,5,29,4,611737,45020,2,181,8916.271579048,2026-02-22 16:55:53,0,normal
24.5,56.5,62,35,29,12,16,5,31,3,206223,26140,0,90,8917.363512373,2026-02-22 16:55:54,0,normal
28.6,57.0,55,37,29,12,9,5,28,3,65898,20716,0,33,8918.449380711,2026-02-22 16:55:55,0,normal
14.1,57.0,55,37,29,12,9,5,28,3,105,952,0,1,8919.539732497,2026-02-22 16:55:56,0,normal
7.6,57.3,54,37,27,12,10,5,28,3,4145,2635,0,13,8920.626081338,2026-02-22 16:55:57,0,normal
21.6,58.5,56,42,29,12,10,5,29,3,756869,22306,4,127,8921.709536607,2026-02-22 16:55:58,0,normal
19.1,59.4,56,43,30,12,9,5,29,3,971679,35341,0,235,8922.798543257,2026-02-22 16:55:59,0,normal
17.1,58.7,56,37,30,12,9,5,29,3,3333,5956,2,19,8923.896853092,2026-02-22 16:56:00,0,normal
9.9,58.2,56,37,30,12,9,5,29,3,18220,2817,0,21,8924.985703879,2026-02-22 16:56:01,0,normal
16.1,58.6,56,39,30,12,9,5,29,3,649762,30812,0,173,8926.075816386,2026-02-22 16:56:03,0,normal
16.1,58.9,58,39,32,12,9,5,30,3,3128868,42509,2,286,8927.166263079,2026-02-22 16:56:04,0,normal
16.3,59.2,58,40,32,12,9,5,30,3,1862380,41572,0,343,8928.250254164,2026-02-22 16:56:05,0,normal
27.8,59.5,59,45,32,12,9,5,32,4,681315,44249,0,188,8929.340021803,2026-02-22 16:56:06,0,normal
22.7,59.7,59,45,36,12,6,5,32,3,1320630,135701,6,394,8930.426133989,2026-02-22 16:56:07,0,normal
15.3,59.8,60,46,36,12,7,5,32,3,382454,47146,2,133,8931.518878466,2026-02-22 16:56:08,0,normal
15.0,59.8,60,45,36,12,7,5,32,3,208308,64934,0,96,8932.610995496,2026-02-22 16:56:09,0,normal
14.0,59.9,60,46,36,12,7,5,32,3,208552,58428,0,98,8933.695658201,2026-02-22 16:56:10,0,normal
16.8,60.0,60,46,36,12,7,5,32,3,222169,38810,0,80,8934.786987682,2026-02-22 16:56:11,0,normal
15.0,60.4,63,48,37,12,9,5,34,3,781673,78218,6,250,8935.875704068,2026-02-22 16:56:12,0,normal
18.8,60.5,66,50,40,12,9,5,36,4,207544,59899,4,136,8936.970242653,2026-02-22 16:56:13,0,normal
16.0,60.4,66,52,40,12,9,5,36,4,545064,59413,4,167,8938.056324883,2026-02-22 16:56:15,0,normal
20.9,60.3,66,52,40,12,9,5,36,4,119590,35016,0,60,8939.145043172,2026-02-22 16:56:16,0,normal
17.6,60.3,66,52,40,12,9,5,36,4,67153,12599,0,25,8940.234978736,2026-02-22 16:56:17,0,normal
19.9,60.0,65,53,39,12,9,5,35,4,417925,17187,0,84,8941.322642486,2026-02-22 16:56:18,0,normal
20.4,60.8,65,53,38,12,10,5,35,4,6158561,39558,0,474,8942.412944778,2026-02-22 16:56:19,0,normal
30.1,60.4,66,54,39,12,10,5,36,4,5457232,59939,2,418,8943.506623439,2026-02-22 16:56:20,0,normal
19.2,60.9,66,53,39,12,10,5,36,4,699026,34449,0,99,8944.594692399,2026-02-22 16:56:21,0,normal
27.2,61.8,66,53,39,12,10,5,36,4,4533771,33576,0,289,8945.682019427,2026-02-22 16:56:22,0,normal
25.1,61.7,65,54,39,12,9,5,37,4,596266,84018,1,181,8946.776268058,2026-02-22 16:56:23,0,normal
40.2,62.8,66,55,40,12,9,5,37,4,1179710,473658,1,583,8947.878318555,2026-02-22 16:56:24,0,normal
19.2,62.6,66,54,40,12,9,5,37,4,2579245,74551,0,381,8948.970779119,2026-02-22 16:56:25,0,normal
19.4,62.6,66,54,40,12,9,5,37,4,4675502,68206,0,431,8950.062988763,2026-02-22 16:56:27,0,normal
12.9,62.5,67,54,41,12,9,5,37,5,32457,51239,0,95,8951.152683505,2026-02-22 16:56:28,1,tcp_connection_flood
18.8,62.5,67,53,41,12,9,5,37,5,19094,14289,0,93,8952.238851476,2026-02-22 16:56:29,1,tcp_connection_flood
18.5,62.4,67,50,41,12,9,5,37,5,20888,36110,0,118,8953.332759548,2026-02-22 16:56:30,1,tcp_connection_flood
18.5,62.5,67,49,41,12,9,5,37,5,19154,9749,0,93,8954.421131667,2026-02-22 16:56:31,1,tcp_connection_flood
14.3,62.4,66,49,41,12,8,5,37,5,21741,27268,0,104,8955.506814037,2026-02-22 16:56:32,1,tcp_connection_flood
13.3,61.9,66,48,41,12,8,5,37,5,17879,8915,0,81,8956.59129993,2026-02-22 16:56:33,1,tcp_connection_flood
14.0,61.7,66,48,41,12,8,5,37,5,21005,9813,0,92,8957.676213587,2026-02-22 16:56:34,1,tcp_connection_flood
14.7,61.6,66,48,41,12,8,5,37,5,18175,15337,0,98,8958.76484371,2026-02-22 16:56:35,1,tcp_connection_flood
12.8,61.5,66,46,41,12,8,5,37,5,16393,8805,0,88,8959.850332306,2026-02-22 16:56:36,1,tcp_connection_flood
10.5,61.6,66,45,41,12,8,5,37,5,17760,8950,0,82,8960.933178341,2026-02-22 16:56:37,1,tcp_connection_flood
11.6,61.6,66,44,41,12,8,5,37,5,18421,9367,0,90,8962.016816413,2026-02-22 16:56:39,1,tcp_connection_flood
17.6,60.8,66,44,41,12,8,5,37,5,115788,39555,0,121,8963.10546448,2026-02-22 16:56:40,1,tcp_connection_flood
25.9,60.7,66,43,41,12,8,5,37,5,225285,55136,0,144,8964.193519965,2026-02-22 16:56:41,1,tcp_connection_flood
20.2,60.6,66,43,41,12,8,5,37,5,191336,11577,0,106,8965.279238893,2026-02-22 16:56:42,1,tcp_connection_flood
19.6,60.7,66,40,41,12,8,5,37,5,18730,12106,0,90,8966.37089087,2026-02-22 16:56:43,1,tcp_connection_flood
19.1,60.5,66,39,41,12,8,5,37,5,125637,11097,0,106,8967.456611632,2026-02-22 16:56:44,1,tcp_connection_flood
18.5,60.6,67,35,40,12,8,5,37,6,22652,89513,0,151,8968.545610728,2026-02-22 16:56:45,1,tcp_connection_flood
20.2,60.6,65,34,40,12,8,5,36,5,3137017,51065,0,319,8969.632587117,2026-02-22 16:56:46,1,tcp_connection_flood
20.6,60.5,63,34,37,12,8,5,34,5,877946,13383,0,152,8970.72283124,2026-02-22 16:56:47,1,tcp_connection_flood
19.1,60.4,61,34,36,12,8,5,34,5,19627,9441,0,92,8971.814169908,2026-02-22 16:56:48,1,tcp_connection_flood
19.8,60.4,61,34,36,12,8,5,34,5,23168,34697,0,112,8972.90610668,2026-02-22 16:56:49,1,tcp_connection_flood
13.5,60.5,60,33,35,12,8,5,33,5,20936,9458,0,88,8973.994039584,2026-02-22 16:56:50,1,tcp_connection_flood
14.8,60.5,60,33,35,12,8,5,33,5,20225,9131,0,84,8975.086125315,2026-02-22 16:56:52,1,tcp_connection_flood
20.2,60.5,60,33,35,12,8,5,33,5,69722,79235,0,136,8976.176570435,2026-02-22 16:56:53,1,tcp_connection_flood
24.1,60.9,60,32,32,12,8,5,33,6,306109,59340,0,136,8977.277519696,2026-02-22 16:56:54,1,tcp_connection_flood
20.3,60.8,59,31,32,12,8,5,32,6,62985,21074,0,92,8978.370949149,2026-02-22 16:56:55,1,tcp_connection_flood
19.3,60.7,58,31,33,12,8,5,32,5,133037,257991,0,264,8979.467204236,2026-02-22 16:56:56,1,tcp_connection_flood
25.6,61.1,57,31,33,12,7,5,31,5,564470,278881,0,332,8980.560291237,2026-02-22 16:56:57,1,tcp_connection_flood
12.7,61.0,57,31,33,12,7,5,31,5,99001,3116,0,58,8981.649040594,2026-02-22 16:56:58,1,tcp_connection_flood
17.1,61.1,57,31,33,12,7,5,31,5,16724,10211,0,61,8982.733699002,2026-02-22 16:56:59,1,tcp_connection_flood
17.9,58.9,56,33,33,12,6,5,31,5,31681,234643,0,246,8983.820208885,2026-02-22 16:57:00,1,tcp_connection_flood
17.9,58.9,56,33,33,12,6,5,31,5,6507,1799,0,38,8984.90975078,2026-02-22 16:57:01,1,tcp_connection_flood
9.8,58.9,56,33,33,12,6,5,31,5,6816,2034,0,42,8986.001279776,2026-02-22 16:57:02,1,tcp_connection_flood
6.4,58.8,56,33,33,12,6,5,31,5,10202,18508,5,68,8987.091578993,2026-02-22 16:57:04,1,tcp_connection_flood
7.9,58.6,54,33,29,12,8,5,29,5,9404,3439,0,67,8988.177341553,2026-02-22 16:57:05,1,tcp_connection_flood
12.2,58.2,54,33,29,12,8,5,29,5,7999,2401,0,49,8989.267348371,2026-02-22 16:57:06,1,tcp_connection_flood
15.3,58.3,54,33,29,12,8,5,29,5,7743,2247,0,48,8990.350975753,2026-02-22 16:57:07,1,tcp_connection_flood
9.2,58.3,54,33,28,12,8,5,29,5,3918,1184,0,26,8991.441376561,2026-02-22 16:57:08,1,tcp_connection_flood
12.2,57.7,53,33,28,12,6,5,29,6,978,236,0,5,8992.528979847,2026-02-22 16:57:09,1,tcp_connection_flood
10.4,57.5,52,33,29,12,6,5,29,5,4356,1384,0,29,8993.622115378,2026-02-22 16:57:10,1,tcp_connection_flood
6.9,57.4,52,34,29,12,6,5,29,5,14718,9832,2,50,8994.708675487,2026-02-22 16:57:11,1,tcp_connection_flood
5.5,57.3,52,34,29,12,6,5,29,5,6675,5675,0,46,8995.793130712,2026-02-22 16:57:12,1,tcp_connection_flood
15.0,57.2,50,34,29,12,4,5,28,5,516518,13420,0,159,8996.87590959,2026-02-22 16:57:13,1,tcp_connection_flood
9.1,57.1,50,34,29,12,4,5,28,5,514466,9862,0,157,8997.960784985,2026-02-22 16:57:14,1,tcp_connection_flood
14.6,57.1,50,34,28,12,4,5,28,5,594613,11084,0,124,8999.047525702,2026-02-22 16:57:16,1,tcp_connection_flood
10.2,57.0,50,34,29,12,4,5,28,5,564144,8556,0,116,9000.135330095,2026-02-22 16:57:17,1,tcp_connection_flood
9.2,57.0,50,34,28,12,4,5,28,5,476346,7291,0,117,9001.221920539,2026-02-22 16:57:18,1,tcp_connection_flood
12.9,57.1,52,34,29,12,4,5,29,6,30147,4499,2,38,9002.312274829,2026-02-22 16:57:19,1,tcp_connection_flood
14.7,57.0,51,33,30,12,4,5,29,5,8156,11054,0,54,9003.396454368,2026-02-22 16:57:20,1,tcp_connection_flood
10.3,56.9,50,33,30,12,3,5,28,5,8106,2156,0,47,9004.488456431,2026-02-22 16:57:21,1,tcp_connection_flood
6.3,57.0,51,33,29,12,3,5,28,6,7054,2030,0,43,9005.572036906,2026-02-22 16:57:22,1,tcp_connection_flood
6.4,56.8,50,33,30,12,3,5,28,5,8568,2442,0,51,9006.656055372,2026-02-22 16:57:23,1,tcp_connection_flood
5.2,56.8,50,33,30,12,3,5,28,5,7140,1972,0,43,9007.741527847,2026-02-22 16:57:24,1,tcp_connection_flood
9.0,56.8,49,33,30,12,2,5,27,5,7330,2126,0,44,9008.824672823,2026-02-22 16:57:25,1,tcp_connection_flood
9.9,56.7,49,33,30,12,2,5,27,5,9109,3413,2,49,9009.907235377,2026-02-22 16:57:26,1,tcp_connection_flood
18.1,56.5,49,31,30,12,2,5,27,5,6636,1748,0,38,9010.99304768,2026-02-22 16:57:27,1,tcp_connection_flood
11.3,56.4,49,31,30,12,2,5,27,5,6960,1880,0,41,9012.076999571,2026-02-22 16:57:29,1,tcp_connection_flood
14.6,56.4,49,31,30,12,2,5,27,5,6960,1920,0,42,9013.167709739,2026-02-22 16:57:30,1,tcp_connection_flood
12.1,56.4,49,28,30,12,2,5,27,5,7776,2121,0,46,9014.257354939,2026-02-22 16:57:31,1,tcp_connection_flood
9.2,56.5,49,28,30,12,2,5,27,5,7308,1972,0,43,9015.342575802,2026-02-22 16:57:32,1,tcp_connection_flood
15.5,56.7,52,31,31,12,2,5,28,6,369595,41414,0,213,9016.431983385,2026-02-22 16:57:33,1,tcp_connection_flood
23.4,56.9,51,31,32,12,2,5,28,5,585961,19179,0,252,9017.538516979,2026-02-22 16:57:34,1,tcp_connection_flood
15.0,56.9,51,31,32,12,2,5,28,5,561679,12585,0,216,9018.624735315,2026-02-22 16:57:35,1,tcp_connection_flood
17.4,56.9,51,31,32,12,2,5,28,5,563123,11953,0,214,9019.710642266,2026-02-22 16:57:36,1,tcp_connection_flood
14.1,56.9,52,31,32,12,2,5,29,5,560235,12336,0,220,9020.794981805,2026-02-22 16:57:37,1,tcp_connection_flood
19.2,57.1,52,31,31,12,2,5,28,6,561242,11837,0,208,9021.886087526,2026-02-22 16:57:38,1,tcp_connection_flood
17.5,57.1,51,31,32,12,2,5,28,5,670484,12410,0,218,9022.974851741,2026-02-22 16:57:39,1,tcp_connection_flood
15.8,57.0,51,30,32,12,2,5,28,5,994515,13647,0,242,9024.065560947,2026-02-22 16:57:41,1,tcp_connection_flood
20.5,56.9,51,30,32,12,2,5,28,5,1565892,15585,0,265,9025.155147617,2026-02-22 16:57:42,1,tcp_connection_flood
15.7,56.9,51,30,32,12,2,5,28,5,67544,2339,0,49,9026.243259608,2026-02-22 16:57:43,1,tcp_connection_flood
17.9,56.7,51,30,32,12,2,5,28,5,7332,1932,0,42,9027.33236847,2026-02-22 16:57:44,1,tcp_connection_flood
14.1,56.7,52,30,31,12,2,5,28,6,17536,1827,0,37,9028.422359268,2026-02-22 16:57:45,1,tcp_connection_flood
20.9,57.0,51,30,32,12,2,5,28,5,14940,2076,0,45,9029.509892262,2026-02-22 16:57:46,1,tcp_connection_flood
13.4,57.0,51,30,32,12,2,5,28,5,7134,1892,0,41,9030.596597532,2026-02-22 16:57:47,1,tcp_connection_flood
15.9,56.9,51,30,32,12,2,5,28,5,8107,2502,0,48,9031.680650583,2026-02-22 16:57:48,1,tcp_connection_flood
17.0,56.9,51,30,32,12,2,5,28,5,7308,1972,0,43,9032.776625124,2026-02-22 16:57:49,1,tcp_connection_flood
19.1,56.8,51,30,32,12,2,5,28,5,7656,2064,0,45,9033.862419834,2026-02-22 16:57:50,1,tcp_connection_flood
14.9,57.0,53,30,32,12,2,5,29,5,6958,2075,0,43,9034.94522916,2026-02-22 16:57:51,1,tcp_connection_flood
13.5,57.1,54,30,33,12,2,5,30,5,89485,8007,5,90,9036.032224545,2026-02-22 16:57:53,1,tcp_connection_flood
16.3,56.8,54,30,33,12,2,5,30,5,6960,2120,0,45,9037.123309227,2026-02-22 16:57:54,1,tcp_connection_flood
13.6,56.8,56,32,33,12,2,5,30,6,5916,1844,0,39,9038.212891938,2026-02-22 16:57:55,1,tcp_connection_flood
21.0,56.7,55,30,32,12,2,5,30,4,83201,8939,0,47,9039.298123682,2026-02-22 16:57:56,0,normal
15.5,56.7,53,30,32,12,2,5,30,4,2235707,11218,0,177,9040.388925492,2026-02-22 16:57:57,0,normal
18.6,55.6,51,30,32,12,2,5,29,4,184429,2771,0,45,9041.475410168,2026-02-22 16:57:58,0,normal
10.6,55.6,50,30,31,12,2,5,28,4,579955,8887,0,163,9042.55599591,2026-02-22 16:57:59,0,normal
9.8,55.6,50,30,31,12,2,5,28,4,537743,8491,0,155,9043.637407412,2026-02-22 16:58:00,0,normal
14.5,55.5,50,30,31,12,2,5,28,4,553589,7823,0,146,9044.71982903,2026-02-22 16:58:01,0,normal
12.6,55.6,50,30,31,12,2,5,28,4,567964,8191,0,149,9045.803391941,2026-02-22 16:58:02,0,normal
10.6,55.6,51,28,32,12,2,5,29,4,544195,12866,2,174,9046.884739203,2026-02-22 16:58:03,0,normal
17.3,55.6,52,27,33,12,2,5,30,4,561507,14881,6,198,9047.967505398,2026-02-22 16:58:04,0,normal
27.9,56.5,53,27,34,12,2,5,31,4,508767,16021,0,194,9049.053811228,2026-02-22 16:58:06,0,normal
12.0,56.7,51,27,34,12,0,5,30,4,562691,10867,0,169,9050.14743167,2026-02-22 16:58:07,0,normal
22.9,57.1,51,27,34,12,0,5,30,4,545097,15714,4,203,9051.235496532,2026-02-22 16:58:08,0,normal
25.9,57.7,51,27,33,12,1,5,30,4,589438,21904,0,224,9052.329939057,2026-02-22 16:58:09,0,normal
12.8,57.7,51,27,33,12,1,5,30,4,551054,9022,0,165,9053.42136005,2026-02-22 16:58:10,0,normal
12.7,57.8,51,27,33,12,1,5,30,4,566746,8428,0,158,9054.50836374,2026-02-22 16:58:11,0,normal
10.3,57.9,51,27,33,12,1,5,30,4,542760,13416,0,163,9055.592637936,2026-02-22 16:58:12,0,normal
10.9,57.8,51,27,33,12,1,5,30,4,569319,8679,0,158,9056.677599593,2026-02-22 16:58:13,0,normal
10.0,57.8,51,27,33,12,1,5,30,4,534820,7752,0,145,9057.761945965,2026-02-22 16:58:14,0,normal
10.1,57.7,51,27,33,12,1,5,30,4,554968,8240,0,154,9058.8439184,2026-02-22 16:58:15,0,normal
11.5,57.7,51,27,33,12,1,5,30,4,506024,7671,0,143,9059.93184882,2026-02-22 16:58:16,0,normal
9.6,57.5,51,26,33,12,1,5,30,4,102432,1790,0,34,9061.022115696,2026-02-22 16:58:18,0,normal
9.6,57.4,51,26,33,12,1,5,30,4,0,0,0,0,9062.104376222,2026-02-22 16:58:19,0,normal
8.2,57.4,51,26,33,12,1,5,30,4,0,0,0,0,9063.185095154,2026-02-22 16:58:20,0,normal
10.6,57.4,51,26,33,12,1,5,30,4,2724397,15140,0,186,9064.267101823,2026-02-22 16:58:21,0,normal
9.7,57.3,51,26,33,12,1,5,30,4,282,286,0,4,9065.350439711,2026-02-22 16:58:22,0,normal
11.3,55.9,51,26,33,12,1,5,30,4,113,122,0,2,9066.432540097,2026-02-22 16:58:23,0,normal
12.2,55.8,51,26,33,12,1,5,30,4,141,143,0,2,9067.521616859,2026-02-22 16:58:24,0,normal
12.2,55.8,51,26,33,12,1,5,30,4,173,173,0,2,9068.606618761,2026-02-22 16:58:25,0,normal
10.3,56.0,51,26,33,12,1,5,30,4,0,0,0,0,9069.692234005,2026-02-22 16:58:26,0,normal
11.7,55.9,51,26,33,12,1,5,30,4,192,227,0,2,9070.777994311,2026-02-22 16:58:27,0,normal
16.6,55.8,51,26,33,12,1,5,30,4,0,0,0,0,9071.873094701,2026-02-22 16:58:28,0,normal
13.4,55.7,51,26,33,12,1,5,30,4,0,0,0,0,9072.961169061,2026-02-22 16:58:29,0,normal
11.9,55.8,50,26,32,12,1,5,29,4,90,0,0,0,9074.045633544,2026-02-22 16:58:31,0,normal
13.0,55.8,50,26,32,12,1,5,29,4,141,143,0,2,9075.135461677,2026-02-22 16:58:32,0,normal
15.7,55.8,50,26,32,12,1,5,29,4,0,0,0,0,9076.221582439,2026-02-22 16:58:33,0,normal
13.6,55.8,50,26,32,12,1,5,29,4,0,0,0,0,9077.305879078,2026-02-22 16:58:34,0,normal
13.3,55.8,50,27,32,12,1,5,29,4,10453,7845,2,15,9078.393537958,2026-02-22 16:58:35,0,normal
15.0,55.8,50,27,32,12,1,5,29,4,186,28,0,1,9079.475923869,2026-02-22 16:58:36,0,normal
15.9,55.5,50,27,32,12,1,5,29,4,0,0,0,0,9080.558264035,2026-02-22 16:58:37,0,normal
17.9,55.7,50,27,32,12,1,5,29,4,0,0,0,0,9081.648822899,2026-02-22 16:58:38,0,normal
12.1,55.7,49,27,31,12,1,5,28,4,775,403,0,7,9082.73340864,2026-02-22 16:58:39,0,normal
13.3,55.6,49,27,31,12,1,5,28,4,2299,6756,5,17,9083.820807221,2026-02-22 16:58:40,0,normal
15.4,55.7,49,27,31,12,1,5,28,4,667439,6335,0,46,9084.906516762,2026-02-22 16:58:41,0,normal
13.7,55.8,49,27,31,12,1,5,28,4,2438979,9578,0,152,9085.991757633,2026-02-22 16:58:42,0,normal
12.7,55.9,49,27,31,12,1,5,28,4,302,2845,0,4,9087.078527614,2026-02-22 16:58:44,0,normal
10.7,55.9,48,27,30,12,1,5,27,4,643,353,0,6,9088.164595618,2026-02-22 16:58:45,0,normal
11.5,55.7,48,27,30,12,1,5,27,4,388,2921,0,5,9089.252046408,2026-02-22 16:58:46,0,normal
15.7,55.7,48,27,30,12,1,5,27,4,0,0,0,0,9090.337171501,2026-02-22 16:58:47,0,normal
10.5,55.7,48,27,30,12,1,5,27,4,0,0,0,0,9091.424945447,2026-02-22 16:58:48,0,normal
15.3,55.8,48,27,30,12,1,5,27,4,0,0,0,0,9092.513528613,2026-02-22 16:58:49,0,normal
12.0,55.9,48,27,26,12,5,5,27,4,1546,1136,0,17,9093.597367702,2026-02-22 16:58:50,0,normal
13.1,56.0,47,27,25,12,5,5,27,4,916,351,0,6,9094.683014295,2026-02-22 16:58:51,0,normal
10.1,56.0,47,27,25,12,5,5,27,4,102,40,0,1,9095.770028985,2026-02-22 16:58:52,0,normal
11.0,55.9,47,26,23,12,7,5,27,4,1121,761,0,11,9096.854401676,2026-02-22 16:58:53,0,normal
11.6,56.0,47,26,23,12,7,5,27,4,78,28,0,1,9097.937977972,2026-02-22 16:58:54,0,normal
14.5,55.9,47,26,23,12,7,5,27,4,0,0,0,0,9099.02094257,2026-02-22 16:58:56,0,normal
13.3,55.8,47,26,21,12,9,5,27,4,917,685,0,10,9100.10652378,2026-02-22 16:58:57,0,normal
9.9,55.9,46,26,20,12,9,5,26,4,610,339,0,6,9101.189319721,2026-02-22 16:58:58,0,normal
9.9,55.9,46,26,19,12,10,5,26,4,394,3146,0,8,9102.271775524,2026-02-22 16:58:59,0,normal
8.0,55.9,46,26,19,12,10,5,26,4,725,191,0,3,9103.353203006,2026-02-22 16:59:00,0,normal
10.7,55.8,46,26,19,12,10,5,26,4,0,0,0,0,9104.435311997,2026-02-22 16:59:01,0,normal
8.3,55.8,46,26,19,12,10,5,26,4,173,173,0,2,9105.518870069,2026-02-22 16:59:02,0,normal
9.2,55.9,46,26,17,12,11,5,26,4,420,490,0,7,9106.600608364,2026-02-22 16:59:03,0,normal
8.7,55.8,46,26,17,12,12,5,26,4,408,52,0,1,9107.684709025,2026-02-22 16:59:04,0,normal
9.0,55.8,46,25,16,12,13,5,26,4,408,271,0,4,9108.769585221,2026-02-22 16:59:05,0,normal
11.2,55.8,46,25,16,12,13,5,26,4,229,133,0,2,9109.853513337,2026-02-22 16:59:06,0,normal
10.4,55.9,46,25,16,12,13,5,26,4,2450072,12737,0,148,9110.938389173,2026-02-22 16:59:07,0,normal
12.7,55.9,46,25,16,12,13,5,26,4,0,0,0,0,9112.02131106,2026-02-22 16:59:09,0,normal
9.1,55.9,46,25,16,12,13,5,26,4,0,0,0,0,9113.1039253,2026-02-22 16:59:10,0,normal
14.5,55.8,46,25,16,12,13,5,26,4,619,3067,0,7,9114.18673672,2026-02-22 16:59:11,0,normal
18.1,56.1,45,25,16,12,12,5,25,3,333,143,0,2,9115.275408903,2026-02-22 16:59:12,0,normal
20.5,56.2,45,25,16,12,12,5,25,3,0,0,0,0,9116.362826079,2026-02-22 16:59:13,0,normal
15.1,56.3,45,25,16,12,12,5,25,3,290,2838,0,4,9117.444831526,2026-02-22 16:59:14,0,normal
11.2,56.3,44,25,14,12,13,5,24,3,1956,4218,0,19,9118.529962321,2026-02-22 16:59:15,0,normal
17.6,56.3,44,25,13,12,13,5,24,3,793,450,2,6,9119.615065753,2026-02-22 16:59:16,0,normal
18.0,56.3,44,25,13,12,14,5,24,3,192,271,0,4,9120.697265205,2026-02-22 16:59:17,0,normal
11.0,56.3,44,25,13,12,14,5,24,3,0,5392,0,5,9121.780865656,2026-02-22 16:59:18,0,normal
13.6,56.3,44,25,13,12,14,5,24,3,572,167,0,3,9122.87544054,2026-02-22 16:59:19,0,normal
18.6,56.3,44,25,13,12,14,5,24,3,0,0,0,0,9123.963553913,2026-02-22 16:59:20,0,normal
20.6,56.3,44,25,13,12,14,5,24,3,0,0,0,0,9125.05259067,2026-02-22 16:59:22,0,normal
15.2,56.3,43,25,12,12,14,5,23,3,434,3239,0,6,9126.135518929,2026-02-22 16:59:23,0,normal
11.1,56.3,43,25,12,12,14,5,23,3,298,52,0,1,9127.225047279,2026-02-22 16:59:24,0,normal
12.0,56.3,43,25,12,12,14,5,23,3,0,0,0,0,9128.309810974,2026-02-22 16:59:25,0,normal
11.9,56.3,43,25,12,12,14,5,23,3,0,0,0,0,9129.397363895,2026-02-22 16:59:26,0,normal
12.0,56.4,43,25,12,12,14,5,23,3,0,0,0,0,9130.483668363,2026-02-22 16:59:27,0,normal
12.2,56.4,43,25,12,12,14,5,23,3,173,173,0,2,9131.56662739,2026-02-22 16:59:28,0,normal
13.9,56.4,43,25,12,12,14,5,23,3,0,0,0,0,9132.649033499,2026-02-22 16:59:29,0,normal
11.7,56.4,43,25,12,12,14,5,23,3,141,143,0,2,9133.733955251,2026-02-22 16:59:30,0,normal
16.6,56.5,43,25,12,12,14,5,23,3,1970863,11390,0,127,9134.820209144,2026-02-22 16:59:31,0,normal
23.8,56.0,44,25,13,12,14,5,23,4,20268440,37692,0,942,9135.908594508,2026-02-22 16:59:32,1,tcp_bandwidth_exhaustion
27.3,56.2,44,25,13,12,14,5,23,4,22401966,42760,0,1069,9137.003090032,2026-02-22 16:59:33,1,tcp_bandwidth_exhaustion
26.3,56.2,44,25,13,12,14,5,23,4,24859317,50059,0,1182,9138.091969604,2026-02-22 16:59:35,1,tcp_bandwidth_exhaustion
27.9,56.1,44,25,13,12,14,5,23,4,29401318,55360,0,1384,9139.182225379,2026-02-22 16:59:36,1,tcp_bandwidth_exhaustion
24.0,56.2,45,25,14,12,14,5,23,5,28146853,56732,0,1418,9140.272722237,2026-02-22 16:59:37,1,tcp_bandwidth_exhaustion
30.1,56.1,45,25,14,12,14,5,23,5,27864534,49320,0,1233,9141.364432633,2026-02-22 16:59:38,1,tcp_bandwidth_exhaustion
26.3,56.0,44,25,13,12,14,5,23,4,29365058,52480,0,1312,9142.45820999,2026-02-22 16:59:39,1,tcp_bandwidth_exhaustion
31.6,56.0,47,25,16,12,14,5,23,5,31516898,72524,2,1436,9143.563403077,2026-02-22 16:59:40,1,tcp_bandwidth_exhaustion
23.6,56.2,46,25,15,12,14,5,23,4,25633979,43317,2,1039,9144.650449778,2026-02-22 16:59:41,1,tcp_bandwidth_exhaustion
20.3,56.2,47,27,16,12,14,5,24,4,28669919,60490,0,1152,9145.735918646,2026-02-22 16:59:42,1,tcp_bandwidth_exhaustion
33.4,56.7,47,27,15,12,15,5,24,4,28725722,68659,4,1324,9146.82712686,2026-02-22 16:59:43,1,tcp_bandwidth_exhaustion
41.6,57.5,48,27,16,12,15,5,25,4,25146179,375388,2,1416,9147.920189454,2026-02-22 16:59:44,1,tcp_bandwidth_exhaustion
31.4,58.0,50,27,18,12,15,5,26,4,30134585,85091,0,1410,9149.013512788,2026-02-22 16:59:46,1,tcp_bandwidth_exhaustion
27.0,58.0,51,27,19,12,15,5,26,5,32311134,73756,0,1452,9150.106556698,2026-02-22 16:59:47,1,tcp_bandwidth_exhaustion
20.6,58.0,50,27,18,12,15,5,26,4,28913928,50584,0,1263,9151.19762582,2026-02-22 16:59:48,1,tcp_bandwidth_exhaustion
22.9,58.0,51,27,18,12,15,5,26,5,33309542,65748,0,1427,9152.284846868,2026-02-22 16:59:49,1,tcp_bandwidth_exhaustion
21.4,58.0,50,27,18,12,15,5,26,4,31040034,61544,0,1441,9153.370423499,2026-02-22 16:59:50,1,tcp_bandwidth_exhaustion
20.1,57.8,51,27,19,12,15,5,26,5,32441768,71485,0,1669,9154.45881802,2026-02-22 16:59:51,1,tcp_bandwidth_exhaustion
18.0,57.8,50,27,18,12,15,5,26,4,29288702,54080,0,1352,9155.548215895,2026-02-22 16:59:52,1,tcp_bandwidth_exhaustion
20.2,57.6,46,27,18,12,11,5,25,4,33417222,56160,0,1404,9156.641431878,2026-02-22 16:59:53,1,tcp_bandwidth_exhaustion
20.3,57.5,47,27,19,12,11,5,25,5,30993042,60800,0,1302,9157.730633454,2026-02-22 16:59:54,1,tcp_bandwidth_exhaustion
16.3,57.3,46,27,18,12,11,5,25,4,32619166,58420,0,1382,9158.818386501,2026-02-22 16:59:55,1,tcp_bandwidth_exhaustion
23.6,57.4,42,27,18,12,7,5,23,4,31349626,53120,0,1328,9159.905325199,2026-02-22 16:59:56,1,tcp_bandwidth_exhaustion
21.3,57.5,42,27,18,12,7,5,23,4,25955474,47000,0,1175,9160.988854767,2026-02-22 16:59:57,1,tcp_bandwidth_exhaustion
18.6,57.4,43,27,19,12,7,5,23,5,30015402,53292,0,1332,9162.077457119,2026-02-22 16:59:59,1,tcp_bandwidth_exhaustion
16.6,57.6,42,27,18,12,7,5,23,4,29668396,63757,0,1374,9163.164271594,2026-02-22 17:00:00,1,tcp_bandwidth_exhaustion
20.1,57.5,41,27,18,12,6,5,22,4,27049406,45960,0,1149,9164.252916886,2026-02-22 17:00:01,1,tcp_bandwidth_exhaustion
18.9,57.5,41,27,18,12,6,5,22,4,27421688,46800,0,1170,9165.341079422,2026-02-22 17:00:02,1,tcp_bandwidth_exhaustion
16.0,57.5,41,27,18,12,6,5,22,4,31716919,55092,0,1307,9166.42865761,2026-02-22 17:00:03,1,tcp_bandwidth_exhaustion
18.2,57.5,42,27,19,12,6,5,22,5,32915144,66133,0,1434,9167.51675319,2026-02-22 17:00:04,1,tcp_bandwidth_exhaustion
20.1,57.4,39,27,18,12,4,5,20,4,28668923,51044,0,1274,9168.603221936,2026-02-22 17:00:05,1,tcp_bandwidth_exhaustion
26.1,57.0,39,27,18,12,4,5,20,4,26261953,95073,0,1192,9169.689808173,2026-02-22 17:00:06,1,tcp_bandwidth_exhaustion
30.1,56.8,40,27,19,12,4,5,20,5,29975674,113434,0,1279,9170.780295473,2026-02-22 17:00:07,1,tcp_bandwidth_exhaustion
35.1,56.7,39,27,18,12,4,5,20,4,28652694,74711,0,1247,9171.873908971,2026-02-22 17:00:08,1,tcp_bandwidth_exhaustion
26.5,56.9,37,27,17,12,3,5,18,4,30682587,56043,0,1373,9172.96392169,2026-02-22 17:00:09,1,tcp_bandwidth_exhaustion
35.9,57.2,39,27,18,12,3,5,18,4,29683188,76203,5,1355,9174.055323026,2026-02-22 17:00:11,1,tcp_bandwidth_exhaustion
28.4,57.3,37,27,17,12,3,5,18,4,29101841,57381,0,1383,9175.155941585,2026-02-22 17:00:12,1,tcp_bandwidth_exhaustion
23.0,57.3,37,26,17,12,3,5,18,4,27356597,50039,0,1237,9176.244489444,2026-02-22 17:00:13,1,tcp_bandwidth_exhaustion
27.1,57.4,38,26,18,12,3,5,18,5,29188637,110770,0,1632,9177.333269339,2026-02-22 17:00:14,1,tcp_bandwidth_exhaustion
23.3,57.0,38,26,18,12,3,5,18,5,31875960,61416,0,1530,9178.420822471,2026-02-22 17:00:15,1,tcp_bandwidth_exhaustion
25.7,57.0,37,26,17,12,3,5,18,4,30452271,76831,0,1319,9179.508038229,2026-02-22 17:00:16,1,tcp_bandwidth_exhaustion
27.4,57.1,35,26,16,12,1,5,18,4,32651316,55504,0,1386,9180.599175339,2026-02-22 17:00:17,1,tcp_bandwidth_exhaustion
20.6,57.2,35,26,16,12,2,5,18,4,30201679,52323,0,1305,9181.688573634,2026-02-22 17:00:18,1,tcp_bandwidth_exhaustion
18.0,57.0,36,26,17,12,2,5,18,5,33875390,65913,0,1432,9182.77648062,2026-02-22 17:00:19,1,tcp_bandwidth_exhaustion
17.8,57.0,35,26,16,12,2,5,18,4,25090942,44480,0,1112,9183.861185004,2026-02-22 17:00:20,1,tcp_bandwidth_exhaustion
18.1,57.1,35,26,16,12,2,5,18,4,28883572,50160,0,1254,9184.946747338,2026-02-22 17:00:21,1,tcp_bandwidth_exhaustion
21.0,57.2,35,26,16,12,2,5,18,4,26368897,62153,0,1146,9186.035713954,2026-02-22 17:00:23,1,tcp_bandwidth_exhaustion
24.1,57.4,36,26,17,12,2,5,19,4,25380834,47285,0,1120,9187.12375413,2026-02-22 17:00:24,1,tcp_bandwidth_exhaustion
20.4,57.2,35,26,16,12,2,5,18,4,25297915,44580,0,1101,9188.210600094,2026-02-22 17:00:25,1,tcp_bandwidth_exhaustion
23.4,57.2,35,26,16,12,2,5,18,4,25434118,38932,0,972,9189.308021952,2026-02-22 17:00:26,1,tcp_bandwidth_exhaustion
22.9,57.1,36,26,16,12,2,5,18,5,28317252,47987,0,1046,9190.399939948,2026-02-22 17:00:27,1,tcp_bandwidth_exhaustion
18.5,57.1,35,26,15,12,3,5,18,4,28219080,43539,0,1086,9191.489921228,2026-02-22 17:00:28,1,tcp_bandwidth_exhaustion
20.1,57.0,35,26,15,12,3,5,18,4,25199224,39748,0,994,9192.587553401,2026-02-22 17:00:29,1,tcp_bandwidth_exhaustion
21.0,56.9,35,26,15,12,3,5,18,4,25349638,37960,0,949,9193.675429639,2026-02-22 17:00:30,1,tcp_bandwidth_exhaustion
22.5,56.8,35,26,15,12,3,5,18,4,27661732,41760,0,1044,9194.762340244,2026-02-22 17:00:31,1,tcp_bandwidth_exhaustion
16.9,56.9,35,26,15,12,3,5,18,4,21406454,33840,0,846,9195.850346687,2026-02-22 17:00:32,1,tcp_bandwidth_exhaustion
20.3,56.9,35,26,15,12,3,5,18,4,21223228,35160,0,879,9196.945036967,2026-02-22 17:00:33,0,normal
14.9,56.9,34,26,14,12,3,5,18,3,14331003,34973,0,621,9198.027879606,2026-02-22 17:00:35,0,normal
11.2,57.0,34,27,14,12,3,5,19,4,950,3568,0,8,9199.110626184,2026-02-22 17:00:36,0,normal
9.0,56.9,34,26,14,12,3,5,18,3,3062767,31194,0,203,9200.192493652,2026-02-22 17:00:37,0,normal
8.4,56.8,34,26,14,12,3,5,18,3,620,16841,0,14,9201.274337055,2026-02-22 17:00:38,0,normal
9.0,56.8,34,26,14,12,3,5,18,3,1538,8223,0,12,9202.355823267,2026-02-22 17:00:39,0,normal
11.4,56.8,34,26,14,12,3,5,18,3,0,0,0,0,9203.439240535,2026-02-22 17:00:40,0,normal
11.7,56.8,34,26,14,12,3,5,18,3,243,143,0,2,9204.52079765,2026-02-22 17:00:41,0,normal
12.3,56.8,34,26,14,12,3,5,18,3,231,2926,0,5,9205.604411607,2026-02-22 17:00:42,0,normal
9.4,56.9,34,26,14,12,3,5,18,3,400,139,0,2,9206.687334066,2026-02-22 17:00:43,0,normal
11.3,56.9,34,26,14,12,3,5,18,3,449,286,0,4,9207.768159207,2026-02-22 17:00:44,0,normal
9.6,57.0,34,26,14,12,3,5,18,3,1360,26659,0,22,9208.849221593,2026-02-22 17:00:45,0,normal
11.4,57.0,33,26,14,12,2,5,17,3,2286,18903,0,18,9209.933855314,2026-02-22 17:00:46,0,normal
10.0,57.0,33,26,14,12,2,5,17,3,0,7957,0,7,9211.018688199,2026-02-22 17:00:48,0,normal
8.2,57.0,33,26,14,12,2,5,17,3,506,139,0,2,9212.101806836,2026-02-22 17:00:49,0,normal
11.0,57.0,33,26,14,12,2,5,17,3,0,0,0,0,9213.183956063,2026-02-22 17:00:50,0,normal
15.6,57.3,34,26,14,12,2,5,18,4,77992,7415,0,45,9214.268222485,2026-02-22 17:00:51,0,normal
14.1,57.1,36,26,14,12,4,5,20,4,117692,7804,0,59,9215.353530251,2026-02-22 17:00:52,0,normal
9.1,57.2,35,26,14,12,4,5,19,3,0,60,0,1,9216.434438178,2026-02-22 17:00:53,0,normal
9.6,57.3,35,26,14,12,4,5,19,3,0,0,0,0,9217.516967388,2026-02-22 17:00:54,0,normal
12.5,57.3,35,26,14,12,4,5,19,3,0,0,0,0,9218.59934279,2026-02-22 17:00:55,0,normal
26.3,57.6,35,26,14,12,4,5,19,3,0,0,0,0,9219.685956087,2026-02-22 17:00:56,0,normal
9.6,57.6,37,26,14,12,4,5,20,4,0,120,0,2,9220.772321038,2026-02-22 17:00:57,0,normal
10.8,57.6,37,26,14,12,4,5,20,4,9234,17747,0,32,9221.859044923,2026-02-22 17:00:58,0,normal
10.7,57.6,34,26,13,12,4,5,18,3,3983070,19161,0,243,9222.941993631,2026-02-22 17:00:59,0,normal
10.2,57.5,34,26,13,12,4,5,18,3,177386,585,0,9,9224.026115281,2026-02-22 17:01:01,0,normal
11.9,57.7,34,26,13,12,4,5,18,3,0,0,0,0,9225.117680414,2026-02-22 17:01:02,0,normal
7.3,57.7,34,26,13,12,4,5,18,3,0,0,0,0,9226.198577851,2026-02-22 17:01:03,0,normal
15.4,57.7,34,26,13,12,4,5,18,3,0,0,0,0,9227.280009691,2026-02-22 17:01:04,0,normal
10.7,57.3,34,26,13,12,4,5,18,3,0,0,0,0,9228.361651245,2026-02-22 17:01:05,0,normal
11.5,57.3,34,26,13,12,4,5,18,3,457,161,0,2,9229.443417764,2026-02-22 17:01:06,0,normal
8.1,57.2,33,26,12,12,4,5,17,3,0,219,0,3,9230.524274525,2026-02-22 17:01:07,0,normal
7.3,57.1,33,26,12,12,4,5,17,3,817,143,0,3,9231.606899124,2026-02-22 17:01:08,0,normal
7.1,57.1,33,26,12,12,4,5,17,3,0,0,0,0,9232.687496868,2026-02-22 17:01:09,0,normal
8.4,57.2,32,27,11,12,4,5,16,3,8812,21145,4,32,9233.76981395,2026-02-22 17:01:10,0,normal
15.3,57.5,35,27,14,12,4,5,17,4,18018,11607,0,55,9234.850783192,2026-02-22 17:01:11,0,normal
8.1,57.5,35,27,14,12,4,5,17,4,78,28,0,1,9235.931589748,2026-02-22 17:01:12,0,normal
7.0,57.5,35,27,14,12,4,5,17,4,0,0,0,0,9237.013559448,2026-02-22 17:01:14,0,normal
7.1,57.5,35,27,14,12,4,5,17,4,0,0,0,0,9238.102059538,2026-02-22 17:01:15,0,normal
8.4,57.6,35,27,14,12,4,5,17,4,738,3322,0,5,9239.184757094,2026-02-22 17:01:16,0,normal
13.3,57.6,36,27,15,12,4,5,18,4,4571,4734,0,14,9240.265839579,2026-02-22 17:01:17,0,normal
27.3,58.3,37,27,16,12,4,5,19,4,133932,9444,0,75,9241.352995745,2026-02-22 17:01:18,0,normal
19.3,57.7,36,27,16,12,3,5,18,4,4369,16870,0,19,9242.440399837,2026-02-22 17:01:19,0,normal
12.2,57.7,36,27,16,12,3,5,18,4,0,0,0,0,9243.5291468,2026-02-22 17:01:20,0,normal
9.2,57.6,36,27,16,12,3,5,18,4,0,0,0,0,9244.615830279,2026-02-22 17:01:21,0,normal
9.7,57.6,36,27,16,12,3,5,18,4,3562459,14916,0,177,9245.705345083,2026-02-22 17:01:22,0,normal
10.0,57.4,36,27,16,12,3,5,18,4,338409,1105,0,17,9246.787663678,2026-02-22 17:01:23,0,normal
12.9,57.6,36,27,16,12,3,5,18,4,0,0,0,0,9247.870801671,2026-02-22 17:01:24,0,normal
11.3,57.5,36,27,16,12,3,5,18,4,228,132,0,2,9248.953378922,2026-02-22 17:01:25,0,normal
12.2,57.3,36,27,16,12,3,5,18,4,0,0,0,0,9250.035026607,2026-02-22 17:01:27,0,normal
9.8,57.4,36,27,16,12,3,5,18,4,2030,6633,5,15,9251.119065151,2026-02-22 17:01:28,0,normal
8.6,57.4,36,27,16,12,3,5,18,4,303,139,0,2,9252.198894984,2026-02-22 17:01:29,0,normal
10.7,57.4,36,27,16,12,3,5,18,4,0,0,0,0,9253.278454208,2026-02-22 17:01:30,0,normal
22.6,57.5,35,27,16,12,2,5,17,4,77873,10073,0,48,9254.365798779,2026-02-22 17:01:31,0,normal
9.7,57.5,35,27,16,12,2,5,17,4,0,0,0,0,9255.447802723,2026-02-22 17:01:32,0,normal
9.5,57.5,35,27,16,12,2,5,17,4,78,28,0,1,9256.531148706,2026-02-22 17:01:33,0,normal
10.9,57.5,35,27,16,12,2,5,17,4,0,0,0,0,9257.613027636,2026-02-22 17:01:34,0,normal
10.0,57.5,36,27,17,12,2,5,18,4,699,5206,2,12,9258.697973433,2026-02-22 17:01:35,0,normal
14.0,57.5,36,29,16,12,3,5,18,4,27014,13643,2,37,9259.782035902,2026-02-22 17:01:36,0,normal
25.3,58.4,36,30,16,12,3,5,18,4,191901,83842,4,112,9260.869726712,2026-02-22 17:01:37,0,normal
27.5,59.8,36,31,16,12,3,5,18,4,509440,257459,0,275,9261.963468291,2026-02-22 17:01:38,0,normal
25.1,60.6,41,33,21,12,3,5,21,4,109142,102533,14,190,9263.059986923,2026-02-22 17:01:40,0,normal
21.6,61.3,41,33,21,12,3,5,21,4,117624,67044,0,101,9264.156096899,2026-02-22 17:01:41,0,normal
10.4,61.3,41,32,21,12,3,5,21,4,107,60,0,1,9265.24783114,2026-02-22 17:01:42,0,normal
12.6,61.1,41,31,21,12,3,5,21,4,15093,296128,0,253,9266.334694446,2026-02-22 17:01:43,0,normal
11.1,61.0,41,31,21,12,3,5,21,4,0,0,0,0,9267.418297452,2026-02-22 17:01:44,0,normal
7.2,60.8,41,31,21,12,3,5,21,4,336,2761,0,4,9268.498930764,2026-02-22 17:01:45,0,normal
11.6,60.6,41,31,21,12,3,5,21,4,498481,36296,0,65,9269.580467551,2026-02-22 17:01:46,0,normal
13.4,60.3,41,31,21,12,3,5,21,4,3913441,19643,0,201,9270.662661331,2026-02-22 17:01:47,0,normal
11.5,60.1,40,31,20,12,3,5,20,4,673,351,0,6,9271.744795871,2026-02-22 17:01:48,0,normal
13.3,60.1,40,31,20,12,3,5,20,4,0,0,0,0,9272.828801914,2026-02-22 17:01:49,0,normal
22.8,60.4,40,32,20,12,3,5,20,4,5098,35894,0,38,9273.921692535,2026-02-22 17:01:50,0,normal
21.8,60.3,40,34,20,12,3,5,20,5,121137,14463,0,43,9275.010469134,2026-02-22 17:01:51,0,normal
24.0,59.7,40,34,20,12,3,5,20,4,1303729,73686,4,223,9276.099506812,2026-02-22 17:01:53,0,normal
21.3,57.9,40,34,20,12,3,5,20,4,3894905,64749,0,349,9277.187850778,2026-02-22 17:01:54,0,normal
29.0,58.0,40,37,20,12,3,5,21,5,2129523,40295,3,218,9278.276386685,2026-02-22 17:01:55,0,normal
28.4,58.1,44,38,22,12,5,5,21,4,1651687,60691,3,220,9279.366476439,2026-02-22 17:01:56,0,normal
18.0,58.2,44,37,22,12,5,5,21,4,1291652,14444,0,102,9280.454475588,2026-02-22 17:01:57,0,normal
13.7,58.1,44,37,22,12,5,5,21,4,2479895,10791,0,123,9281.540265269,2026-02-22 17:01:58,0,normal
13.6,58.0,44,37,22,12,5,5,21,4,1795181,8585,0,97,9282.624223642,2026-02-22 17:01:59,0,normal
20.7,57.9,44,37,22,12,5,5,21,4,2232724,16088,0,138,9283.713140274,2026-02-22 17:02:00,0,normal
23.9,58.0,56,40,25,12,14,5,25,4,531026,141698,10,370,9284.801119806,2026-02-22 17:02:01,0,normal
16.0,58.2,56,39,25,12,14,5,25,4,2070480,25055,0,262,9285.887711623,2026-02-22 17:02:02,0,normal
23.3,58.4,59,39,28,12,14,5,25,4,3891870,55569,2,392,9286.977443745,2026-02-22 17:02:03,0,normal
26.5,60.0,60,38,28,12,15,5,25,4,532235,40504,0,198,9288.064195993,2026-02-22 17:02:05,0,normal
33.3,60.5,60,41,28,12,15,5,25,5,2227984,33565,0,226,9289.163935893,2026-02-22 17:02:06,0,normal
23.8,59.8,64,37,30,12,15,5,25,6,3179195,33836,4,316,9290.257609334,2026-02-22 17:02:07,1,tcp_connection_flood
21.9,59.8,63,38,31,12,15,5,25,5,18956,14206,0,71,9291.34822771,2026-02-22 17:02:08,1,tcp_connection_flood
28.9,59.9,63,37,31,12,15,5,26,5,647986,81537,3,234,9292.434519734,2026-02-22 17:02:09,1,tcp_connection_flood
34.5,60.1,63,35,31,12,15,5,25,5,461333,58034,0,177,9293.529902805,2026-02-22 17:02:10,1,tcp_connection_flood
26.2,59.9,63,37,28,12,16,5,25,6,3947907,38565,0,353,9294.621178184,2026-02-22 17:02:11,1,tcp_connection_flood
21.6,59.5,62,36,29,12,16,5,25,5,1355838,17753,0,176,9295.713270537,2026-02-22 17:02:12,1,tcp_connection_flood
22.0,58.0,62,36,29,12,16,5,25,5,6660,2280,0,45,9296.797541367,2026-02-22 17:02:13,1,tcp_connection_flood
21.4,58.0,60,36,27,12,16,5,25,5,9472,2652,0,54,9297.888825263,2026-02-22 17:02:14,1,tcp_connection_flood
28.0,57.9,60,36,27,12,16,5,25,5,28702,20348,0,64,9298.986552464,2026-02-22 17:02:15,1,tcp_connection_flood
27.4,57.9,60,35,27,12,16,5,25,5,1621877,20916,0,213,9300.080138191,2026-02-22 17:02:17,1,tcp_connection_flood
21.3,57.8,60,35,27,12,16,5,25,5,1685693,16772,0,218,9301.167972139,2026-02-22 17:02:18,1,tcp_connection_flood
19.7,57.9,60,35,27,12,16,5,25,5,1611006,19416,0,290,9302.253246203,2026-02-22 17:02:19,1,tcp_connection_flood
19.4,57.8,60,35,27,12,16,5,25,5,35097,6462,0,57,9303.34419009,2026-02-22 17:02:20,1,tcp_connection_flood
21.1,57.7,60,35,27,12,16,5,25,5,655870,14210,0,134,9304.431769551,2026-02-22 17:02:21,1,tcp_connection_flood
19.8,57.6,60,35,27,12,16,5,25,5,1643847,22358,0,327,9305.524537202,2026-02-22 17:02:22,1,tcp_connection_flood
18.2,57.7,60,33,27,12,16,5,25,5,1667829,15138,0,249,9306.612219325,2026-02-22 17:02:23,1,tcp_connection_flood
19.8,57.5,60,32,27,12,16,5,25,5,557868,14142,0,126,9307.698886584,2026-02-22 17:02:24,1,tcp_connection_flood
16.9,57.5,60,31,27,12,16,5,25,5,10034,10459,0,54,9308.790429085,2026-02-22 17:02:25,1,tcp_connection_flood
24.5,57.4,61,31,26,12,16,5,25,6,1960827,21476,0,237,9309.889716666,2026-02-22 17:02:26,1,tcp_connection_flood
20.4,57.3,60,31,27,12,16,5,25,5,1836256,20112,0,189,9310.97716478,2026-02-22 17:02:27,1,tcp_connection_flood
15.4,57.3,60,31,27,12,16,5,25,5,7656,2064,0,45,9312.064431704,2026-02-22 17:02:29,1,tcp_connection_flood
15.3,57.3,60,31,27,12,16,5,25,5,7656,2024,0,44,9313.149755812,2026-02-22 17:02:30,1,tcp_connection_flood
17.6,57.4,60,31,27,12,16,5,25,5,640887,5178,0,84,9314.236995815,2026-02-22 17:02:31,1,tcp_connection_flood
22.5,57.3,60,32,27,12,16,5,25,5,3777702,37851,0,330,9315.326962578,2026-02-22 17:02:32,1,tcp_connection_flood
16.1,57.4,60,31,26,12,17,5,25,5,8435,2950,0,50,9316.412160989,2026-02-22 17:02:33,1,tcp_connection_flood
18.4,57.5,60,31,26,12,17,5,25,5,6276,1656,0,36,9317.501321078,2026-02-22 17:02:34,1,tcp_connection_flood
16.5,57.4,60,31,25,12,17,5,25,5,5916,1823,0,38,9318.58547579,2026-02-22 17:02:35,1,tcp_connection_flood
17.6,57.6,59,31,25,12,16,5,24,5,7332,2099,0,44,9319.675381938,2026-02-22 17:02:36,1,tcp_connection_flood
21.5,57.6,61,32,24,12,17,5,25,7,4357470,36383,0,338,9320.761308006,2026-02-22 17:02:37,1,tcp_connection_flood
19.3,57.6,60,31,25,12,18,5,25,6,9704,2945,0,57,9321.848916661,2026-02-22 17:02:38,1,tcp_connection_flood
18.0,57.5,60,31,25,12,18,5,25,6,8400,2402,0,50,9322.935515542,2026-02-22 17:02:39,1,tcp_connection_flood
18.1,57.4,60,30,25,12,18,5,25,6,286094,11467,0,80,9324.025514846,2026-02-22 17:02:41,1,tcp_connection_flood
21.0,57.6,61,29,24,12,18,5,25,7,3652422,18746,0,267,9325.121390762,2026-02-22 17:02:42,1,tcp_connection_flood
19.9,57.5,60,29,25,12,18,5,25,6,14443,9953,0,56,9326.211322389,2026-02-22 17:02:43,1,tcp_connection_flood
16.8,57.4,60,29,25,12,18,5,25,6,8700,2380,0,52,9327.298268491,2026-02-22 17:02:44,1,tcp_connection_flood
16.3,57.3,60,29,25,12,18,5,25,6,7668,2064,0,45,9328.38769025,2026-02-22 17:02:45,1,tcp_connection_flood
18.6,57.3,60,29,25,12,18,5,25,6,1241251,7942,0,138,9329.475490917,2026-02-22 17:02:46,1,tcp_connection_flood
23.9,57.3,60,29,25,12,18,5,25,6,3257092,28974,0,275,9330.563182238,2026-02-22 17:02:47,1,tcp_connection_flood
16.4,57.4,60,29,25,12,18,5,25,6,8670,2757,0,53,9331.652009281,2026-02-22 17:02:48,1,tcp_connection_flood
14.4,57.4,60,29,25,12,18,5,25,6,5760,1604,0,35,9332.735926968,2026-02-22 17:02:49,1,tcp_connection_flood
15.1,57.4,60,29,25,12,18,5,25,6,22020,5906,0,54,9333.821718723,2026-02-22 17:02:50,1,tcp_connection_flood
19.5,57.5,60,29,25,12,18,5,25,6,4074713,18373,0,306,9334.906258197,2026-02-22 17:02:51,1,tcp_connection_flood
23.1,57.4,61,29,26,12,18,5,26,6,104461,18100,5,87,9335.997140769,2026-02-22 17:02:52,1,tcp_connection_flood
17.0,57.5,61,29,26,12,18,5,26,6,80731,3543,0,74,9337.084819296,2026-02-22 17:02:54,1,tcp_connection_flood
16.4,57.5,61,29,26,12,18,5,26,6,22457,3643,0,67,9338.172319258,2026-02-22 17:02:55,1,tcp_connection_flood
27.7,57.3,62,29,25,12,18,5,26,7,1144524,14271,0,121,9339.26133774,2026-02-22 17:02:56,1,tcp_connection_flood
23.2,57.4,57,30,26,12,14,5,25,6,637470,13161,0,98,9340.351177565,2026-02-22 17:02:57,1,tcp_connection_flood
20.0,57.5,57,29,26,12,14,5,25,6,202930,3507,0,58,9341.440862859,2026-02-22 17:02:58,1,tcp_connection_flood
19.6,57.5,58,29,25,12,14,5,25,7,12476,2521,0,46,9342.526062162,2026-02-22 17:02:59,1,tcp_connection_flood
21.8,57.6,57,29,26,12,14,5,25,6,7189,2217,0,45,9343.613502242,2026-02-22 17:03:00,1,tcp_connection_flood
19.6,57.6,58,29,25,12,14,5,25,7,2212935,10620,0,177,9344.698261108,2026-02-22 17:03:01,1,tcp_connection_flood
15.3,57.6,57,28,26,12,14,5,25,6,1047580,7379,0,79,9345.788428587,2026-02-22 17:03:02,1,tcp_connection_flood
16.2,57.6,57,28,26,12,14,5,25,6,6456,1656,0,36,9346.876169992,2026-02-22 17:03:03,1,tcp_connection_flood
17.7,57.4,57,28,26,12,14,5,25,6,7716,2064,0,45,9347.968993979,2026-02-22 17:03:04,1,tcp_connection_flood
18.4,57.5,47,28,26,12,4,5,25,6,363506,4035,0,71,9349.057415501,2026-02-22 17:03:06,1,tcp_connection_flood
19.8,57.4,47,28,26,12,4,5,25,6,976304,12532,0,153,9350.147323744,2026-02-22 17:03:07,1,tcp_connection_flood
14.6,57.4,47,28,26,12,4,5,25,6,7341,2063,0,43,9351.232074555,2026-02-22 17:03:08,1,tcp_connection_flood
15.2,57.4,47,28,26,12,4,5,25,6,7833,2401,0,49,9352.318897756,2026-02-22 17:03:09,1,tcp_connection_flood
16.5,57.4,47,28,26,12,4,5,25,6,8478,9515,0,55,9353.402598566,2026-02-22 17:03:10,1,tcp_connection_flood
17.5,57.5,47,28,26,12,4,5,25,6,906584,8718,0,143,9354.48763378,2026-02-22 17:03:11,1,tcp_connection_flood
17.5,57.5,48,28,25,12,4,5,25,7,1627554,12944,0,213,9355.574104721,2026-02-22 17:03:12,1,tcp_connection_flood
17.4,57.6,45,28,25,12,3,5,25,5,566264,8588,0,106,9356.661175517,2026-02-22 17:03:13,0,normal
14.3,57.5,45,28,25,12,3,5,25,5,0,0,0,0,9357.746624138,2026-02-22 17:03:14,0,normal
14.9,57.4,45,28,25,12,3,5,25,5,231,143,0,2,9358.832814952,2026-02-22 17:03:15,0,normal
15.4,57.4,45,28,25,12,3,5,25,5,1623575,10690,0,160,9359.915529009,2026-02-22 17:03:16,0,normal
15.7,57.4,45,27,25,12,3,5,25,5,1613336,11093,0,176,9361.000326147,2026-02-22 17:03:17,0,normal
13.1,57.4,45,28,25,12,3,5,25,5,838924,16060,2,104,9362.088847426,2026-02-22 17:03:19,0,normal
13.1,57.4,45,28,25,12,3,5,25,5,0,0,0,0,9363.173748168,2026-02-22 17:03:20,0,normal
14.1,57.5,45,28,25,12,3,5,25,5,344378,2332,0,37,9364.25741793,2026-02-22 17:03:21,0,normal
14.6,57.5,45,28,25,12,3,5,25,5,2003540,12228,0,194,9365.347475463,2026-02-22 17:03:22,0,normal
15.0,57.5,45,27,25,12,3,5,25,5,653436,6313,0,60,9366.433953306,2026-02-22 17:03:23,0,normal
14.0,57.4,45,27,25,12,3,5,25,5,251,524,0,4,9367.526816356,2026-02-22 17:03:24,0,normal
20.8,57.3,45,27,25,12,3,5,25,5,26235,7748,0,11,9368.616132437,2026-02-22 17:03:25,0,normal
23.1,57.3,45,28,25,12,3,5,25,5,1074768,10421,0,92,9369.711045826,2026-02-22 17:03:26,0,normal
20.6,56.9,45,28,25,12,3,5,25,5,7841,3418,0,9,9370.801299477,2026-02-22 17:03:27,0,normal
19.7,56.6,45,30,25,12,3,5,25,5,1138716,12987,0,126,9371.885819956,2026-02-22 17:03:28,0,normal
28.9,58.5,46,30,26,12,3,5,26,5,20851,7659,0,22,9372.975797208,2026-02-22 17:03:29,0,normal
13.4,58.4,46,30,26,12,3,5,26,5,443789,5210,0,34,9374.067060906,2026-02-22 17:03:31,0,normal
16.5,58.4,46,30,26,12,3,5,26,5,2208497,12294,0,148,9375.163189416,2026-02-22 17:03:32,0,normal
12.0,58.6,46,30,26,12,3,5,26,5,0,0,0,0,9376.248546605,2026-02-22 17:03:33,0,normal
14.5,58.3,45,30,26,12,2,5,26,5,0,0,0,0,9377.334938958,2026-02-22 17:03:34,0,normal
13.2,58.2,45,30,26,12,2,5,26,5,0,0,0,0,9378.421466184,2026-02-22 17:03:35,0,normal
16.4,58.0,45,30,26,12,2,5,26,5,2165676,8597,0,135,9379.508427204,2026-02-22 17:03:36,0,normal
10.0,57.7,45,30,26,12,2,5,26,5,8522,6546,0,17,9380.594035514,2026-02-22 17:03:37,0,normal
10.7,57.5,44,30,26,12,1,5,26,5,384,338,0,5,9381.680787903,2026-02-22 17:03:38,0,normal
9.4,57.4,44,30,26,12,1,5,26,5,0,0,0,0,9382.769397578,2026-02-22 17:03:39,0,normal
10.8,57.4,44,30,26,12,1,5,26,5,20177,7728,0,11,9383.851686367,2026-02-22 17:03:40,0,normal
25.9,57.8,43,30,25,12,1,5,25,5,2724455,13629,0,176,9384.936827831,2026-02-22 17:03:41,0,normal
15.6,57.8,42,30,25,12,0,5,24,4,204,104,0,2,9386.025055807,2026-02-22 17:03:43,0,normal
13.7,57.8,41,30,24,12,0,5,23,4,90,0,0,0,9387.110314056,2026-02-22 17:03:44,0,normal
14.3,57.6,41,30,24,12,0,5,23,4,102,113,0,1,9388.199896321,2026-02-22 17:03:45,0,normal
14.2,57.7,41,30,24,12,0,5,23,4,916602,3925,0,62,9389.282186289,2026-02-22 17:03:46,0,normal
14.9,57.7,41,30,24,12,0,5,23,4,1889089,10514,0,125,9390.367382912,2026-02-22 17:03:47,0,normal
11.8,57.7,41,30,24,12,0,5,23,4,0,0,0,0,9391.450694948,2026-02-22 17:03:48,0,normal
10.3,57.7,41,29,24,12,0,5,23,4,0,0,0,0,9392.534373281,2026-02-22 17:03:49,0,normal
11.5,57.7,41,29,24,12,0,5,23,4,275,173,0,2,9393.619617574,2026-02-22 17:03:50,0,normal
15.6,57.7,41,29,24,12,0,5,23,4,2246544,11189,0,133,9394.70552971,2026-02-22 17:03:51,0,normal
12.2,57.6,41,29,24,12,0,5,23,4,0,0,0,0,9395.79031437,2026-02-22 17:03:52,0,normal
14.4,57.7,41,30,24,12,0,5,23,4,9715,20409,0,31,9396.880118061,2026-02-22 17:03:53,0,normal
15.0,57.4,41,29,24,12,0,5,23,4,945,16595,0,15,9397.96507779,2026-02-22 17:03:54,0,normal
8.9,57.6,41,29,24,12,0,5,23,4,402988,9457,0,37,9399.055750412,2026-02-22 17:03:56,0,normal
21.9,57.6,41,28,24,12,0,5,23,4,1444398,8101,0,87,9400.157496249,2026-02-22 17:03:57,0,normal
11.5,57.7,41,28,24,12,0,5,23,4,78,28,0,1,9401.244677757,2026-02-22 17:03:58,0,normal
14.4,57.3,41,26,24,12,0,5,23,4,513,429,0,6,9402.331966397,2026-02-22 17:03:59,0,normal
12.6,57.3,41,26,24,12,0,5,23,4,369,219,0,3,9403.417483041,2026-02-22 17:04:00,0,normal
13.8,56.9,41,26,24,12,0,5,23,4,2723383,10446,0,163,9404.512837611,2026-02-22 17:04:01,0,normal
11.7,57.3,39,26,22,12,0,5,23,3,1065740,10785,0,86,9405.602403245,2026-02-22 17:04:02,0,normal
10.7,56.6,39,26,22,12,0,5,23,3,0,0,0,0,9406.685140502,2026-02-22 17:04:03,0,normal
11.8,56.4,39,26,22,12,0,5,23,3,243,143,0,2,9407.768162674,2026-02-22 17:04:04,0,normal
9.5,56.4,39,26,22,12,0,5,23,3,18641,402,0,6,9408.850685248,2026-02-22 17:04:05,0,normal
12.2,56.5,39,26,22,12,0,5,23,3,2998039,14258,0,185,9409.936567569,2026-02-22 17:04:06,0,normal
9.4,56.4,39,26,22,12,0,5,23,3,372,104,0,2,9411.020327525,2026-02-22 17:04:08,0,normal
9.0,56.4,38,26,21,12,0,5,22,3,783,512,0,8,9412.104894005,2026-02-22 17:04:09,0,normal
9.7,56.3,36,26,19,12,0,5,20,3,870,542,0,8,9413.187450884,2026-02-22 17:04:10,0,normal
11.2,56.2,36,26,19,12,0,5,20,3,284979,14820,0,59,9414.269863742,2026-02-22 17:04:11,0,normal
13.4,56.0,36,26,19,12,0,5,20,3,4111522,17850,0,275,9415.353971652,2026-02-22 17:04:12,0,normal
9.6,56.0,36,26,19,12,0,5,20,3,463710,8226,0,46,9416.436506188,2026-02-22 17:04:13,0,normal
9.9,56.1,36,26,19,12,0,5,20,3,0,0,0,0,9417.519825477,2026-02-22 17:04:14,0,normal
9.0,56.0,36,26,19,12,0,5,20,3,673,19387,0,16,9418.601909979,2026-02-22 17:04:15,0,normal
13.7,55.9,36,26,19,12,0,5,20,3,3253828,15797,0,250,9419.683927084,2026-02-22 17:04:16,0,normal
9.0,55.9,36,26,19,12,0,5,20,3,1193201,8030,0,87,9420.768525084,2026-02-22 17:04:17,0,normal
9.0,55.9,36,26,19,12,0,5,20,3,0,0,0,0,9421.850688584,2026-02-22 17:04:18,0,normal
9.0,55.9,36,26,19,12,0,5,20,3,0,0,0,0,9422.933151426,2026-02-22 17:04:19,0,normal
8.3,55.9,36,26,19,12,0,5,20,3,544097,2236,0,34,9424.019258398,2026-02-22 17:04:21,0,normal
12.0,55.9,36,26,19,12,0,5,20,3,3619722,17423,0,236,9425.103862819,2026-02-22 17:04:22,0,normal
9.0,55.9,35,26,18,12,0,5,19,3,536,220,0,4,9426.187308486,2026-02-22 17:04:23,0,normal
9.2,55.8,35,26,18,12,0,5,19,3,0,0,0,0,9427.269250601,2026-02-22 17:04:24,0,normal
8.7,55.8,35,26,18,12,0,5,19,3,173,173,0,2,9428.350510004,2026-02-22 17:04:25,0,normal
12.4,55.8,35,26,18,12,0,5,19,3,3212895,20052,0,206,9429.435659639,2026-02-22 17:04:26,0,normal
9.1,55.8,35,26,18,12,0,5,19,3,1011789,7042,0,71,9430.519646171,2026-02-22 17:04:27,0,normal
9.4,55.9,35,26,18,12,0,5,19,3,309,80,0,2,9431.614040879,2026-02-22 17:04:28,0,normal
10.4,55.9,35,26,18,12,0,5,19,3,0,0,0,0,9432.698706857,2026-02-22 17:04:29,0,normal
9.4,55.9,34,26,17,12,0,5,18,3,3819,416,0,7,9433.786097037,2026-02-22 17:04:30,0,normal
12.1,55.9,34,27,16,12,1,5,18,3,4024623,21696,0,259,9434.870837414,2026-02-22 17:04:31,0,normal
10.1,55.9,34,26,16,12,1,5,18,3,0,0,0,0,9435.957480412,2026-02-22 17:04:32,0,normal
10.8,56.0,34,26,16,12,1,5,18,3,0,0,0,0,9437.041499365,2026-02-22 17:04:34,0,normal
9.5,56.1,34,26,16,12,1,5,18,3,0,0,0,0,9438.125310397,2026-02-22 17:04:35,0,normal
12.3,55.9,34,26,16,12,1,5,18,3,1774547,8318,0,132,9439.210335508,2026-02-22 17:04:36,0,normal
10.2,56.0,34,26,16,12,1,5,18,3,2067494,12945,0,165,9440.296211667,2026-02-22 17:04:37,0,normal
9.8,55.9,34,26,16,12,1,5,18,3,0,0,0,0,9441.380063235,2026-02-22 17:04:38,0,normal
8.9,56.0,34,26,16,12,1,5,18,3,0,0,0,0,9442.464044397,2026-02-22 17:04:39,0,normal
9.6,55.9,34,26,16,12,1,5,18,3,0,0,0,0,9443.5475304,2026-02-22 17:04:40,0,normal
12.4,55.9,34,26,16,12,1,5,18,3,3209621,20337,0,211,9444.631182594,2026-02-22 17:04:41,0,normal
9.6,56.1,34,26,16,12,1,5,18,3,795978,5952,0,54,9445.717128333,2026-02-22 17:04:42,0,normal
9.0,56.0,34,26,16,12,1,5,18,3,0,0,0,0,9446.802633556,2026-02-22 17:04:43,0,normal
10.3,56.0,34,26,16,12,1,5,18,3,0,0,0,0,9447.886981867,2026-02-22 17:04:44,0,normal
14.7,55.9,34,25,16,12,1,5,18,3,18553,269,0,4,9448.976225146,2026-02-22 17:04:45,0,normal
18.3,56.1,34,27,14,12,3,5,18,3,4391129,28761,2,300,9450.062163983,2026-02-22 17:04:47,0,normal
17.9,55.9,34,26,14,12,3,5,18,3,173,173,0,2,9451.146926641,2026-02-22 17:04:48,0,normal
12.7,56.0,34,26,14,12,3,5,18,3,0,0,0,0,9452.230677391,2026-02-22 17:04:49,0,normal
14.2,56.0,34,26,14,12,3,5,18,3,94810,1448,0,11,9453.315947362,2026-02-22 17:04:50,0,normal
18.1,56.1,34,26,14,12,3,5,18,3,2621995,13281,0,158,9454.399371588,2026-02-22 17:04:51,0,normal
12.4,56.1,34,26,12,12,5,5,18,3,1158832,10656,0,81,9455.481973401,2026-02-22 17:04:52,0,normal
8.8,56.1,33,26,11,12,5,5,17,3,841,482,0,8,9456.565821673,2026-02-22 17:04:53,0,normal
8.5,56.0,33,26,10,12,6,5,17,3,394,271,0,4,9457.649346839,2026-02-22 17:04:54,0,normal
13.7,56.0,33,26,10,12,6,5,17,3,0,0,0,0,9458.733222403,2026-02-22 17:04:55,0,normal
19.6,56.0,33,27,10,12,6,5,17,3,4379481,29848,0,274,9459.81843171,2026-02-22 17:04:56,0,normal
14.7,56.0,33,26,10,12,6,5,17,3,8162,950,0,9,9460.9029023,2026-02-22 17:04:57,0,normal
14.1,56.1,33,26,10,12,6,5,17,3,0,0,0,0,9461.984850416,2026-02-22 17:04:58,0,normal
14.2,56.1,33,27,10,12,6,5,17,3,8765,19788,0,23,9463.06886966,2026-02-22 17:05:00,0,normal
8.9,56.2,32,27,9,12,6,5,16,3,1078205,4246,0,68,9464.15407546,2026-02-22 17:05:01,0,normal
11.2,55.9,32,27,9,12,6,5,16,3,1970672,16490,0,125,9465.24228518,2026-02-22 17:05:02,0,normal
7.3,55.9,32,27,9,12,6,5,16,3,8294,6180,0,13,9466.328376383,2026-02-22 17:05:03,0,normal
8.2,55.9,32,27,9,12,6,5,16,3,0,0,0,0,9467.413281758,2026-02-22 17:05:04,0,normal
8.2,55.9,32,27,9,12,6,5,16,3,126,132,0,2,9468.499727425,2026-02-22 17:05:05,0,normal
13.1,56.0,32,27,9,12,6,5,16,3,3377294,21805,0,209,9469.581642849,2026-02-22 17:05:06,0,normal
9.9,55.7,32,27,9,12,6,5,16,3,147076,637,0,10,9470.666843861,2026-02-22 17:05:07,0,normal
10.0,55.7,32,27,9,12,6,5,16,3,332,2915,0,5,9471.75450516,2026-02-22 17:05:08,0,normal
7.5,55.7,32,27,9,12,6,5,16,3,173,52,0,1,9472.83674853,2026-02-22 17:05:09,0,normal
7.0,55.4,32,27,9,12,6,5,16,3,18605,246,0,5,9473.920193766,2026-02-22 17:05:10,1,port_scan_simulation
12.4,55.5,32,27,9,12,6,5,16,3,3865912,31366,0,252,9475.004742974,2026-02-22 17:05:11,1,port_scan_simulation
5.1,55.5,32,27,9,12,6,5,16,3,1149,3114,0,12,9476.088591666,2026-02-22 17:05:13,1,port_scan_simulation
4.3,55.5,32,27,9,12,6,5,16,3,816,320,0,8,9477.174505045,2026-02-22 17:05:14,1,port_scan_simulation
4.1,55.5,32,27,9,12,6,5,16,3,894,348,0,9,9478.258190191,2026-02-22 17:05:15,1,port_scan_simulation
9.4,55.4,32,27,9,12,6,5,16,3,1488586,5936,0,96,9479.340669975,2026-02-22 17:05:16,1,port_scan_simulation
5.1,55.5,32,27,9,12,6,5,16,3,2812437,20231,0,186,9480.424097568,2026-02-22 17:05:17,1,port_scan_simulation
4.6,55.6,32,27,9,12,6,5,16,3,2762,20579,0,27,9481.507094163,2026-02-22 17:05:18,1,port_scan_simulation
3.5,55.6,32,27,9,12,6,5,16,3,1785,431,0,9,9482.592393258,2026-02-22 17:05:19,1,port_scan_simulation
10.7,55.6,34,26,11,12,6,5,17,3,7573,14194,4,54,9483.676663302,2026-02-22 17:05:20,1,port_scan_simulation
10.9,55.6,34,27,11,12,6,5,17,3,3752367,20995,0,264,9484.760117715,2026-02-22 17:05:21,1,port_scan_simulation
21.9,56.4,36,27,13,12,6,5,19,3,54646,14914,4,65,9485.854091623,2026-02-22 17:05:22,1,port_scan_simulation
38.9,57.2,37,27,14,12,6,5,20,3,56304,8779,2,50,9486.955612427,2026-02-22 17:05:23,1,port_scan_simulation
14.6,57.3,37,27,14,12,6,5,20,3,54308,2844,0,24,9488.042365682,2026-02-22 17:05:25,1,port_scan_simulation
13.0,57.4,38,27,15,12,6,5,21,3,1390279,11999,0,120,9489.128881632,2026-02-22 17:05:26,1,port_scan_simulation
20.0,57.3,38,27,15,12,6,5,21,3,1571604,13651,0,108,9490.215223986,2026-02-22 17:05:27,1,port_scan_simulation
16.4,57.4,38,28,15,12,6,5,21,3,26521,10383,0,37,9491.303534373,2026-02-22 17:05:28,1,port_scan_simulation
8.9,57.4,38,27,15,12,6,5,21,3,7165,661,0,13,9492.389576454,2026-02-22 17:05:29,1,port_scan_simulation
16.3,57.3,38,27,15,12,6,5,21,3,7443,4058,0,16,9493.475238801,2026-02-22 17:05:30,1,port_scan_simulation
11.2,57.4,38,27,15,12,6,5,21,3,819952,4055,0,57,9494.559165131,2026-02-22 17:05:31,1,port_scan_simulation
26.4,57.6,38,28,16,12,5,5,21,3,133956,14410,0,75,9495.645535557,2026-02-22 17:05:32,1,port_scan_simulation
21.6,56.6,38,27,16,12,5,5,21,3,62745,19589,0,51,9496.733196466,2026-02-22 17:05:33,1,port_scan_simulation
13.0,56.6,38,27,16,12,5,5,21,3,816,360,0,8,9497.817409623,2026-02-22 17:05:34,1,port_scan_simulation
10.0,56.6,38,27,16,12,5,5,21,3,20207,9669,0,18,9498.902680115,2026-02-22 17:05:35,1,port_scan_simulation
15.6,56.5,38,27,16,12,5,5,21,3,1124331,61991,0,129,9499.987283635,2026-02-22 17:05:36,1,port_scan_simulation
21.5,56.5,38,27,16,12,5,5,21,3,15886,16541,0,26,9501.078460834,2026-02-22 17:05:38,1,port_scan_simulation
36.4,56.5,38,27,16,12,5,5,21,3,9017,6650,0,22,9502.171290735,2026-02-22 17:05:39,1,port_scan_simulation
9.5,56.6,38,27,16,12,5,5,21,3,2048,16709,0,22,9503.254496601,2026-02-22 17:05:40,1,port_scan_simulation
16.4,56.4,38,27,16,12,5,5,21,3,1314726,5556,0,91,9504.341205753,2026-02-22 17:05:41,1,port_scan_simulation
11.2,56.3,38,27,16,12,5,5,21,3,2641,7863,0,16,9505.427378549,2026-02-22 17:05:42,1,port_scan_simulation
11.5,56.5,38,27,16,12,5,5,21,3,1048,3074,0,11,9506.511862975,2026-02-22 17:05:43,1,port_scan_simulation
9.2,56.5,38,27,16,12,5,5,21,3,2300,16737,0,23,9507.598762014,2026-02-22 17:05:44,1,port_scan_simulation
16.5,56.5,39,27,17,12,5,5,22,3,14977,45433,5,70,9508.684765201,2026-02-22 17:05:45,1,port_scan_simulation
17.4,56.5,39,27,17,12,5,5,22,3,2343404,8752,0,141,9509.76760992,2026-02-22 17:05:46,1,port_scan_simulation
9.8,56.5,39,27,17,12,5,5,22,3,2564,3484,0,17,9510.851944575,2026-02-22 17:05:47,1,port_scan_simulation
10.8,56.5,39,27,17,12,5,5,22,3,3000,10560,0,21,9511.936528448,2026-02-22 17:05:48,1,port_scan_simulation
14.3,56.4,37,27,17,12,3,5,20,3,4056,781,0,15,9513.021047089,2026-02-22 17:05:50,1,port_scan_simulation
17.7,56.4,37,27,17,12,3,5,20,3,701343,3722,0,60,9514.104194656,2026-02-22 17:05:51,1,port_scan_simulation
12.4,56.4,37,27,17,12,3,5,20,3,1756623,11482,0,118,9515.190564121,2026-02-22 17:05:52,1,port_scan_simulation
14.3,56.4,35,27,17,12,1,5,19,3,86309,20407,0,38,9516.282189341,2026-02-22 17:05:53,1,port_scan_simulation
9.4,56.4,35,27,17,12,1,5,19,3,2106,636,0,13,9517.365716931,2026-02-22 17:05:54,1,port_scan_simulation
20.4,56.2,35,27,17,12,1,5,19,3,15437,38147,0,48,9518.450012624,2026-02-22 17:05:55,1,port_scan_simulation
21.5,56.4,35,27,17,12,1,5,19,3,346553,6313,0,76,9519.536988336,2026-02-22 17:05:56,1,port_scan_simulation
17.9,56.6,34,27,17,12,0,5,18,3,517588,18170,0,131,9520.624902661,2026-02-22 17:05:57,1,port_scan_simulation
17.7,56.6,35,27,17,12,0,5,19,3,10856,6437,0,31,9521.713234399,2026-02-22 17:05:58,1,port_scan_simulation
13.1,56.7,34,27,17,12,0,5,18,3,2568,690,0,13,9522.800947075,2026-02-22 17:05:59,1,port_scan_simulation
13.6,56.8,34,27,17,12,0,5,18,3,22114,9063,0,23,9523.885161124,2026-02-22 17:06:00,1,port_scan_simulation
11.0,56.7,34,27,17,12,0,5,18,3,608363,8346,0,131,9524.969937337,2026-02-22 17:06:01,1,port_scan_simulation
7.9,56.7,33,27,16,12,0,5,17,3,545994,23389,0,146,9526.055859623,2026-02-22 17:06:03,1,port_scan_simulation
11.1,56.7,33,27,16,12,0,5,17,3,552995,7598,0,121,9527.146102518,2026-02-22 17:06:04,1,port_scan_simulation
9.3,56.5,33,27,16,12,0,5,17,3,564885,8137,0,127,9528.231246662,2026-02-22 17:06:05,1,port_scan_simulation
8.8,56.4,34,27,17,12,0,5,18,3,562546,30947,0,148,9529.317241604,2026-02-22 17:06:06,1,port_scan_simulation
25.4,57.4,34,27,17,12,0,5,18,3,883840,19396,0,225,9530.405717302,2026-02-22 17:06:07,1,port_scan_simulation
18.8,56.5,34,27,17,12,0,5,18,3,1457384,29786,0,209,9531.494164927,2026-02-22 17:06:08,1,port_scan_simulation
5.9,56.6,34,27,17,12,0,5,18,3,1884268,28460,0,168,9532.578739984,2026-02-22 17:06:09,1,port_scan_simulation
6.5,56.3,34,27,17,12,0,5,18,3,1703,3723,0,13,9533.661736397,2026-02-22 17:06:10,1,port_scan_simulation
11.0,56.1,34,27,17,12,0,5,18,3,2587450,10723,0,173,9534.743877776,2026-02-22 17:06:11,1,port_scan_simulation
9.1,55.7,34,28,17,12,0,5,18,3,1476945,19841,0,121,9535.826394449,2026-02-22 17:06:12,1,port_scan_simulation
4.2,55.9,34,27,17,12,0,5,18,3,714,280,0,7,9536.911379655,2026-02-22 17:06:13,1,port_scan_simulation
8.2,55.8,34,27,17,12,0,5,18,3,816,360,0,8,9537.995894709,2026-02-22 17:06:14,1,port_scan_simulation
4.3,56.0,34,27,17,12,0,5,18,3,397227,2024,0,34,9539.079280003,2026-02-22 17:06:16,1,port_scan_simulation
5.6,55.9,33,27,16,12,0,5,18,3,3259293,13856,0,223,9540.171663936,2026-02-22 17:06:17,1,port_scan_simulation
7.8,55.7,33,27,16,12,0,5,18,3,9096,6536,0,22,9541.254293691,2026-02-22 17:06:18,1,port_scan_simulation
3.8,55.7,33,27,16,12,0,5,18,3,2337,10267,2,21,9542.337667103,2026-02-22 17:06:19,1,port_scan_simulation
5.3,55.6,33,27,15,12,1,5,18,3,1891,4098,0,19,9543.419268337,2026-02-22 17:06:20,1,port_scan_simulation
11.1,55.6,33,27,15,12,1,5,18,3,3493535,35108,0,245,9544.505138044,2026-02-22 17:06:21,1,port_scan_simulation
10.0,55.6,33,27,15,12,1,5,18,3,1499737,14366,0,93,9545.590676278,2026-02-22 17:06:22,0,normal
10.5,55.7,33,26,15,12,1,5,18,3,8196,6203,0,14,9546.675052421,2026-02-22 17:06:23,0,normal
4.1,55.7,33,26,15,12,1,5,18,3,231,143,0,2,9547.768256244,2026-02-22 17:06:24,0,normal
4.4,55.7,33,26,15,12,1,5,18,3,18514,258,0,4,9548.851093388,2026-02-22 17:06:25,0,normal
7.9,55.7,33,26,15,12,1,5,18,3,4983844,19875,0,306,9549.934118565,2026-02-22 17:06:26,0,normal
3.3,55.7,33,26,15,12,1,5,18,3,3520,19526,0,21,9551.017301639,2026-02-22 17:06:28,0,normal
2.4,55.6,33,26,15,12,1,5,18,3,0,0,0,0,9552.100310505,2026-02-22 17:06:29,0,normal
3.6,55.6,33,26,15,12,1,5,18,3,0,0,0,0,9553.181272731,2026-02-22 17:06:30,0,normal
8.3,55.6,33,26,15,12,1,5,18,3,1776263,6525,0,103,9554.263398971,2026-02-22 17:06:31,0,normal
4.9,55.6,33,26,15,12,1,5,18,3,1636174,15296,0,106,9555.348143906,2026-02-22 17:06:32,0,normal
7.7,55.7,33,26,15,12,1,5,18,3,3309,44129,0,40,9556.429807918,2026-02-22 17:06:33,0,normal
18.4,56.3,33,26,15,12,1,5,18,3,64378,16186,0,23,9557.519612721,2026-02-22 17:06:34,0,normal
19.1,56.0,33,26,15,12,1,5,18,3,284,194,0,2,9558.605818489,2026-02-22 17:06:35,0,normal
13.9,56.2,33,26,15,12,1,5,18,3,4118607,14153,0,223,9559.692366609,2026-02-22 17:06:36,0,normal
15.3,56.2,32,26,14,12,1,5,17,3,4349,20320,0,28,9560.776260717,2026-02-22 17:06:37,0,normal
13.8,56.2,32,27,14,12,1,5,17,3,4798,4337,0,11,9561.86253877,2026-02-22 17:06:38,0,normal
14.7,56.2,32,27,14,12,1,5,17,3,38406,17741,0,25,9562.95102063,2026-02-22 17:06:39,0,normal
10.2,56.2,32,27,14,12,1,5,17,3,189744,1241,0,19,9564.036326268,2026-02-22 17:06:41,0,normal
17.3,56.3,32,27,14,12,1,5,17,3,1271656,11598,0,167,9565.12602406,2026-02-22 17:06:42,0,normal
10.6,56.3,32,27,14,12,1,5,17,3,1218339,18998,0,185,9566.210408589,2026-02-22 17:06:43,0,normal
15.5,56.2,32,27,14,12,1,5,17,3,1214857,32175,0,247,9567.298418102,2026-02-22 17:06:44,0,normal
18.7,56.2,32,27,14,12,1,5,17,3,540569,25347,0,110,9568.388788787,2026-02-22 17:06:45,0,normal
12.9,56.5,32,27,14,12,1,5,17,3,614849,5274,0,83,9569.481216733,2026-02-22 17:06:46,0,normal
12.9,56.7,32,27,14,12,1,5,17,3,1308503,10764,0,165,9570.565402919,2026-02-22 17:06:47,0,normal
11.1,56.7,32,27,14,12,1,5,17,3,1200638,10548,0,162,9571.648189989,2026-02-22 17:06:48,0,normal
11.8,56.7,32,27,14,12,1,5,17,3,696035,8566,0,95,9572.72987972,2026-02-22 17:06:49,0,normal
9.8,56.7,32,27,14,12,1,5,17,3,25555,23055,0,31,9573.815156694,2026-02-22 17:06:50,0,normal
9.2,56.8,32,27,14,12,1,5,17,3,1375349,24302,0,132,9574.902540893,2026-02-22 17:06:51,0,normal
15.3,56.6,32,27,14,12,1,5,17,3,2409977,13204,0,169,9575.991474953,2026-02-22 17:06:52,0,normal
8.2,56.6,32,27,14,12,1,5,17,3,1215,8947,0,8,9577.077492105,2026-02-22 17:06:54,0,normal
9.3,56.5,32,27,14,12,1,5,17,3,0,0,0,0,9578.162373697,2026-02-22 17:06:55,0,normal
12.5,56.5,32,27,14,12,1,5,17,3,527512,2353,0,35,9579.243654461,2026-02-22 17:06:56,0,normal
12.5,56.8,32,28,14,12,1,5,17,4,3759225,34365,0,281,9580.329169231,2026-02-22 17:06:57,0,normal
14.4,56.6,32,27,14,12,1,5,17,3,202138,20782,0,39,9581.413631065,2026-02-22 17:06:58,0,normal
11.5,56.7,33,27,15,12,1,5,18,3,12121,11854,0,47,9582.502459054,2026-02-22 17:06:59,0,normal
22.9,57.6,33,27,15,12,1,5,18,3,90253,11314,0,67,9583.58604289,2026-02-22 17:07:00,0,normal
18.6,57.8,33,27,15,12,1,5,18,3,3816092,18749,0,239,9584.674826356,2026-02-22 17:07:01,0,normal
17.2,57.9,33,27,15,12,1,5,18,3,71643,7622,0,40,9585.764513307,2026-02-22 17:07:02,0,normal
10.8,58.1,33,27,15,12,1,5,18,3,71638,3246,0,25,9586.856878505,2026-02-22 17:07:03,0,normal
5.1,58.1,33,27,15,12,1,5,18,3,0,0,0,0,9587.939762086,2026-02-22 17:07:04,0,normal
5.0,58.1,33,27,15,12,1,5,18,3,302338,1573,0,24,9589.023929716,2026-02-22 17:07:06,0,normal
10.3,58.1,33,27,15,12,1,5,18,3,2237830,9190,0,136,9590.111429121,2026-02-22 17:07:07,0,normal
14.5,58.2,33,27,15,12,1,5,18,3,79921,20260,0,50,9591.198689027,2026-02-22 17:07:08,0,normal
20.7,58.4,33,26,15,12,1,5,18,3,128827,15513,2,80,9592.288972459,2026-02-22 17:07:09,0,normal
25.1,59.1,33,26,15,12,1,5,18,3,185407,11736,0,102,9593.38181316,2026-02-22 17:07:10,0,normal
26.6,59.7,33,26,15,12,1,5,18,3,2988845,19638,0,240,9594.473690743,2026-02-22 17:07:11,0,normal
16.5,59.7,33,26,15,12,1,5,18,3,1264349,14235,0,99,9595.565567946,2026-02-22 17:07:12,0,normal
14.2,59.0,33,26,15,12,1,5,18,3,75308,25460,0,63,9596.648286057,2026-02-22 17:07:13,0,normal
22.4,58.8,33,26,15,12,1,5,18,3,18306,21577,0,35,9597.732727272,2026-02-22 17:07:14,0,normal
17.5,59.0,33,26,15,12,1,5,18,3,65260,3166,0,28,9598.826354961,2026-02-22 17:07:15,0,normal
15.8,58.9,33,26,15,12,1,5,18,3,1194452,10454,0,142,9599.919007518,2026-02-22 17:07:16,0,normal
14.6,58.8,33,26,15,12,1,5,18,3,1213603,10567,0,149,9601.002059826,2026-02-22 17:07:17,0,normal
12.5,58.8,33,26,15,12,1,5,18,3,1216338,9669,0,145,9602.088349651,2026-02-22 17:07:19,0,normal
11.2,58.8,33,26,15,12,1,5,18,3,373115,23191,0,69,9603.17488657,2026-02-22 17:07:20,0,normal
11.2,58.7,33,26,15,12,1,5,18,3,398055,20295,0,57,9604.270425856,2026-02-22 17:07:21,0,normal
9.8,58.5,33,26,15,12,1,5,18,3,1226783,9748,0,151,9605.355747655,2026-02-22 17:07:22,0,normal
5.1,58.4,32,26,15,12,0,5,17,3,1254619,9854,0,152,9606.438863262,2026-02-22 17:07:23,0,normal
5.3,58.4,32,26,15,12,0,5,17,3,1304790,10099,0,159,9607.523548555,2026-02-22 17:07:24,0,normal
9.7,58.2,32,26,15,12,0,5,17,3,37486,3354,0,12,9608.60876227,2026-02-22 17:07:25,0,normal
7.9,58.4,32,26,15,12,0,5,17,3,1396263,16861,0,130,9609.692429501,2026-02-22 17:07:26,0,normal
9.4,58.4,32,26,15,12,0,5,17,3,1931997,12515,0,157,9610.780639561,2026-02-22 17:07:27,0,normal
3.9,58.4,32,26,15,12,0,5,17,3,1545,7595,0,9,9611.866978256,2026-02-22 17:07:28,0,normal
5.4,58.5,32,26,15,12,0,5,17,3,1547,340,0,4,9612.950283569,2026-02-22 17:07:29,0,normal
6.5,58.6,32,26,15,12,0,5,17,3,680968,22946,0,67,9614.03430714,2026-02-22 17:07:31,0,normal
14.1,58.4,32,26,15,12,0,5,17,3,3001440,21012,0,195,9615.1223469,2026-02-22 17:07:32,0,normal
10.8,58.3,32,26,15,12,0,5,17,3,1974,3330,0,10,9616.203892569,2026-02-22 17:07:33,0,normal
9.1,58.3,32,26,15,12,0,5,17,3,0,16619,0,15,9617.286847225,2026-02-22 17:07:34,0,normal
8.9,58.2,32,26,15,12,0,5,17,3,4345,196,0,3,9618.373246234,2026-02-22 17:07:35,0,normal
6.3,58.3,32,26,15,12,0,5,17,3,2957882,10934,0,172,9619.459111592,2026-02-22 17:07:36,0,normal
3.9,58.4,32,26,15,12,0,5,17,3,933409,12425,0,58,9620.547280634,2026-02-22 17:07:37,0,normal
6.1,58.3,32,26,15,12,0,5,17,3,13718,3858,0,18,9621.631710597,2026-02-22 17:07:38,0,normal
10.9,58.2,32,26,15,12,0,5,17,3,0,0,0,0,9622.716721412,2026-02-22 17:07:39,0,normal
11.1,58.2,32,26,15,12,0,5,17,3,5241,33710,0,33,9623.802566332,2026-02-22 17:07:40,0,normal
24.0,58.3,32,26,15,12,0,5,17,3,3747083,86677,0,278,9624.890084323,2026-02-22 17:07:41,0,normal
27.4,58.7,32,26,15,12,0,5,17,3,3377,2896,0,6,9625.979448829,2026-02-22 17:07:42,0,normal
27.7,58.8,32,26,15,12,0,5,17,3,1904,7788,0,11,9627.07718514,2026-02-22 17:07:44,0,normal
16.2,58.9,32,27,15,12,0,5,17,3,37065,20661,0,21,9628.167156105,2026-02-22 17:07:45,0,normal
15.9,58.8,32,27,15,12,0,5,17,3,1978779,7505,0,117,9629.249473463,2026-02-22 17:07:46,0,normal
10.2,58.8,31,27,14,12,0,5,16,3,2253975,8755,0,140,9630.33392059,2026-02-22 17:07:47,0,normal
18.4,58.8,31,27,14,12,0,5,16,3,6371,27773,0,34,9631.419662807,2026-02-22 17:07:48,0,normal
16.2,58.7,31,27,14,12,0,5,16,3,5767,16891,0,20,9632.503522672,2026-02-22 17:07:49,0,normal
14.4,58.7,31,27,14,12,0,5,16,3,1482,360,0,5,9633.594690753,2026-02-22 17:07:50,0,normal
12.6,58.7,30,27,13,12,0,5,15,3,1293635,7199,0,114,9634.682492967,2026-02-22 17:07:51,0,normal
15.1,58.7,30,27,13,12,0,5,15,3,1528,3083,0,8,9635.767427188,2026-02-22 17:07:52,0,normal
14.4,58.6,31,27,14,12,0,5,16,3,76081,14091,4,45,9636.851686602,2026-02-22 17:07:53,0,normal
10.4,58.7,31,27,14,12,0,5,16,3,4606,507,0,7,9637.934272425,2026-02-22 17:07:54,0,normal
9.8,58.7,32,27,15,12,0,5,16,3,614331,19308,4,86,9639.018130145,2026-02-22 17:07:56,0,normal
14.3,58.8,32,27,15,12,0,5,16,3,152664,19298,0,39,9640.102423393,2026-02-22 17:07:57,0,normal
10.7,58.9,32,27,15,12,0,5,16,3,2748,3371,0,12,9641.185621795,2026-02-22 17:07:58,0,normal
10.3,58.9,32,27,15,12,0,5,16,3,3749,8094,0,16,9642.267537941,2026-02-22 17:07:59,0,normal
10.8,58.9,32,27,15,12,0,5,16,3,4357,8161,0,25,9643.349633604,2026-02-22 17:08:00,0,normal
11.6,59.1,32,27,15,12,0,5,16,3,247876,4577,0,58,9644.433162337,2026-02-22 17:08:01,0,normal
10.6,59.1,32,27,15,12,0,5,16,3,276468,6165,0,89,9645.515998299,2026-02-22 17:08:02,0,normal
10.1,59.1,32,27,15,12,0,5,16,3,278659,6545,0,92,9646.599977938,2026-02-22 17:08:03,0,normal
9.5,59.1,32,27,15,12,0,5,16,3,16633,3336,0,12,9647.691611624,2026-02-22 17:08:04,0,normal
10.0,59.1,32,27,15,12,0,5,16,3,3908,575,0,8,9648.773837751,2026-02-22 17:08:05,0,normal
12.0,59.1,32,27,15,12,0,5,16,3,348684,5582,0,83,9649.857413773,2026-02-22 17:08:06,0,normal
11.0,59.2,32,27,15,12,0,5,16,3,278178,6172,0,91,9650.939218099,2026-02-22 17:08:07,0,normal
10.9,59.3,32,27,15,12,0,5,16,3,275356,5967,0,88,9652.024713212,2026-02-22 17:08:09,0,normal
13.8,59.3,33,27,16,12,0,5,16,4,8157302,17272,0,342,9653.108138331,2026-02-22 17:08:10,1,bulk_download
24.4,59.3,33,27,16,12,0,5,16,4,19014613,34907,0,768,9654.194628522,2026-02-22 17:08:11,1,bulk_download
23.0,59.3,33,27,16,12,0,5,16,4,22583194,39624,0,944,9655.284054023,2026-02-22 17:08:12,1,bulk_download
24.0,59.3,33,27,16,12,0,5,16,4,26687488,42940,0,1002,9656.377083939,2026-02-22 17:08:13,1,bulk_download
26.1,59.3,33,26,16,12,0,5,16,4,25325214,66860,0,1002,9657.471057417,2026-02-22 17:08:14,1,bulk_download
24.3,59.3,33,26,16,12,0,5,16,4,27093082,46740,0,1075,9658.566991595,2026-02-22 17:08:15,1,bulk_download
26.9,59.2,33,26,16,12,0,5,16,4,27684695,51514,0,1137,9659.656698644,2026-02-22 17:08:16,1,bulk_download
30.2,59.3,33,26,16,12,0,5,16,4,26074339,73347,0,1144,9660.745114921,2026-02-22 17:08:17,1,bulk_download
30.7,59.3,33,26,16,12,0,5,16,4,24584664,41656,0,960,9661.836557388,2026-02-22 17:08:18,1,bulk_download
25.6,59.2,33,26,16,12,0,5,16,4,24795933,40841,0,918,9662.928253841,2026-02-22 17:08:19,1,bulk_download
32.0,59.1,33,26,16,12,0,5,16,4,27708100,38645,0,957,9664.034224728,2026-02-22 17:08:21,1,bulk_download
32.7,59.0,33,26,16,12,0,5,16,4,28389108,52217,0,1190,9665.131730416,2026-02-22 17:08:22,1,bulk_download
34.5,59.0,33,26,16,12,0,5,16,4,31475128,74889,0,1287,9666.221915573,2026-02-22 17:08:23,1,bulk_download
29.6,58.9,33,26,16,12,0,5,16,4,31636453,49072,0,1024,9667.310996677,2026-02-22 17:08:24,1,bulk_download
26.1,59.0,33,26,16,12,0,5,16,4,30094592,41048,0,1023,9668.397325916,2026-02-22 17:08:25,1,bulk_download
30.0,59.1,33,26,16,12,0,5,16,4,30106418,52419,0,1233,9669.489823714,2026-02-22 17:08:26,1,bulk_download
31.9,58.8,33,26,16,12,0,5,16,4,31917644,55621,0,1127,9670.579673942,2026-02-22 17:08:27,1,bulk_download
18.8,58.9,33,26,16,12,0,5,16,4,30158022,49818,0,996,9671.669237733,2026-02-22 17:08:28,1,bulk_download
18.0,58.8,33,26,16,12,0,5,16,4,28301005,37299,0,930,9672.753086586,2026-02-22 17:08:29,1,bulk_download
19.2,59.0,33,26,16,12,0,5,16,4,30416310,38720,0,968,9673.843598977,2026-02-22 17:08:30,1,bulk_download
31.5,58.8,33,26,16,12,0,5,16,4,30189644,67153,0,1262,9674.940043272,2026-02-22 17:08:31,1,bulk_download
20.3,58.3,33,26,16,12,0,5,16,4,30154855,44570,0,1082,9676.029541159,2026-02-22 17:08:33,1,bulk_download
21.6,57.9,33,26,16,12,0,5,16,4,29726425,43595,0,1024,9677.113253797,2026-02-22 17:08:34,1,bulk_download
21.7,57.9,33,26,16,12,0,5,16,4,25849148,36200,0,905,9678.198362325,2026-02-22 17:08:35,1,bulk_download
18.8,58.0,33,26,16,12,0,5,16,4,28696322,54249,0,1103,9679.28919139,2026-02-22 17:08:36,1,bulk_download
22.3,58.0,33,26,16,12,0,5,16,4,30307172,42731,0,1067,9680.376842962,2026-02-22 17:08:37,1,bulk_download
19.8,58.0,33,26,16,12,0,5,16,4,27763471,41968,0,983,9681.460707074,2026-02-22 17:08:38,1,bulk_download
19.7,58.0,33,26,16,12,0,5,16,4,31377350,41400,0,1035,9682.548362312,2026-02-22 17:08:39,1,bulk_download
13.2,57.8,33,26,16,12,0,5,16,4,28773096,40200,0,1005,9683.633756636,2026-02-22 17:08:40,1,bulk_download
28.5,57.7,33,26,16,12,0,5,16,4,29213819,46998,0,1128,9684.727097546,2026-02-22 17:08:41,1,bulk_download
22.0,57.4,33,26,16,12,0,5,16,4,30452051,48145,0,1114,9685.815680225,2026-02-22 17:08:42,1,bulk_download
20.4,57.5,33,26,16,12,0,5,16,4,30174934,50197,0,1076,9686.901352702,2026-02-22 17:08:43,1,bulk_download
19.0,57.4,33,26,16,12,0,5,16,4,29738501,45583,0,1138,9687.983893119,2026-02-22 17:08:44,1,bulk_download
21.6,57.5,33,26,16,12,0,5,16,4,34283579,62834,0,1161,9689.083016122,2026-02-22 17:08:46,1,bulk_download
20.5,57.4,33,26,16,12,0,5,16,4,27821279,45036,0,1065,9690.172202394,2026-02-22 17:08:47,1,bulk_download
18.3,57.4,33,26,16,12,0,5,16,4,27240068,49928,0,1182,9691.26220537,2026-02-22 17:08:48,1,bulk_download
19.1,57.4,33,26,16,12,0,5,16,4,31362256,47478,0,1125,9692.353483197,2026-02-22 17:08:49,1,bulk_download
21.2,57.4,33,26,16,12,0,5,16,4,27212631,45771,0,1085,9693.440374181,2026-02-22 17:08:50,1,bulk_download
22.0,57.4,33,26,16,12,0,5,16,4,28221544,57255,0,1070,9694.525427916,2026-02-22 17:08:51,1,bulk_download
23.3,57.4,33,26,16,12,0,5,16,4,29304363,53916,0,1077,9695.609553819,2026-02-22 17:08:52,0,normal
14.0,57.5,32,26,15,12,0,5,16,3,5297422,16859,0,335,9696.694148833,2026-02-22 17:08:53,0,normal
6.0,57.6,32,26,15,12,0,5,16,3,1583874,13096,0,168,9697.777367884,2026-02-22 17:08:54,0,normal
7.2,57.7,32,26,15,12,0,5,16,3,2639199,12753,0,202,9698.864880234,2026-02-22 17:08:55,0,normal
8.3,57.7,32,26,15,12,0,5,16,3,2775319,15523,0,206,9699.947400052,2026-02-22 17:08:56,0,normal
4.3,57.7,32,26,15,12,0,5,16,3,962572,26177,0,85,9701.029059735,2026-02-22 17:08:58,0,normal
3.8,57.7,32,26,15,12,0,5,16,3,1183,7756,0,11,9702.111923068,2026-02-22 17:08:59,0,normal
8.4,57.7,32,26,15,12,0,5,16,3,1710,143,0,2,9703.195425813,2026-02-22 17:09:00,0,normal
10.5,57.8,31,26,14,12,0,5,16,3,1555549,6733,0,107,9704.279146094,2026-02-22 17:09:01,0,normal
4.9,57.9,31,26,14,12,0,5,16,3,2708456,25988,0,186,9705.360368506,2026-02-22 17:09:02,0,normal
13.6,57.9,31,26,14,12,0,5,16,3,58874,44609,0,45,9706.445678081,2026-02-22 17:09:03,0,normal
11.9,57.8,31,26,14,12,0,5,16,3,5746,216,0,3,9707.527827305,2026-02-22 17:09:04,0,normal
13.6,57.7,31,26,14,12,0,5,16,3,228,80,0,1,9708.615180626,2026-02-22 17:09:05,0,normal
18.2,57.9,31,26,14,12,0,5,16,3,4311568,16464,0,260,9709.707174678,2026-02-22 17:09:06,0,normal
8.1,57.5,31,26,14,12,0,5,16,3,452,1303,0,5,9710.791752259,2026-02-22 17:09:07,0,normal
8.4,57.4,31,26,14,12,0,5,16,3,701,3021,0,7,9711.874627785,2026-02-22 17:09:08,0,normal
13.5,56.5,31,26,14,12,0,5,16,3,7403,33500,0,34,9712.95664466,2026-02-22 17:09:09,0,normal
12.7,56.4,31,26,14,12,0,5,16,3,468336,2330,0,36,9714.041297772,2026-02-22 17:09:11,0,normal
13.1,56.7,31,26,14,12,0,5,16,3,3517985,29541,0,219,9715.131655824,2026-02-22 17:09:12,0,normal
29.6,56.8,31,26,14,12,0,5,16,3,1680,3280,0,10,9716.223304087,2026-02-22 17:09:13,0,normal
14.4,56.8,31,27,14,12,0,5,16,3,39180,12417,0,24,9717.30841528,2026-02-22 17:09:14,0,normal
8.9,56.8,31,27,14,12,0,5,16,3,1600,360,0,5,9718.395674455,2026-02-22 17:09:15,0,normal
18.0,56.5,31,27,14,12,0,5,16,3,3240386,29386,0,211,9719.48115988,2026-02-22 17:09:16,0,normal
14.2,56.5,31,27,14,12,0,5,16,3,1186522,5122,0,78,9720.565541122,2026-02-22 17:09:17,0,normal
13.2,56.5,31,27,14,12,0,5,16,3,1978,3241,0,10,9721.647562005,2026-02-22 17:09:18,0,normal
9.5,56.5,31,27,14,12,0,5,16,3,1822,367,0,5,9722.729547761,2026-02-22 17:09:19,0,normal
10.9,56.5,31,27,14,12,0,5,16,3,2290,426,0,6,9723.813642886,2026-02-22 17:09:20,0,normal
12.0,56.5,31,27,14,12,0,5,16,3,1410529,19621,0,157,9724.89493446,2026-02-22 17:09:21,0,normal
10.5,56.5,31,27,14,12,0,5,16,3,1507683,10616,0,165,9725.977462784,2026-02-22 17:09:22,0,normal
10.0,56.5,30,27,13,12,0,5,15,3,1008627,14475,0,176,9727.059089557,2026-02-22 17:09:24,0,normal
11.4,56.4,30,27,13,12,0,5,15,3,2632,16835,0,18,9728.140551209,2026-02-22 17:09:25,0,normal
10.7,56.5,30,27,13,12,0,5,15,3,450974,2842,0,42,9729.223702153,2026-02-22 17:09:26,0,normal
9.4,56.3,30,27,13,12,0,5,15,3,508267,4356,0,66,9730.307333157,2026-02-22 17:09:27,0,normal
9.8,56.3,30,27,13,12,0,5,15,3,3233,3189,0,10,9731.390875104,2026-02-22 17:09:28,0,normal
10.7,56.3,30,27,13,12,0,5,15,3,7740,24869,0,29,9732.473476937,2026-02-22 17:09:29,0,normal
10.2,56.3,30,27,13,12,0,5,15,3,1843,3501,0,7,9733.557192891,2026-02-22 17:09:30,0,normal
11.8,56.3,30,27,13,12,0,5,15,3,1502338,10273,0,163,9734.638772505,2026-02-22 17:09:31,0,normal
10.4,56.4,30,27,13,12,0,5,15,3,2082263,14104,0,182,9735.722153941,2026-02-22 17:09:32,0,normal
9.9,56.0,30,27,13,12,0,5,15,3,0,0,0,0,9736.804811809,2026-02-22 17:09:33,0,normal
9.0,56.2,30,27,13,12,0,5,15,3,0,0,0,0,9737.887515062,2026-02-22 17:09:34,0,normal
10.6,55.8,30,27,13,12,0,5,15,3,18441,332,0,5,9738.969816431,2026-02-22 17:09:35,0,normal
11.1,56.1,30,27,13,12,0,5,15,3,2483304,9454,0,150,9740.053440393,2026-02-22 17:09:37,0,normal
9.1,56.2,30,27,13,12,0,5,15,3,0,0,0,0,9741.136034891,2026-02-22 17:09:38,0,normal
9.2,56.1,30,27,13,12,0,5,15,3,353,2796,0,4,9742.217278454,2026-02-22 17:09:39,0,normal
11.0,56.0,30,27,13,12,0,5,15,3,0,0,0,0,9743.297776848,2026-02-22 17:09:40,0,normal
11.7,55.8,30,27,13,12,0,5,15,3,1921056,26077,0,125,9744.379227921,2026-02-22 17:09:41,0,normal
8.4,55.8,30,27,13,12,0,5,15,3,353,71,0,1,9745.460575199,2026-02-22 17:09:42,0,normal
9.2,55.7,30,27,13,12,0,5,15,3,0,0,0,0,9746.542269098,2026-02-22 17:09:43,0,normal
8.9,55.6,30,26,13,12,0,5,15,3,1793,7767,0,11,9747.623187611,2026-02-22 17:09:44,0,normal
9.0,55.6,31,26,13,12,0,5,16,4,228,192,0,3,9748.704402731,2026-02-22 17:09:45,0,normal
10.4,55.7,31,26,13,12,0,5,16,4,581984,3211,0,51,9749.788779565,2026-02-22 17:09:46,0,normal
9.3,55.6,33,26,14,12,0,5,17,4,8874,7218,0,21,9750.874790066,2026-02-22 17:09:47,0,normal
8.6,55.7,32,26,13,12,0,5,16,4,5943,1762,0,10,9751.957943925,2026-02-22 17:09:48,0,normal
8.0,55.7,30,26,13,12,0,5,16,3,807,1690,0,13,9753.042360234,2026-02-22 17:09:50,0,normal
8.8,55.7,29,26,12,12,0,5,15,3,1183362,5407,0,72,9754.129069687,2026-02-22 17:09:51,0,normal
9.2,55.6,29,26,12,12,0,5,15,3,1319833,5047,0,80,9755.214927431,2026-02-22 17:09:52,0,normal
7.8,55.6,29,27,12,12,0,5,15,3,8240,7542,0,16,9756.295956502,2026-02-22 17:09:53,0,normal
7.7,55.6,28,26,11,12,0,5,14,3,534,299,0,5,9757.379763727,2026-02-22 17:09:54,0,normal
9.2,55.6,28,26,11,12,0,5,14,3,0,0,0,0,9758.462432916,2026-02-22 17:09:55,0,normal
11.6,55.6,27,26,10,12,0,5,13,3,732476,5377,0,77,9759.543512011,2026-02-22 17:09:56,0,normal
9.7,55.6,27,26,10,12,0,5,13,3,1419479,10441,0,160,9760.627941284,2026-02-22 17:09:57,0,normal
9.4,55.6,27,26,10,12,0,5,13,3,1517668,10367,0,159,9761.710599031,2026-02-22 17:09:58,0,normal
10.1,55.7,27,26,10,12,0,5,13,3,1520269,36626,0,181,9762.791330263,2026-02-22 17:09:59,0,normal
10.3,55.7,26,26,9,12,0,5,12,3,126054,7765,0,38,9763.875441559,2026-02-22 17:10:00,0,normal
10.9,55.6,26,26,9,12,0,5,12,3,1370839,10830,0,160,9764.961169751,2026-02-22 17:10:01,0,normal
8.7,55.6,26,26,9,12,0,5,12,3,1462028,11979,0,190,9766.044257926,2026-02-22 17:10:03,0,normal
8.6,55.5,26,27,9,12,0,5,12,3,1496339,15826,0,171,9767.127203424,2026-02-22 17:10:04,0,normal
7.9,55.5,26,26,9,12,0,5,12,3,8142,893,0,8,9768.208754264,2026-02-22 17:10:05,0,normal
9.9,55.5,25,26,8,12,0,5,11,3,905575,5309,0,84,9769.29191192,2026-02-22 17:10:06,0,normal
9.1,55.4,25,26,8,12,0,5,11,3,1347394,5988,0,95,9770.374090729,2026-02-22 17:10:07,0,normal
7.7,55.5,25,26,8,12,0,5,11,3,8326,6177,0,13,9771.456155013,2026-02-22 17:10:08,0,normal
7.8,55.6,25,26,8,12,0,5,11,3,0,0,0,0,9772.536775497,2026-02-22 17:10:09,0,normal
7.6,55.6,25,26,8,12,0,5,11,3,803,3343,0,5,9773.618699497,2026-02-22 17:10:10,0,normal
9.6,55.6,25,26,8,12,0,5,11,3,1304686,4732,0,75,9774.699520959,2026-02-22 17:10:11,0,normal
7.7,55.6,25,26,8,12,0,5,11,3,1372,19468,0,20,9775.781215879,2026-02-22 17:10:12,0,normal
7.8,55.5,25,26,8,12,0,5,11,3,700,72,0,1,9776.862305984,2026-02-22 17:10:13,0,normal
7.5,55.6,25,26,8,12,0,5,11,3,1618,7541,0,8,9777.944175061,2026-02-22 17:10:14,0,normal
8.7,55.5,25,26,8,12,0,5,11,3,446794,1838,0,28,9779.027203735,2026-02-22 17:10:16,0,normal
9.9,55.5,25,26,8,12,0,5,11,3,1266491,4420,0,70,9780.110641728,2026-02-22 17:10:17,0,normal
8.2,55.6,25,26,8,12,0,5,11,3,0,0,0,0,9781.192479316,2026-02-22 17:10:18,0,normal
7.8,55.6,25,26,8,12,0,5,11,3,353,2796,0,4,9782.275256478,2026-02-22 17:10:19,0,normal
9.1,55.6,25,26,8,12,0,5,11,3,0,0,0,0,9783.356252247,2026-02-22 17:10:20,0,normal
11.7,55.6,25,26,8,12,0,5,11,3,1466664,6656,0,104,9784.439135668,2026-02-22 17:10:21,0,normal
9.7,55.7,25,26,8,12,0,5,11,3,1132998,4066,0,63,9785.520302437,2026-02-22 17:10:22,0,normal
9.4,55.6,25,26,8,12,0,5,11,3,353,2796,0,4,9786.600565179,2026-02-22 17:10:23,0,normal
8.9,55.6,25,26,8,12,0,5,11,3,0,0,0,0,9787.681686453,2026-02-22 17:10:24,0,normal
9.4,55.5,25,26,8,12,0,5,11,3,228,80,0,1,9788.764496918,2026-02-22 17:10:25,0,normal
10.9,55.6,25,26,8,12,0,5,11,3,3282567,11977,0,190,9789.845989248,2026-02-22 17:10:26,0,normal
8.7,55.6,25,26,8,12,0,5,11,3,239,2796,0,4,9790.926346698,2026-02-22 17:10:27,0,normal
8.9,55.6,25,26,8,12,0,5,11,3,115,0,0,0,9792.006757017,2026-02-22 17:10:28,0,normal
9.3,55.5,25,26,7,12,1,5,11,3,1922,7811,0,12,9793.088235872,2026-02-22 17:10:30,0,normal
10.1,55.7,25,26,7,12,1,5,11,3,991084,3655,0,58,9794.171654528,2026-02-22 17:10:31,0,normal
11.1,55.5,25,26,7,12,1,5,11,3,2690739,9527,0,151,9795.257464873,2026-02-22 17:10:32,0,normal
7.5,55.5,25,26,7,12,1,5,11,3,8162,6177,0,13,9796.340463501,2026-02-22 17:10:33,0,normal
8.5,55.5,25,26,7,12,1,5,11,3,0,0,0,0,9797.420938652,2026-02-22 17:10:34,0,normal
7.8,55.5,25,26,7,12,1,5,11,3,78,28,0,1,9798.503339207,2026-02-22 17:10:35,0,normal
10.9,55.5,25,26,7,12,1,5,11,3,3544522,12094,0,191,9799.585508137,2026-02-22 17:10:36,0,normal
8.6,55.5,25,26,7,12,1,5,11,3,108316,441,0,7,9800.666712918,2026-02-22 17:10:37,0,normal
8.0,55.6,25,26,7,12,1,5,11,3,353,2796,0,4,9801.748262716,2026-02-22 17:10:38,0,normal
8.1,55.6,25,26,7,12,1,5,11,3,0,0,0,0,9802.831566957,2026-02-22 17:10:39,0,normal
10.7,55.4,25,26,7,12,1,5,11,3,18326,315,0,5,9803.9144461,2026-02-22 17:10:40,0,normal
11.2,55.3,25,26,7,12,1,5,11,3,3878919,13680,0,217,9804.997496756,2026-02-22 17:10:41,0,normal
7.8,55.3,25,25,7,12,1,5,11,3,353,2796,0,4,9806.08076533,2026-02-22 17:10:43,0,normal
8.9,55.4,25,25,7,12,1,5,11,3,0,0,0,0,9807.163499642,2026-02-22 17:10:44,0,normal
9.9,55.3,25,25,7,12,1,5,11,3,31071,7582,0,9,9808.245638095,2026-02-22 17:10:45,1,udp_flood
21.6,55.4,25,25,7,12,1,5,11,3,601062,3758,0,54,9809.328811631,2026-02-22 17:10:46,1,udp_flood
14.0,55.5,25,25,7,12,1,5,11,3,1210314,9842,0,154,9810.414471123,2026-02-22 17:10:47,1,udp_flood
16.3,55.5,25,25,7,12,1,5,11,3,1162367,10393,0,162,9811.503453412,2026-02-22 17:10:48,1,udp_flood
18.2,55.6,25,25,7,12,1,5,11,3,720519,8290,0,90,9812.592038565,2026-02-22 17:10:49,1,udp_flood
15.4,55.6,25,25,6,12,2,5,11,3,106297,3673,0,11,9813.675727749,2026-02-22 17:10:50,1,udp_flood
17.9,55.5,25,25,6,12,2,5,11,3,941028,8367,0,128,9814.762292781,2026-02-22 17:10:51,1,udp_flood
16.7,55.5,25,25,6,12,2,5,11,3,1299731,10562,0,161,9815.847323493,2026-02-22 17:10:52,1,udp_flood
17.6,55.6,25,25,6,12,2,5,11,3,375289,9037,0,58,9816.933478805,2026-02-22 17:10:53,1,udp_flood
14.0,55.6,25,25,6,12,2,5,11,3,100276,0,0,0,9818.015279114,2026-02-22 17:10:55,1,udp_flood
18.4,55.6,25,25,6,12,2,5,11,3,419042,1793,0,29,9819.098338836,2026-02-22 17:10:56,1,udp_flood
20.2,55.5,25,25,6,12,2,5,11,3,2369664,11793,0,187,9820.187359708,2026-02-22 17:10:57,1,udp_flood
15.4,55.5,25,25,6,12,2,5,11,3,276788,882,0,14,9821.279027006,2026-02-22 17:10:58,1,udp_flood
14.8,55.5,26,25,7,12,2,5,12,3,97373,7115,4,18,9822.361755056,2026-02-22 17:10:59,1,udp_flood
15.4,55.6,26,25,7,12,2,5,12,3,117438,11064,0,26,9823.445647822,2026-02-22 17:11:00,1,udp_flood
16.7,55.6,26,25,7,12,2,5,12,3,2180635,9139,0,144,9824.529524337,2026-02-22 17:11:01,1,udp_flood
15.4,55.6,26,25,7,12,2,5,12,3,576546,2111,0,33,9825.615268268,2026-02-22 17:11:02,1,udp_flood
17.6,55.7,26,25,7,12,2,5,12,3,105468,2917,0,6,9826.700343223,2026-02-22 17:11:03,1,udp_flood
15.5,55.6,26,25,7,12,2,5,12,3,100461,173,0,2,9827.783603622,2026-02-22 17:11:04,1,udp_flood
15.3,55.6,26,25,7,12,2,5,12,3,122433,288,0,4,9828.867148975,2026-02-22 17:11:05,1,udp_flood
19.0,55.6,26,25,7,12,2,5,12,3,3595614,13470,0,213,9829.961074513,2026-02-22 17:11:06,1,udp_flood
13.7,55.6,26,25,7,12,2,5,12,3,101741,63,0,1,9831.046851816,2026-02-22 17:11:08,1,udp_flood
18.2,55.6,26,25,7,12,2,5,12,3,105185,2796,0,4,9832.128647205,2026-02-22 17:11:09,1,udp_flood
12.6,55.6,26,25,7,12,2,5,12,3,98278,0,0,0,9833.214054374,2026-02-22 17:11:10,1,udp_flood
17.6,55.6,26,25,7,12,2,5,12,3,2443536,8066,0,128,9834.305664576,2026-02-22 17:11:11,1,udp_flood
16.6,55.6,26,25,7,12,2,5,12,3,1217856,3965,0,63,9835.390690849,2026-02-22 17:11:12,1,udp_flood
13.2,55.6,26,25,7,12,2,5,12,3,100040,2796,0,4,9836.474925597,2026-02-22 17:11:13,1,udp_flood
21.6,55.7,26,25,7,12,2,5,12,3,105524,0,0,0,9837.569654913,2026-02-22 17:11:14,1,udp_flood
37.0,56.0,27,26,8,12,2,5,13,3,203800,16926,2,46,9838.662485095,2026-02-22 17:11:15,1,udp_flood
25.5,56.1,27,26,8,12,2,5,13,3,4030813,16928,0,267,9839.749810223,2026-02-22 17:11:16,1,udp_flood
14.9,56.1,27,27,8,12,2,5,13,3,820885,21852,0,56,9840.840175478,2026-02-22 17:11:17,1,udp_flood
20.9,56.1,27,27,8,12,2,5,13,3,109367,19522,0,21,9841.923044002,2026-02-22 17:11:18,1,udp_flood
14.0,56.0,27,27,8,12,2,5,13,3,106218,28,0,1,9843.009537569,2026-02-22 17:11:19,1,udp_flood
14.6,56.0,27,27,8,12,2,5,13,3,756791,2722,0,42,9844.093862547,2026-02-22 17:11:21,1,udp_flood
12.3,56.2,27,27,8,12,2,5,13,3,2486525,8885,0,141,9845.182702909,2026-02-22 17:11:22,1,udp_flood
17.4,56.2,27,29,8,12,2,5,14,4,112013,14599,1,22,9846.268749227,2026-02-22 17:11:23,1,udp_flood
13.7,56.0,27,27,8,12,2,5,13,3,107669,230,1,3,9847.355397866,2026-02-22 17:11:24,1,udp_flood
10.7,56.0,27,27,8,12,2,5,13,3,105079,9139,0,9,9848.43849603,2026-02-22 17:11:25,1,udp_flood
18.7,56.0,27,27,8,12,2,5,13,3,750216,6372,0,82,9849.527816544,2026-02-22 17:11:26,1,udp_flood
10.3,56.0,27,27,8,12,2,5,13,3,1229418,10350,0,160,9850.608851927,2026-02-22 17:11:27,1,udp_flood
10.7,56.0,27,27,8,12,2,5,13,3,1189385,9855,0,150,9851.693204987,2026-02-22 17:11:28,1,udp_flood
10.9,55.9,27,27,8,12,2,5,13,3,1191897,10926,0,172,9852.778210682,2026-02-22 17:11:29,1,udp_flood
9.7,55.8,27,27,8,12,2,5,13,3,167394,23762,0,39,9853.861784018,2026-02-22 17:11:30,1,udp_flood
7.9,55.9,27,27,8,12,2,5,13,3,1046919,8680,0,136,9854.944707645,2026-02-22 17:11:31,1,udp_flood
9.4,55.9,27,27,8,12,2,5,13,3,1161266,9541,0,146,9856.026681609,2026-02-22 17:11:33,1,udp_flood
16.0,55.9,26,27,8,12,1,5,12,3,1206692,10108,0,157,9857.108618063,2026-02-22 17:11:34,1,udp_flood
20.0,55.7,26,27,8,12,1,5,12,3,1549675,21456,0,162,9858.193851746,2026-02-22 17:11:35,1,udp_flood
20.9,55.7,26,27,8,12,1,5,12,3,682805,3611,0,56,9859.282163256,2026-02-22 17:11:36,1,udp_flood
15.7,55.7,27,27,9,12,1,5,13,3,1718868,15914,5,153,9860.367210769,2026-02-22 17:11:37,1,udp_flood
11.6,55.6,27,27,9,12,1,5,13,3,102270,2900,0,6,9861.450240315,2026-02-22 17:11:38,1,udp_flood
17.8,55.6,27,27,9,12,1,5,13,3,100830,0,0,0,9862.548755448,2026-02-22 17:11:39,1,udp_flood
13.6,55.6,27,27,9,12,1,5,13,3,40270,21994,0,20,9863.631476223,2026-02-22 17:11:40,0,normal
13.8,55.7,27,27,9,12,1,5,13,3,1970703,8505,0,134,9864.713257055,2026-02-22 17:11:41,0,normal
26.5,56.2,27,27,9,12,1,5,13,3,259,222,0,3,9865.795635308,2026-02-22 17:11:42,0,normal
10.8,56.2,27,27,9,12,1,5,13,3,353,2795,0,4,9866.885533385,2026-02-22 17:11:43,0,normal
12.1,56.2,27,27,9,12,1,5,13,3,181,16651,0,16,9867.966471235,2026-02-22 17:11:44,0,normal
13.9,56.0,27,26,9,12,1,5,13,3,422631,31487,0,59,9869.050240399,2026-02-22 17:11:46,0,normal
12.5,56.2,27,26,9,12,1,5,13,3,2008257,7688,0,122,9870.141497908,2026-02-22 17:11:47,0,normal
12.5,56.2,27,26,9,12,1,5,13,3,637,2989,0,6,9871.224796439,2026-02-22 17:11:48,0,normal
6.3,56.3,27,26,9,12,1,5,13,3,0,0,0,0,9872.308195037,2026-02-22 17:11:49,0,normal
7.7,56.2,27,26,9,12,1,5,13,3,0,0,0,0,9873.38883635,2026-02-22 17:11:50,0,normal
10.5,56.3,27,26,9,12,1,5,13,3,2192661,8166,0,128,9874.469643343,2026-02-22 17:11:51,0,normal
12.3,56.2,27,26,9,12,1,5,13,3,493613,32310,0,59,9875.55868882,2026-02-22 17:11:52,0,normal
16.7,56.1,27,27,10,12,0,5,13,3,36909,544033,2,417,9876.645092709,2026-02-22 17:11:53,0,normal
19.5,56.0,27,27,10,12,0,5,13,3,27046,579323,0,425,9877.73103401,2026-02-22 17:11:54,0,normal
24.0,56.0,27,27,10,12,0,5,13,3,19173,465,0,6,9878.821205642,2026-02-22 17:11:55,0,normal
22.8,55.9,27,27,10,12,0,5,13,3,3918439,25614,0,224,9879.909775607,2026-02-22 17:11:56,0,normal
15.8,55.8,27,28,10,12,0,5,13,3,40629,6827,0,15,9880.996612409,2026-02-22 17:11:57,0,normal
20.6,55.8,27,28,10,12,0,5,13,3,6259,38830,0,37,9882.085422986,2026-02-22 17:11:59,0,normal
18.1,55.9,27,28,10,12,0,5,13,3,87850,55548,0,57,9883.167644645,2026-02-22 17:12:00,0,normal
20.7,56.0,27,28,10,12,0,5,13,3,278228,25458,0,52,9884.254576846,2026-02-22 17:12:01,0,normal
18.7,56.0,27,28,10,12,0,5,13,3,563889,7294,0,108,9885.346119291,2026-02-22 17:12:02,0,normal
20.7,55.9,27,28,10,12,0,5,13,3,535060,8526,0,128,9886.435543479,2026-02-22 17:12:03,0,normal
12.4,56.2,27,28,10,12,0,5,13,3,565147,7641,0,116,9887.524719512,2026-02-22 17:12:04,0,normal
13.3,56.0,27,28,10,12,0,5,13,3,550782,7833,0,119,9888.607644702,2026-02-22 17:12:05,0,normal
11.7,56.1,27,28,10,12,0,5,13,3,541436,6888,0,105,9889.689592978,2026-02-22 17:12:06,0,normal
10.7,56.1,27,28,10,12,0,5,13,3,548994,13150,0,119,9890.772251607,2026-02-22 17:12:07,0,normal
8.8,56.1,27,28,10,12,0,5,13,3,562294,6990,0,107,9891.853274096,2026-02-22 17:12:08,0,normal
7.9,56.0,27,28,10,12,0,5,13,3,625690,6896,0,108,9892.936113314,2026-02-22 17:12:09,0,normal
13.2,56.1,27,28,10,12,0,5,13,3,1096815,28871,0,158,9894.018468053,2026-02-22 17:12:11,0,normal
12.2,55.9,27,28,10,12,0,5,13,3,1709633,10517,0,166,9895.10230306,2026-02-22 17:12:12,0,normal
10.5,56.0,27,28,10,12,0,5,13,3,1495959,11900,0,148,9896.185364876,2026-02-22 17:12:13,0,normal
10.5,56.0,27,28,10,12,0,5,13,3,1823845,26179,0,165,9897.266460642,2026-02-22 17:12:14,0,normal
10.9,56.1,27,28,10,12,0,5,13,3,507191,6133,0,55,9898.349862777,2026-02-22 17:12:15,0,normal
11.8,56.1,27,28,10,12,0,5,13,3,1649321,14467,0,117,9899.43458493,2026-02-22 17:12:16,0,normal
11.2,56.1,27,28,10,12,0,5,13,3,3488128,13930,0,220,9900.517571896,2026-02-22 17:12:17,0,normal
10.3,56.2,28,29,11,12,0,5,14,3,19130,28396,0,46,9901.598841658,2026-02-22 17:12:18,0,normal
9.7,56.2,28,29,11,12,0,5,14,3,860,216,0,3,9902.679547642,2026-02-22 17:12:19,0,normal
9.1,56.1,28,29,11,12,0,5,14,3,1112,288,0,4,9903.761588843,2026-02-22 17:12:20,0,normal
10.7,56.1,28,29,11,12,0,5,14,3,690336,6989,0,107,9904.844250428,2026-02-22 17:12:21,0,normal
9.5,56.0,28,29,11,12,0,5,14,3,669188,7555,0,117,9905.927728024,2026-02-22 17:12:22,0,normal
9.8,56.1,28,28,10,12,1,5,14,3,718681,7522,0,121,9907.009492816,2026-02-22 17:12:23,0,normal
9.8,56.2,28,28,10,12,1,5,14,3,695396,17663,0,127,9908.089776017,2026-02-22 17:12:25,0,normal
11.0,56.3,28,28,10,12,1,5,14,3,693344,24443,0,140,9909.172435137,2026-02-22 17:12:26,0,normal
11.2,56.2,28,28,10,12,1,5,14,3,656306,8137,0,127,9910.257717031,2026-02-22 17:12:27,0,normal
11.6,56.2,28,27,10,12,1,5,14,3,625778,9382,0,109,9911.341410893,2026-02-22 17:12:28,0,normal
9.9,56.2,28,27,10,12,1,5,14,3,736639,7626,0,122,9912.424519357,2026-02-22 17:12:29,0,normal
9.8,56.2,28,27,10,12,1,5,14,3,708830,7866,0,125,9913.507239521,2026-02-22 17:12:30,0,normal
12.4,56.2,28,27,10,12,1,5,14,3,730388,17473,0,127,9914.591119153,2026-02-22 17:12:31,0,normal
10.5,56.3,28,27,10,12,1,5,14,3,1122105,8423,0,137,9915.671606226,2026-02-22 17:12:32,0,normal
9.4,56.4,28,27,10,12,1,5,14,3,218576,4542,0,31,9916.753245903,2026-02-22 17:12:33,0,normal
9.3,56.4,28,27,10,12,1,5,14,3,1536,289,0,4,9917.836618322,2026-02-22 17:12:34,0,normal
8.2,56.4,28,27,10,12,1,5,14,3,19692,543,0,8,9918.919946569,2026-02-22 17:12:35,0,normal
25.8,56.2,28,27,10,12,1,5,14,3,1850459,31355,0,256,9920.010906961,2026-02-22 17:12:36,0,normal
18.8,56.1,29,27,10,12,1,5,15,4,6244,3716,0,17,9921.097435223,2026-02-22 17:12:38,0,normal
17.7,56.3,28,27,10,12,1,5,14,3,1767,538,0,7,9922.179398057,2026-02-22 17:12:39,0,normal
20.5,56.2,28,27,10,12,1,5,14,3,1787,365,0,5,9923.266426068,2026-02-22 17:12:40,0,normal
18.9,56.3,28,27,10,12,1,5,14,3,1130578,6346,0,103,9924.346737622,2026-02-22 17:12:41,0,normal
16.8,56.4,28,27,10,12,1,5,14,3,702115,21004,0,85,9925.430118978,2026-02-22 17:12:42,0,normal
16.1,56.4,28,27,10,12,1,5,14,3,1946,3184,0,10,9926.512379089,2026-02-22 17:12:43,0,normal
17.9,56.3,28,27,10,12,1,5,14,3,1500,375,0,5,9927.596448897,2026-02-22 17:12:44,0,normal
15.2,56.3,28,27,10,12,1,5,14,3,1348,430,0,6,9928.67949806,2026-02-22 17:12:45,0,normal
20.5,56.1,28,27,10,12,1,5,14,3,1417277,15127,0,128,9929.761770765,2026-02-22 17:12:46,0,normal
15.5,55.8,28,27,10,12,1,5,14,3,697129,7062,0,112,9930.847603412,2026-02-22 17:12:47,0,normal
14.5,55.7,28,26,10,12,1,5,14,3,674841,7869,0,123,9931.928044298,2026-02-22 17:12:48,0,normal
22.9,56.1,29,26,11,12,1,5,15,3,554353,15851,5,131,9933.012204366,2026-02-22 17:12:50,0,normal
17.5,56.1,29,26,11,12,1,5,15,3,63280,21415,0,41,9934.096136646,2026-02-22 17:12:51,0,normal
23.4,56.1,34,26,14,12,1,5,17,4,791550,20366,5,193,9935.182931079,2026-02-22 17:12:52,0,normal
16.9,56.1,34,26,14,12,1,5,17,4,698213,10063,0,145,9936.268495041,2026-02-22 17:12:53,0,normal
17.0,56.3,39,26,17,12,3,5,19,4,666295,22061,4,234,9937.354894182,2026-02-22 17:12:54,0,normal
18.8,56.2,41,26,15,12,5,5,19,4,828654,15479,0,192,9938.439766907,2026-02-22 17:12:55,0,normal
19.8,56.4,39,26,15,12,5,5,19,4,616387,12345,5,103,9939.525092993,2026-02-22 17:12:56,0,normal
16.7,56.5,37,26,15,12,5,5,18,3,1539155,11404,0,174,9940.609603178,2026-02-22 17:12:57,0,normal
14.9,56.5,37,26,14,12,6,5,18,3,181880,4917,0,38,9941.693827456,2026-02-22 17:12:58,0,normal
15.0,56.4,36,26,13,12,6,5,17,3,1882,545,0,9,9942.775527717,2026-02-22 17:12:59,0,normal
15.3,56.3,36,26,12,12,7,5,17,3,19726,629,0,10,9943.859667797,2026-02-22 17:13:00,0,normal
19.4,56.5,36,26,12,12,7,5,17,3,2058964,18520,0,182,9944.942382261,2026-02-22 17:13:01,0,normal
17.9,56.3,36,26,12,12,7,5,17,3,308337,4872,0,36,9946.026661583,2026-02-22 17:13:03,0,normal
12.7,56.3,36,26,12,12,7,5,17,3,1168,296,0,4,9947.106009057,2026-02-22 17:13:04,0,normal
12.8,56.3,36,26,12,12,7,5,17,3,1436,370,0,5,9948.188786459,2026-02-22 17:13:05,0,normal
14.6,56.2,36,26,12,12,7,5,17,3,1024842,5238,0,82,9949.270482692,2026-02-22 17:13:06,0,normal
14.8,56.2,35,26,11,12,7,5,16,3,1459634,7242,0,114,9950.352749286,2026-02-22 17:13:07,0,normal
11.5,56.1,35,26,11,12,7,5,16,3,1128,288,0,4,9951.43618797,2026-02-22 17:13:08,0,normal
12.4,56.0,35,26,11,12,7,5,16,3,1756,3144,0,9,9952.517660863,2026-02-22 17:13:09,0,normal
17.1,55.9,35,26,11,12,7,5,16,3,1452,361,0,5,9953.599251288,2026-02-22 17:13:10,0,normal
21.3,55.9,35,26,11,12,7,5,16,3,580738,5966,0,86,9954.682848478,2026-02-22 17:13:11,0,normal
15.3,55.8,37,27,13,12,7,5,17,4,699527,15058,0,158,9955.766252677,2026-02-22 17:13:12,0,normal
14.7,55.9,38,26,14,12,7,5,18,3,644892,30241,0,169,9956.847498775,2026-02-22 17:13:13,0,normal
11.4,55.9,38,26,14,12,7,5,18,3,2637,579,0,8,9957.933268573,2026-02-22 17:13:14,0,normal
14.7,56.0,38,26,14,12,7,5,18,3,108483,1502,0,23,9959.016439163,2026-02-22 17:13:16,0,normal
12.5,56.0,38,30,14,12,7,5,19,4,747758,16384,0,145,9960.099720732,2026-02-22 17:13:17,0,normal
8.7,56.0,39,26,15,12,7,5,18,3,695298,13714,4,154,9961.184316097,2026-02-22 17:13:18,0,normal
8.6,56.0,39,27,15,12,7,5,18,3,852051,16739,2,154,9962.264168499,2026-02-22 17:13:19,0,normal
9.0,56.0,39,27,15,12,7,5,18,3,252150,6134,0,57,9963.346644746,2026-02-22 17:13:20,0,normal
15.3,56.1,39,27,15,12,7,5,18,3,753392,14648,0,103,9964.429633084,2026-02-22 17:13:21,0,normal
20.2,56.3,41,27,16,12,8,5,19,4,9598230,29351,0,533,9965.51207717,2026-02-22 17:13:22,1,tcp_bandwidth_exhaustion
30.3,56.4,41,27,16,12,8,5,19,4,21324568,39944,0,900,9966.600973278,2026-02-22 17:13:23,1,tcp_bandwidth_exhaustion
17.4,56.5,40,27,16,12,7,5,18,4,25566275,48616,0,912,9967.688734054,2026-02-22 17:13:24,1,tcp_bandwidth_exhaustion
19.5,56.4,40,27,16,12,7,5,18,4,26988098,37652,0,940,9968.785760191,2026-02-22 17:13:25,1,tcp_bandwidth_exhaustion
19.7,56.5,41,27,17,12,7,5,18,5,27069965,59280,0,1213,9969.871240157,2026-02-22 17:13:26,1,tcp_bandwidth_exhaustion
21.7,56.5,40,27,16,12,7,5,18,4,24396319,48198,0,1069,9970.959140865,2026-02-22 17:13:27,1,tcp_bandwidth_exhaustion
15.7,56.5,41,27,17,12,7,5,18,4,21403794,32433,2,705,9972.04848292,2026-02-22 17:13:29,1,tcp_bandwidth_exhaustion
19.4,56.5,41,27,17,12,7,5,18,4,27598152,36600,0,915,9973.132717527,2026-02-22 17:13:30,1,tcp_bandwidth_exhaustion
21.8,56.6,41,27,17,12,7,5,18,4,28631324,52773,0,1057,9974.221950367,2026-02-22 17:13:31,1,tcp_bandwidth_exhaustion
20.2,56.5,41,27,17,12,7,5,18,4,29851413,59001,0,1178,9975.314420402,2026-02-22 17:13:32,1,tcp_bandwidth_exhaustion
20.3,56.7,42,27,18,12,7,5,18,5,30438150,43836,0,1030,9976.409408554,2026-02-22 17:13:33,1,tcp_bandwidth_exhaustion
20.3,56.6,42,27,18,12,7,5,18,5,30594678,43200,0,1080,9977.494932953,2026-02-22 17:13:34,1,tcp_bandwidth_exhaustion
20.8,56.5,42,27,17,12,7,5,18,5,33001736,53547,0,1208,9978.580672655,2026-02-22 17:13:35,1,tcp_bandwidth_exhaustion
19.5,56.5,41,27,17,12,7,5,18,4,29497730,48825,0,1105,9979.668922069,2026-02-22 17:13:36,1,tcp_bandwidth_exhaustion
21.1,56.4,41,27,17,12,7,5,18,4,31238389,55361,0,1064,9980.761870252,2026-02-22 17:13:37,1,tcp_bandwidth_exhaustion
17.2,56.4,41,27,17,12,7,5,18,4,30834164,42264,0,1056,9981.846871839,2026-02-22 17:13:38,1,tcp_bandwidth_exhaustion
25.7,56.6,43,27,19,12,7,5,19,4,29722163,42946,0,1027,9982.934778219,2026-02-22 17:13:39,1,tcp_bandwidth_exhaustion
23.2,56.6,42,27,18,12,7,5,18,5,31250265,47319,0,1148,9984.024602618,2026-02-22 17:13:41,1,tcp_bandwidth_exhaustion
25.6,56.7,41,27,17,12,7,5,18,4,32215601,80470,0,1577,9985.115704035,2026-02-22 17:13:42,1,tcp_bandwidth_exhaustion
18.9,56.7,42,27,17,12,7,5,18,5,32573083,46859,0,1105,9986.201760452,2026-02-22 17:13:43,1,tcp_bandwidth_exhaustion
26.0,56.6,41,27,17,12,7,5,18,4,30342662,60446,0,1000,9987.287202286,2026-02-22 17:13:44,1,tcp_bandwidth_exhaustion
30.6,56.7,41,27,17,12,7,5,18,4,25282760,37916,0,938,9988.375287641,2026-02-22 17:13:45,1,tcp_bandwidth_exhaustion
27.5,56.7,43,27,19,12,7,5,20,4,30433348,61652,0,1253,9989.460669863,2026-02-22 17:13:46,1,tcp_bandwidth_exhaustion
18.7,56.6,41,27,17,12,7,5,18,4,28766956,48981,0,1120,9990.543350554,2026-02-22 17:13:47,1,tcp_bandwidth_exhaustion
18.1,56.6,41,27,17,12,7,5,18,4,32233590,44267,0,1041,9991.637933134,2026-02-22 17:13:48,1,tcp_bandwidth_exhaustion
17.7,56.6,41,26,17,12,7,5,18,4,29352682,41572,0,1039,9992.723420153,2026-02-22 17:13:49,1,tcp_bandwidth_exhaustion
17.9,56.5,41,26,17,12,7,5,18,4,29561226,36760,0,919,9993.807309743,2026-02-22 17:13:50,1,tcp_bandwidth_exhaustion
20.4,56.5,41,26,17,12,7,5,18,4,32939570,62375,0,1130,9994.902727832,2026-02-22 17:13:51,1,tcp_bandwidth_exhaustion
17.6,56.5,41,26,17,12,7,5,18,4,30076558,44891,0,993,9995.995481971,2026-02-22 17:13:52,1,tcp_bandwidth_exhaustion
27.7,56.5,42,26,18,12,7,5,19,4,31319906,40225,0,995,9997.085238733,2026-02-22 17:13:54,1,tcp_bandwidth_exhaustion
17.7,56.5,43,26,19,12,7,5,19,5,33979692,49647,0,1039,9998.169551758,2026-02-22 17:13:55,1,tcp_bandwidth_exhaustion
17.9,56.7,42,26,18,12,7,5,19,4,29520324,43983,0,1034,9999.25367686,2026-02-22 17:13:56,1,tcp_bandwidth_exhaustion
20.8,56.8,38,26,18,12,3,5,18,4,30239628,54636,0,1238,10000.341245386,2026-02-22 17:13:57,1,tcp_bandwidth_exhaustion
23.5,56.8,38,26,18,12,3,5,18,4,31465354,46308,0,1069,10001.434718494,2026-02-22 17:13:58,1,tcp_bandwidth_exhaustion
21.6,56.8,41,26,19,12,3,5,20,5,29585778,37092,0,927,10002.521289898,2026-02-22 17:13:59,1,tcp_bandwidth_exhaustion
19.3,56.8,38,26,18,12,2,5,18,5,30190540,50774,5,1046,10003.607463365,2026-02-22 17:14:00,1,tcp_bandwidth_exhaustion
21.6,56.5,37,26,18,12,2,5,18,4,31940018,47748,0,1121,10004.693730066,2026-02-22 17:14:01,1,tcp_bandwidth_exhaustion
16.3,56.6,37,26,18,12,2,5,18,4,32266808,55098,0,1128,10005.776370011,2026-02-22 17:14:02,1,tcp_bandwidth_exhaustion
18.5,56.6,38,26,19,12,2,5,18,5,29217738,50483,0,1182,10006.861173646,2026-02-22 17:14:03,1,tcp_bandwidth_exhaustion
17.4,56.7,36,26,18,12,1,5,18,4,30810654,50552,0,1171,10007.955603701,2026-02-22 17:14:04,1,tcp_bandwidth_exhaustion
20.1,56.6,36,26,17,12,2,5,18,4,32368577,59273,0,1098,10009.043533124,2026-02-22 17:14:06,1,tcp_bandwidth_exhaustion
23.1,56.4,36,26,17,12,2,5,18,4,31030015,51291,0,1162,10010.13489554,2026-02-22 17:14:07,1,tcp_bandwidth_exhaustion
22.1,56.6,36,26,17,12,2,5,18,4,27562086,49211,0,1084,10011.232167089,2026-02-22 17:14:08,1,tcp_bandwidth_exhaustion
16.7,56.6,36,26,17,12,2,5,18,4,30530800,38652,0,966,10012.318184753,2026-02-22 17:14:09,1,tcp_bandwidth_exhaustion
23.6,56.5,36,26,17,12,2,5,18,4,21928353,101291,0,855,10013.403121128,2026-02-22 17:14:10,1,tcp_bandwidth_exhaustion
17.8,56.7,37,26,18,12,2,5,18,5,23104535,46717,0,1013,10014.489653629,2026-02-22 17:14:11,1,tcp_bandwidth_exhaustion
15.9,56.6,36,26,17,12,2,5,18,4,29880837,55636,0,1211,10015.577037187,2026-02-22 17:14:12,1,tcp_bandwidth_exhaustion
18.9,56.6,36,26,17,12,2,5,18,4,31081295,39360,0,983,10016.661886548,2026-02-22 17:14:13,1,tcp_bandwidth_exhaustion
20.1,56.6,36,26,17,12,2,5,18,4,29906354,34240,0,856,10017.744179712,2026-02-22 17:14:14,1,tcp_bandwidth_exhaustion
24.1,56.2,36,26,17,12,2,5,18,4,32095267,35326,0,882,10018.830074014,2026-02-22 17:14:15,1,tcp_bandwidth_exhaustion
23.9,56.3,36,26,17,12,2,5,18,4,31824511,50384,0,1133,10019.918151866,2026-02-22 17:14:16,1,tcp_bandwidth_exhaustion
18.4,56.2,37,26,18,12,2,5,18,5,30392486,68619,0,1025,10021.006042396,2026-02-22 17:14:17,1,tcp_bandwidth_exhaustion
16.6,56.2,36,26,17,12,2,5,18,4,31505762,37240,0,931,10022.094702791,2026-02-22 17:14:19,1,tcp_bandwidth_exhaustion
18.0,56.1,36,26,17,12,2,5,18,4,30968686,36640,0,916,10023.180021934,2026-02-22 17:14:20,1,tcp_bandwidth_exhaustion
16.1,56.1,36,26,17,12,2,5,18,4,26379828,37008,0,874,10024.265496709,2026-02-22 17:14:21,1,tcp_bandwidth_exhaustion
14.6,56.1,35,26,16,12,2,5,17,4,27985008,45839,0,1018,10025.356309504,2026-02-22 17:14:22,1,tcp_bandwidth_exhaustion
19.1,56.0,37,26,17,12,2,5,18,5,27322204,55801,0,1144,10026.448293518,2026-02-22 17:14:23,1,tcp_bandwidth_exhaustion
22.2,56.0,34,26,15,12,2,5,17,4,25935081,41950,0,825,10027.533085621,2026-02-22 17:14:24,1,tcp_bandwidth_exhaustion
19.8,55.9,33,26,15,12,1,5,16,4,24086561,32633,0,815,10028.617047567,2026-02-22 17:14:25,1,tcp_bandwidth_exhaustion
15.9,56.0,33,26,15,12,1,5,16,4,25924025,43283,0,996,10029.701143615,2026-02-22 17:14:26,1,tcp_bandwidth_exhaustion
21.4,56.1,33,26,15,12,1,5,16,4,26780349,48820,0,1120,10030.78483345,2026-02-22 17:14:27,1,tcp_bandwidth_exhaustion
19.5,56.0,34,26,15,12,1,5,16,5,29699361,53921,0,1026,10031.872563989,2026-02-22 17:14:28,1,tcp_bandwidth_exhaustion
23.8,56.3,33,26,15,12,1,5,16,4,30030913,53186,0,1100,10032.957318052,2026-02-22 17:14:29,1,tcp_bandwidth_exhaustion
18.3,56.4,33,26,15,12,1,5,16,4,26784625,40594,0,997,10034.042673954,2026-02-22 17:14:31,1,tcp_bandwidth_exhaustion
20.0,56.1,33,26,15,12,1,5,16,4,26626654,57922,0,1285,10035.130147161,2026-02-22 17:14:32,1,tcp_bandwidth_exhaustion
18.0,56.2,33,26,15,12,1,5,16,4,27831971,52889,0,1076,10036.22086632,2026-02-22 17:14:33,1,tcp_bandwidth_exhaustion
18.4,55.8,33,26,15,12,1,5,16,4,28706336,43920,0,1098,10037.30538442,2026-02-22 17:14:34,1,tcp_bandwidth_exhaustion
21.0,55.6,33,26,15,12,1,5,16,4,26416984,48435,0,989,10038.388972283,2026-02-22 17:14:35,0,normal
16.8,55.9,32,26,14,12,1,5,16,3,13605303,26088,0,559,10039.476121522,2026-02-22 17:14:36,0,normal
12.1,55.9,32,26,14,12,1,5,16,3,1627065,46344,0,119,10040.562067021,2026-02-22 17:14:37,0,normal
33.9,56.2,33,26,15,12,1,5,16,3,49681,21946,0,35,10041.647240661,2026-02-22 17:14:38,0,normal
9.9,56.3,33,26,15,12,1,5,16,3,0,0,0,0,10042.727994926,2026-02-22 17:14:39,0,normal
11.2,56.3,33,26,15,12,1,5,16,3,0,0,0,0,10043.809149091,2026-02-22 17:14:40,0,normal
20.5,56.3,33,27,15,12,1,5,16,3,3045306,17477,0,191,10044.892825431,2026-02-22 17:14:41,0,normal
28.3,56.1,33,27,15,12,1,5,16,3,0,0,0,0,10045.985109878,2026-02-22 17:14:42,0,normal
25.9,55.9,33,27,15,12,1,5,16,3,0,0,0,0,10047.067912478,2026-02-22 17:14:44,0,normal
11.4,56.0,33,27,14,12,2,5,16,3,3924,29673,0,32,10048.149620012,2026-02-22 17:14:45,0,normal
12.0,56.1,33,27,14,12,2,5,16,3,228,132,0,2,10049.233377193,2026-02-22 17:14:46,0,normal
9.1,56.1,33,27,14,12,2,5,16,3,1275,24146,0,22,10050.316121433,2026-02-22 17:14:47,0,normal
9.2,56.0,32,27,13,12,2,5,15,3,1950,247,0,4,10051.396561609,2026-02-22 17:14:48,0,normal
8.5,56.0,32,27,13,12,2,5,15,3,0,0,0,0,10052.477775857,2026-02-22 17:14:49,0,normal
16.6,55.9,32,27,13,12,2,5,15,3,4263,18390,0,22,10053.561868388,2026-02-22 17:14:50,0,normal
27.4,56.3,32,27,13,12,2,5,15,3,33093,18016,0,36,10054.647730831,2026-02-22 17:14:51,0,normal
16.9,56.2,32,27,13,12,2,5,15,3,5948,17237,0,24,10055.737273271,2026-02-22 17:14:52,0,normal
8.9,56.2,32,27,13,12,2,5,15,3,2053,442,0,6,10056.818495604,2026-02-22 17:14:53,0,normal
8.4,56.3,32,27,13,12,2,5,15,3,17087,3219,0,10,10057.900286875,2026-02-22 17:14:54,0,normal
11.4,56.2,31,27,12,12,2,5,14,3,1116957,9399,0,137,10058.984044667,2026-02-22 17:14:55,0,normal
11.7,56.3,31,27,12,12,2,5,14,3,1110636,10411,0,150,10060.066246238,2026-02-22 17:14:57,0,normal
11.0,56.2,31,27,12,12,2,5,14,3,1094151,11145,0,171,10061.148230831,2026-02-22 17:14:58,0,normal
15.6,56.1,31,27,12,12,2,5,14,3,276307,19502,0,57,10062.233881817,2026-02-22 17:14:59,0,normal
17.2,56.6,31,27,12,12,2,5,14,3,1125213,13050,0,164,10063.314846717,2026-02-22 17:15:00,0,normal
21.4,56.5,31,27,12,12,2,5,14,3,1118816,10508,0,163,10064.402103718,2026-02-22 17:15:01,0,normal
17.3,56.3,31,27,12,12,2,5,14,3,1079412,19276,0,189,10065.483184506,2026-02-22 17:15:02,0,normal
14.3,56.2,31,27,12,12,2,5,14,3,809714,10250,0,152,10066.567394938,2026-02-22 17:15:03,0,normal
16.2,56.1,31,27,12,12,2,5,14,3,1468,360,0,5,10067.648197062,2026-02-22 17:15:04,0,normal
13.5,56.1,31,27,12,12,2,5,14,3,1938395,13859,0,179,10068.730691183,2026-02-22 17:15:05,0,normal
15.9,56.2,30,27,12,12,1,5,13,3,1197961,5677,0,89,10069.813431856,2026-02-22 17:15:06,0,normal
13.9,56.0,30,27,12,12,1,5,13,3,2953,10082,0,15,10070.895527058,2026-02-22 17:15:07,0,normal
12.3,55.9,30,27,12,12,1,5,13,3,57245,3375,0,12,10071.97550699,2026-02-22 17:15:08,0,normal
13.8,55.8,30,27,12,12,1,5,13,3,3850300,15353,0,242,10073.05566219,2026-02-22 17:15:10,0,normal
17.9,56.3,30,27,12,12,1,5,13,3,393694,1688,0,26,10074.143761362,2026-02-22 17:15:11,0,normal
25.5,56.2,30,27,12,12,1,5,13,3,42017,6790,0,21,10075.240597823,2026-02-22 17:15:12,0,normal
10.0,56.2,30,27,12,12,1,5,13,3,1858,17352,0,18,10076.322460969,2026-02-22 17:15:13,0,normal
20.7,56.3,30,27,12,12,1,5,13,3,32237,1367,0,23,10077.40559478,2026-02-22 17:15:14,0,normal
22.5,56.2,30,27,12,12,1,5,13,3,2726274,46276,0,195,10078.489057579,2026-02-22 17:15:15,0,normal
20.9,56.4,30,27,12,12,1,5,13,3,5651,577,0,8,10079.582890593,2026-02-22 17:15:16,0,normal
16.3,56.5,30,27,12,12,1,5,13,3,3097,7987,0,15,10080.663499445,2026-02-22 17:15:17,0,normal
16.0,56.5,30,27,12,12,1,5,13,3,1359,293,0,4,10081.748834688,2026-02-22 17:15:18,0,normal
13.6,56.4,30,27,12,12,1,5,13,3,2634500,12913,0,164,10082.832520195,2026-02-22 17:15:19,0,normal
9.7,56.4,30,27,12,12,1,5,13,3,1455,292,0,4,10083.921984959,2026-02-22 17:15:20,0,normal
14.0,56.3,30,27,12,12,1,5,13,3,1476,365,0,5,10085.003218834,2026-02-22 17:15:21,0,normal
16.9,56.6,30,27,12,12,1,5,13,3,1821,644,0,8,10086.087945505,2026-02-22 17:15:23,0,normal
17.9,56.6,30,27,12,12,1,5,13,3,868,225,0,3,10087.174704892,2026-02-22 17:15:24,0,normal
12.9,56.8,30,27,12,12,1,5,13,3,491333,7454,0,72,10088.255608437,2026-02-22 17:15:25,0,normal
12.5,56.8,30,27,12,12,1,5,13,3,1107564,18988,0,169,10089.336227318,2026-02-22 17:15:26,0,normal
12.8,56.7,30,27,12,12,1,5,13,3,1081870,9936,0,156,10090.418494473,2026-02-22 17:15:27,0,normal
9.6,56.6,30,27,12,12,1,5,13,3,1040908,8465,0,131,10091.4999216,2026-02-22 17:15:28,0,normal
9.6,56.5,30,27,12,12,1,5,13,3,1115172,11539,0,138,10092.581986315,2026-02-22 17:15:29,0,normal
11.6,56.3,30,27,12,12,1,5,13,3,1141867,11810,0,133,10093.663778738,2026-02-22 17:15:30,0,normal
13.1,56.3,30,27,12,12,1,5,13,3,1058146,8811,0,136,10094.745512501,2026-02-22 17:15:31,0,normal
9.9,56.4,30,27,12,12,1,5,13,3,1055877,16709,0,151,10095.82935316,2026-02-22 17:15:32,0,normal
8.4,56.4,30,27,12,12,1,5,13,3,511644,3416,0,52,10096.910916132,2026-02-22 17:15:33,0,normal
9.8,56.3,30,27,12,12,1,5,13,3,230338,5056,0,40,10097.995497941,2026-02-22 17:15:34,0,normal
10.0,56.3,30,27,12,12,1,5,13,3,1779542,24823,0,177,10099.078286845,2026-02-22 17:15:36,0,normal
22.1,56.2,30,27,12,12,1,5,13,3,1660711,8516,0,137,10100.165577128,2026-02-22 17:15:37,0,normal
16.3,56.2,30,27,12,12,1,5,13,3,186578,3896,0,34,10101.251701012,2026-02-22 17:15:38,0,normal
16.5,56.1,30,27,12,12,1,5,13,3,105579,20033,0,29,10102.334352368,2026-02-22 17:15:39,0,normal
5.3,56.2,30,27,12,12,1,5,13,3,331711,1197,0,19,10103.417405628,2026-02-22 17:15:40,0,normal
12.4,56.3,30,27,12,12,1,5,13,3,0,0,0,0,10104.502152586,2026-02-22 17:15:41,0,normal
11.1,56.0,30,27,12,12,1,5,13,3,0,0,0,0,10105.586116906,2026-02-22 17:15:42,0,normal
11.1,56.1,30,27,12,12,1,5,13,3,1903,40756,0,34,10106.6715912,2026-02-22 17:15:43,0,normal
18.2,56.3,30,27,12,12,1,5,13,3,64702,16582,0,27,10107.762683199,2026-02-22 17:15:44,0,normal
15.9,56.3,30,27,12,12,1,5,13,3,2811725,14518,0,190,10108.843995742,2026-02-22 17:15:45,0,normal
16.4,56.2,30,27,12,12,1,5,13,3,0,0,0,0,10109.926792671,2026-02-22 17:15:46,0,normal
17.3,56.0,29,27,12,12,0,5,12,3,3892,34591,0,33,10111.008933348,2026-02-22 17:15:47,0,normal
16.9,55.8,29,27,12,12,0,5,12,3,234776,3996,0,27,10112.090822213,2026-02-22 17:15:49,0,normal
17.4,55.9,30,27,13,12,0,5,13,3,2754458,32832,5,190,10113.17588756,2026-02-22 17:15:50,0,normal
12.9,56.0,32,27,14,12,0,5,14,4,17519,6275,0,28,10114.259959903,2026-02-22 17:15:51,0,normal
15.2,55.9,32,27,14,12,0,5,14,4,5874,33701,0,36,10115.344834131,2026-02-22 17:15:52,0,normal
13.7,55.9,31,27,14,12,0,5,13,3,4901,757,0,10,10116.425725623,2026-02-22 17:15:53,0,normal
13.0,55.8,31,27,14,12,0,5,13,3,1198,328,0,5,10117.505982946,2026-02-22 17:15:54,0,normal
13.6,55.9,31,27,14,12,0,5,13,3,2853638,17779,0,197,10118.589265205,2026-02-22 17:15:55,0,normal
18.3,56.0,32,27,15,12,0,5,13,3,15851,39095,2,64,10119.675211255,2026-02-22 17:15:56,0,normal
27.5,56.4,39,30,19,12,1,5,16,5,184490,50211,10,229,10120.76490534,2026-02-22 17:15:57,1,tcp_connection_flood
34.0,57.6,40,31,19,12,2,5,17,5,416437,38033,2,265,10121.86297727,2026-02-22 17:15:58,1,tcp_connection_flood
30.8,57.4,42,32,20,12,3,5,17,5,109331,44061,9,172,10122.952020874,2026-02-22 17:15:59,1,tcp_connection_flood
32.0,58.1,43,33,21,12,4,5,18,4,790714,62170,6,362,10124.042594971,2026-02-22 17:16:01,1,tcp_connection_flood
32.2,58.5,46,35,25,12,4,5,19,4,797557,105893,0,401,10125.133686439,2026-02-22 17:16:02,1,tcp_connection_flood
17.3,58.5,46,34,24,12,5,5,19,4,446070,57274,0,255,10126.219811555,2026-02-22 17:16:03,1,tcp_connection_flood
16.2,58.5,45,34,23,12,5,5,19,4,496394,41583,0,202,10127.303958819,2026-02-22 17:16:04,1,tcp_connection_flood
18.9,58.6,45,35,21,12,6,5,19,4,705436,85569,2,293,10128.38750858,2026-02-22 17:16:05,1,tcp_connection_flood
15.9,58.8,47,36,20,12,8,5,20,5,856048,56652,3,304,10129.47313489,2026-02-22 17:16:06,1,tcp_connection_flood
16.8,58.6,47,38,21,12,9,5,21,4,848149,54464,1,385,10130.561678335,2026-02-22 17:16:07,1,tcp_connection_flood
18.2,58.6,48,38,20,12,9,5,21,5,575717,39598,0,271,10131.645262301,2026-02-22 17:16:08,1,tcp_connection_flood
14.0,58.7,49,43,22,12,9,5,23,4,916612,98800,6,343,10132.727946438,2026-02-22 17:16:09,1,tcp_connection_flood
14.6,58.7,49,45,22,12,10,5,23,4,823855,100536,4,353,10133.811656872,2026-02-22 17:16:10,1,tcp_connection_flood
16.2,58.5,49,44,22,12,10,5,23,4,857134,36738,2,255,10134.897875974,2026-02-22 17:16:11,1,tcp_connection_flood
14.3,58.5,49,44,22,12,10,5,23,4,406823,24790,0,169,10135.985223374,2026-02-22 17:16:12,1,tcp_connection_flood
14.7,58.5,49,44,22,12,10,5,23,4,47607,33590,0,102,10137.066059503,2026-02-22 17:16:14,1,tcp_connection_flood
18.4,58.6,51,45,22,12,10,5,23,5,708645,29334,0,208,10138.153791876,2026-02-22 17:16:15,1,tcp_connection_flood
18.7,58.6,53,48,22,12,10,5,25,6,1653482,113959,1,387,10139.235423096,2026-02-22 17:16:16,1,tcp_connection_flood
16.0,58.7,52,47,24,12,11,5,24,4,1706863,66145,1,423,10140.318520819,2026-02-22 17:16:17,1,tcp_connection_flood
16.5,58.7,52,48,23,12,12,5,24,4,549707,98418,0,291,10141.403655265,2026-02-22 17:16:18,1,tcp_connection_flood
16.8,58.7,51,47,22,12,12,5,24,4,35543,17816,0,72,10142.48493692,2026-02-22 17:16:19,1,tcp_connection_flood
16.6,58.8,51,47,22,12,12,5,24,4,1407245,117734,0,281,10143.569437817,2026-02-22 17:16:20,1,tcp_connection_flood
19.8,58.9,52,47,21,12,12,5,24,5,2658170,103552,0,373,10144.657033783,2026-02-22 17:16:21,1,tcp_connection_flood
20.1,58.8,51,47,22,12,12,5,24,4,133285,64522,0,138,10145.741069106,2026-02-22 17:16:22,1,tcp_connection_flood
16.2,59.1,51,47,22,12,12,5,24,4,99995,29357,2,125,10146.827174105,2026-02-22 17:16:23,1,tcp_connection_flood
19.3,58.6,52,47,21,12,12,5,24,5,1156029,17701,0,217,10147.920161872,2026-02-22 17:16:24,1,tcp_connection_flood
15.8,58.5,52,47,21,12,12,5,24,5,365166,9496,0,87,10149.005939766,2026-02-22 17:16:25,1,tcp_connection_flood
14.7,58.6,51,47,22,12,12,5,24,4,3154942,23372,0,291,10150.091059636,2026-02-22 17:16:27,1,tcp_connection_flood
13.1,58.7,51,47,22,12,12,5,24,4,9177,2646,0,49,10151.176358541,2026-02-22 17:16:28,1,tcp_connection_flood
15.4,58.7,51,47,22,12,12,5,24,4,304902,50312,0,156,10152.257567468,2026-02-22 17:16:29,1,tcp_connection_flood
11.3,58.6,51,47,22,12,12,5,24,4,817133,16474,0,189,10153.345425407,2026-02-22 17:16:30,1,tcp_connection_flood
16.0,58.6,52,45,21,12,12,5,24,5,773989,12966,0,184,10154.431579725,2026-02-22 17:16:31,1,tcp_connection_flood
11.4,58.4,51,43,22,12,12,5,24,4,914600,14418,0,200,10155.513906212,2026-02-22 17:16:32,1,tcp_connection_flood
8.5,58.4,51,43,22,12,12,5,24,4,954265,19513,0,191,10156.595667768,2026-02-22 17:16:33,1,tcp_connection_flood
11.6,58.5,51,42,22,12,12,5,24,4,417521,70934,0,153,10157.683973027,2026-02-22 17:16:34,1,tcp_connection_flood
12.9,58.4,51,42,22,12,12,5,24,4,2228910,16579,0,276,10158.770310873,2026-02-22 17:16:35,1,tcp_connection_flood
8.0,58.1,51,42,22,12,12,5,24,4,355103,4029,0,60,10159.852793702,2026-02-22 17:16:36,1,tcp_connection_flood
4.6,58.0,51,41,22,12,12,5,24,4,8867,2176,0,38,10160.935130798,2026-02-22 17:16:37,1,tcp_connection_flood
10.4,58.0,51,41,22,12,12,5,24,4,143306,5463,0,56,10162.020451524,2026-02-22 17:16:39,1,tcp_connection_flood
11.4,58.0,51,39,22,12,12,5,24,4,2491580,22834,0,305,10163.102289905,2026-02-22 17:16:40,1,tcp_connection_flood
7.9,58.0,51,37,22,12,12,5,24,4,858536,8487,0,144,10164.185993695,2026-02-22 17:16:41,1,tcp_connection_flood
10.2,57.7,51,37,22,12,12,5,24,4,8908,2332,0,49,10165.270528576,2026-02-22 17:16:42,1,tcp_connection_flood
6.0,57.7,51,37,21,12,12,5,24,4,2664,728,0,13,10166.35835702,2026-02-22 17:16:43,1,tcp_connection_flood
3.8,57.8,51,37,21,12,12,5,24,4,4277,1240,0,24,10167.437727857,2026-02-22 17:16:44,1,tcp_connection_flood
5.3,57.5,51,36,21,12,12,5,24,4,1317915,10664,0,131,10168.517975072,2026-02-22 17:16:45,1,tcp_connection_flood
7.6,57.5,51,34,22,12,12,5,24,4,2916408,18814,0,303,10169.600136068,2026-02-22 17:16:46,1,tcp_connection_flood
6.5,57.4,51,34,22,12,12,5,24,4,169079,2576,0,51,10170.684216206,2026-02-22 17:16:47,1,tcp_connection_flood
5.9,57.4,51,34,22,12,12,5,24,4,14289,9602,0,51,10171.766160755,2026-02-22 17:16:48,1,tcp_connection_flood
8.3,57.4,51,34,22,12,12,5,24,4,2413323,15510,0,216,10172.848280284,2026-02-22 17:16:49,1,tcp_connection_flood
7.4,57.3,52,32,21,12,12,5,24,5,675252,8415,0,96,10173.930587454,2026-02-22 17:16:50,1,tcp_connection_flood
6.3,57.2,52,32,21,12,12,5,24,5,7800,2016,0,41,10175.013589548,2026-02-22 17:16:52,1,tcp_connection_flood
4.7,57.3,50,32,21,12,12,5,24,3,1478,388,0,7,10176.095557289,2026-02-22 17:16:53,0,normal
6.3,57.3,50,31,21,12,12,5,24,3,3195,17191,2,22,10177.179282441,2026-02-22 17:16:54,0,normal
3.5,57.3,50,31,21,12,12,5,24,3,2767078,13283,0,170,10178.261920171,2026-02-22 17:16:55,0,normal
3.5,57.3,50,31,21,12,12,5,24,3,239033,1044,0,16,10179.347000015,2026-02-22 17:16:56,0,normal
5.9,57.2,50,31,21,12,12,5,24,3,4373,9345,0,18,10180.428363404,2026-02-22 17:16:57,0,normal
2.1,57.3,50,30,21,12,12,5,24,3,238,241,0,3,10181.509723056,2026-02-22 17:16:58,0,normal
5.7,57.3,50,30,21,12,12,5,24,3,454787,8561,0,69,10182.589997079,2026-02-22 17:16:59,0,normal
7.4,57.3,50,30,21,12,12,5,24,3,821883,8616,0,132,10183.67076967,2026-02-22 17:17:00,0,normal
13.5,57.4,46,30,21,12,8,5,23,3,829534,18863,0,157,10184.75369453,2026-02-22 17:17:01,0,normal
7.5,57.4,46,30,21,12,8,5,23,3,700745,6918,0,106,10185.835427802,2026-02-22 17:17:02,0,normal
2.4,57.4,46,30,21,12,8,5,23,3,52240,8169,0,18,10186.917858385,2026-02-22 17:17:03,0,normal
2.1,57.4,44,28,21,12,6,5,22,3,553720,7011,0,69,10187.998951797,2026-02-22 17:17:04,0,normal
2.5,57.4,44,28,21,12,6,5,22,3,757860,6633,0,99,10189.082689251,2026-02-22 17:17:06,0,normal
3.5,57.4,44,28,21,12,6,5,22,3,895921,8284,0,125,10190.166359821,2026-02-22 17:17:07,0,normal
2.8,57.4,44,28,21,12,6,5,22,3,844538,8670,0,134,10191.248660004,2026-02-22 17:17:08,0,normal
1.8,57.4,41,28,21,12,3,5,21,3,0,0,0,0,10192.32803997,2026-02-22 17:17:09,0,normal
1.9,57.4,41,28,21,12,3,5,21,3,206705,4480,0,31,10193.408647421,2026-02-22 17:17:10,0,normal
3.9,57.4,41,28,21,12,3,5,21,3,1320288,10086,0,160,10194.491486899,2026-02-22 17:17:11,0,normal
2.3,57.4,41,28,21,12,3,5,21,3,1376093,7119,0,113,10195.575746946,2026-02-22 17:17:12,0,normal
2.1,57.4,40,28,21,12,2,5,20,3,404,316,0,4,10196.656801245,2026-02-22 17:17:13,0,normal
1.6,57.4,40,28,21,12,2,5,20,3,2098,2852,0,5,10197.738458033,2026-02-22 17:17:14,0,normal
3.6,57.4,40,28,21,12,2,5,20,3,2799988,15318,0,243,10198.819329899,2026-02-22 17:17:15,0,normal
4.3,57.3,40,28,21,12,2,5,20,3,1009763,4481,0,71,10199.901013078,2026-02-22 17:17:16,0,normal
2.2,57.3,39,28,21,12,1,5,20,3,0,0,0,0,10200.982603393,2026-02-22 17:17:17,0,normal
1.9,57.3,39,28,21,12,1,5,20,3,1706,7541,0,8,10202.064916153,2026-02-22 17:17:19,0,normal
4.0,57.4,39,28,21,12,1,5,20,3,3744592,17351,0,235,10203.146712915,2026-02-22 17:17:20,0,normal
2.9,57.3,38,28,21,12,0,5,19,3,0,0,0,0,10204.227899893,2026-02-22 17:17:21,0,normal
1.7,57.3,38,28,21,12,0,5,19,3,90,40,0,1,10205.308371217,2026-02-22 17:17:22,0,normal
1.4,57.3,38,28,21,12,0,5,19,3,0,0,0,0,10206.388534002,2026-02-22 17:17:23,0,normal
2.2,57.3,38,28,21,12,0,5,19,3,231,143,0,2,10207.471189805,2026-02-22 17:17:24,0,normal
17.6,57.9,38,28,21,12,0,5,19,3,3312438,15977,0,211,10208.550933473,2026-02-22 17:17:25,0,normal
14.4,57.9,38,28,21,12,0,5,19,3,739807,2956,0,46,10209.636791718,2026-02-22 17:17:26,0,normal
9.2,58.0,38,28,21,12,0,5,19,3,1609,18987,0,16,10210.718798484,2026-02-22 17:17:27,0,normal
12.5,57.9,38,28,21,12,0,5,19,3,695,72,0,1,10211.800683101,2026-02-22 17:17:28,0,normal
10.6,57.9,37,28,20,12,0,5,18,3,2403547,11947,0,150,10212.886706716,2026-02-22 17:17:29,0,normal
9.9,58.0,37,28,20,12,0,5,18,3,2308879,12196,0,144,10213.970210292,2026-02-22 17:17:30,0,normal
9.2,58.0,37,28,20,12,0,5,18,3,0,0,0,0,10215.050818933,2026-02-22 17:17:32,0,normal
8.3,58.0,37,28,20,12,0,5,18,3,158,59,0,1,10216.131379755,2026-02-22 17:17:33,0,normal
9.1,58.0,37,28,20,12,0,5,18,3,244767,12619,0,44,10217.211472198,2026-02-22 17:17:34,0,normal
8.6,58.0,37,28,20,12,0,5,18,3,693115,8576,0,120,10218.292831488,2026-02-22 17:17:35,0,normal
13.3,57.8,37,28,20,12,0,5,18,3,690774,8621,0,134,10219.37339764,2026-02-22 17:17:36,0,normal
9.6,57.7,37,27,20,12,0,5,18,3,688282,8662,0,133,10220.453767764,2026-02-22 17:17:37,0,normal
9.1,57.6,37,27,20,12,0,5,18,3,687547,8509,0,132,10221.5371864,2026-02-22 17:17:38,0,normal
9.2,57.7,37,27,20,12,0,5,18,3,242457,4897,0,37,10222.622524338,2026-02-22 17:17:39,0,normal
9.6,57.6,37,27,20,12,0,5,18,3,690917,8774,0,129,10223.702174952,2026-02-22 17:17:40,0,normal
12.4,57.5,37,27,20,12,0,5,18,3,677480,8889,0,139,10224.784884978,2026-02-22 17:17:41,0,normal
9.3,57.6,37,27,20,12,0,5,18,3,280540,3435,0,54,10225.866280195,2026-02-22 17:17:42,0,normal
10.8,57.5,37,28,20,12,0,5,18,3,6259,4275,0,7,10226.945822236,2026-02-22 17:17:43,0,normal
9.2,57.5,37,28,20,12,0,5,18,3,306947,4863,0,37,10228.026657863,2026-02-22 17:17:45,0,normal
9.2,57.5,37,28,20,12,0,5,18,3,844974,5374,0,85,10229.110015144,2026-02-22 17:17:46,0,normal
9.7,57.4,37,28,20,12,0,5,18,3,0,0,0,0,10230.194280179,2026-02-22 17:17:47,0,normal
8.8,57.5,37,28,20,12,0,5,18,3,281,230,0,3,10231.276801961,2026-02-22 17:17:48,0,normal
9.0,57.4,37,28,20,12,0,5,18,3,1618,7544,0,8,10232.36155912,2026-02-22 17:17:49,0,normal
9.6,57.5,37,28,20,12,0,5,18,3,550684,4868,0,37,10233.444802346,2026-02-22 17:17:50,0,normal
10.3,57.6,37,28,20,12,0,5,18,3,0,0,0,0,10234.525325708,2026-02-22 17:17:51,0,normal
8.6,57.6,37,28,20,12,0,5,18,3,0,0,0,0,10235.606646145,2026-02-22 17:17:52,0,normal
8.4,57.6,37,28,20,12,0,5,18,3,304,61,0,1,10236.687929002,2026-02-22 17:17:53,0,normal
9.5,57.6,38,28,21,12,0,5,19,3,1333549,15447,5,145,10237.768903711,2026-02-22 17:17:54,0,normal
9.7,57.6,38,28,21,12,0,5,19,3,18332,1786,0,17,10238.851530691,2026-02-22 17:17:55,0,normal
12.1,57.5,38,28,21,12,0,5,19,3,379,195,0,3,10239.932826212,2026-02-22 17:17:56,0,normal
8.9,57.5,38,27,21,12,0,5,19,3,387,429,0,6,10241.014419011,2026-02-22 17:17:58,0,normal
9.6,57.6,37,28,20,12,0,5,18,3,5123,19567,0,20,10242.096996368,2026-02-22 17:17:59,0,normal
9.6,57.5,37,28,20,12,0,5,18,3,1220026,7640,0,81,10243.177340232,2026-02-22 17:18:00,0,normal
10.1,57.5,37,28,20,12,0,5,18,3,0,0,0,0,10244.258502353,2026-02-22 17:18:01,0,normal
9.0,57.6,37,28,20,12,0,5,18,3,0,0,0,0,10245.339943908,2026-02-22 17:18:02,0,normal
7.9,57.6,37,28,20,12,0,5,18,3,0,0,0,0,10246.42384542,2026-02-22 17:18:03,0,normal
7.9,57.6,37,28,20,12,0,5,18,3,2354,7860,0,13,10247.507968839,2026-02-22 17:18:04,0,normal
8.5,57.6,36,28,19,12,0,5,17,3,1927694,12967,0,125,10248.590913635,2026-02-22 17:18:05,0,normal
21.3,57.8,36,28,19,12,0,5,17,3,2954929,12012,0,190,10249.675851333,2026-02-22 17:18:06,0,normal
14.9,57.9,36,28,19,12,0,5,17,3,16063,4996,0,13,10250.761631882,2026-02-22 17:18:07,0,normal
5.0,57.9,36,28,19,12,0,5,17,3,281,230,0,3,10251.854049341,2026-02-22 17:18:08,0,normal
8.0,58.2,36,28,19,12,0,5,17,3,1659630,9216,0,106,10252.93622863,2026-02-22 17:18:09,0,normal
11.2,58.2,36,28,19,12,0,5,17,3,842,3517,0,7,10254.02347405,2026-02-22 17:18:11,0,normal
6.7,58.2,36,28,19,12,0,5,17,3,0,0,0,0,10255.106152748,2026-02-22 17:18:12,0,normal
6.6,58.2,36,28,19,12,0,5,17,3,228,132,0,2,10256.189920378,2026-02-22 17:18:13,0,normal
4.9,58.3,36,27,19,12,0,5,17,3,158,59,0,1,10257.273887322,2026-02-22 17:18:14,0,normal
7.4,57.7,36,27,19,12,0,5,17,3,1110859,6821,0,68,10258.363242592,2026-02-22 17:18:15,0,normal
10.3,57.7,36,27,19,12,0,5,17,3,0,0,0,0,10259.447819111,2026-02-22 17:18:16,0,normal
7.6,57.7,36,27,19,12,0,5,17,3,0,0,0,0,10260.533209919,2026-02-22 17:18:17,0,normal
8.0,57.2,36,27,19,12,0,5,17,3,0,0,0,0,10261.613772395,2026-02-22 17:18:18,0,normal
9.3,57.1,36,28,19,12,0,5,17,3,13975,22880,0,31,10262.694863892,2026-02-22 17:18:19,0,normal
13.4,57.1,36,28,19,12,0,5,17,3,2327939,29775,0,202,10263.777372751,2026-02-22 17:18:20,0,normal
14.9,57.2,36,28,19,12,0,5,17,3,58037,9221,0,24,10264.861942818,2026-02-22 17:18:21,0,normal
8.3,57.5,36,28,19,12,0,5,17,3,4170,9021,0,13,10265.943464353,2026-02-22 17:18:22,0,normal
9.2,57.6,36,29,19,12,0,5,17,3,36375,55886,0,75,10267.028537945,2026-02-22 17:18:24,0,normal
18.2,57.9,37,30,20,12,0,5,18,3,3435005,37411,0,319,10268.115805075,2026-02-22 17:18:25,0,normal
12.0,58.0,37,30,20,12,0,5,18,3,34189,5195,0,16,10269.206194114,2026-02-22 17:18:26,0,normal
3.5,57.9,37,30,20,12,0,5,18,3,14302,13571,0,19,10270.288357282,2026-02-22 17:18:27,0,normal
11.8,58.0,37,30,20,12,0,5,18,3,112283,39466,0,65,10271.3671097,2026-02-22 17:18:28,0,normal
9.5,57.6,37,29,20,12,0,5,18,3,266480,13433,0,42,10272.449114842,2026-02-22 17:18:29,0,normal
4.9,57.7,37,29,20,12,0,5,18,3,702850,12636,0,121,10273.531305613,2026-02-22 17:18:30,0,normal
12.2,58.4,37,29,20,12,0,5,18,3,666857,8279,0,121,10274.612873996,2026-02-22 17:18:31,0,normal
12.0,58.4,37,29,20,12,0,5,18,3,578328,30123,0,130,10275.693225515,2026-02-22 17:18:32,0,normal
7.4,58.1,37,29,20,12,0,5,18,3,3553,1012,0,11,10276.773630605,2026-02-22 17:18:33,1,port_scan_simulation
6.7,58.2,37,29,20,12,0,5,18,3,35020,11015,0,26,10277.85534389,2026-02-22 17:18:34,1,port_scan_simulation
5.4,58.2,37,29,20,12,0,5,18,3,779922,9117,0,142,10278.935858124,2026-02-22 17:18:35,1,port_scan_simulation
20.6,57.9,38,29,21,12,0,5,19,3,688853,12368,0,167,10280.018405234,2026-02-22 17:18:37,1,port_scan_simulation
19.0,58.5,38,29,21,12,0,5,19,3,1056770,17665,0,169,10281.101435691,2026-02-22 17:18:38,1,port_scan_simulation
21.8,58.9,38,30,21,12,0,5,19,3,1160902,31206,0,149,10282.185357772,2026-02-22 17:18:39,1,port_scan_simulation
14.0,58.2,38,30,21,12,0,5,19,3,15694,9410,0,23,10283.265790623,2026-02-22 17:18:40,1,port_scan_simulation
9.4,58.0,38,30,20,12,1,5,19,3,59857,18359,0,38,10284.346340044,2026-02-22 17:18:41,1,port_scan_simulation
7.9,57.9,38,30,20,12,1,5,19,3,69516,10009,0,31,10285.430737266,2026-02-22 17:18:42,1,port_scan_simulation
16.1,57.8,39,30,21,12,1,5,20,3,77790,11569,0,41,10286.523247537,2026-02-22 17:18:43,1,port_scan_simulation
15.4,57.9,38,30,20,12,1,5,19,3,55616,10604,0,36,10287.609981185,2026-02-22 17:18:44,1,port_scan_simulation
6.2,57.9,39,30,21,12,1,5,20,3,1912699,25179,5,192,10288.695878835,2026-02-22 17:18:45,1,port_scan_simulation
10.0,58.0,39,30,21,12,1,5,20,3,2522292,34968,0,237,10289.779508207,2026-02-22 17:18:46,1,port_scan_simulation
15.2,58.1,39,30,21,12,1,5,20,3,626061,7945,0,97,10290.864306763,2026-02-22 17:18:47,1,port_scan_simulation
5.3,58.2,39,30,19,12,3,5,20,3,1865,1982,0,19,10291.947009806,2026-02-22 17:18:48,1,port_scan_simulation
8.4,58.2,39,30,19,12,3,5,20,3,2211751,27931,2,207,10293.03236166,2026-02-22 17:18:50,1,port_scan_simulation
10.6,58.2,39,30,18,12,4,5,20,3,1531897,13914,0,171,10294.115081644,2026-02-22 17:18:51,1,port_scan_simulation
19.2,58.4,39,30,15,12,7,5,20,3,666591,7547,0,119,10295.203522036,2026-02-22 17:18:52,1,port_scan_simulation
6.1,58.4,39,30,15,12,7,5,20,3,1212,13571,0,18,10296.285766038,2026-02-22 17:18:53,1,port_scan_simulation
3.3,58.4,39,30,15,12,7,5,20,3,1509,701,0,13,10297.368107752,2026-02-22 17:18:54,1,port_scan_simulation
3.4,58.5,39,29,15,12,7,5,20,3,808926,8940,0,104,10298.450447764,2026-02-22 17:18:55,1,port_scan_simulation
6.2,58.4,39,29,15,12,7,5,20,3,1414848,12574,0,161,10299.532086449,2026-02-22 17:18:56,1,port_scan_simulation
7.0,58.4,39,29,14,12,8,5,20,3,1313332,8200,0,132,10300.614406593,2026-02-22 17:18:57,1,port_scan_simulation
4.0,58.2,39,29,14,12,8,5,20,3,816,320,0,8,10301.695896618,2026-02-22 17:18:58,1,port_scan_simulation
3.1,58.2,39,29,14,12,8,5,20,3,1849503,11892,0,151,10302.777380501,2026-02-22 17:18:59,1,port_scan_simulation
3.6,58.3,39,29,14,12,8,5,20,3,1954828,9149,0,148,10303.860423963,2026-02-22 17:19:00,1,port_scan_simulation
5.7,58.3,39,29,14,12,8,5,20,3,816,320,0,8,10304.942082004,2026-02-22 17:19:01,1,port_scan_simulation
2.7,58.3,39,29,14,12,8,5,20,3,816,320,0,8,10306.023149387,2026-02-22 17:19:03,1,port_scan_simulation
4.8,58.2,40,28,15,12,8,5,21,3,4512,4394,0,18,10307.106550899,2026-02-22 17:19:04,1,port_scan_simulation
20.9,58.8,41,28,15,12,9,5,22,3,1632179,30702,4,252,10308.192316541,2026-02-22 17:19:05,1,port_scan_simulation
19.9,58.5,41,28,15,12,9,5,22,3,2560588,36664,0,319,10309.285670065,2026-02-22 17:19:06,1,port_scan_simulation
2.8,58.4,41,28,15,12,9,5,22,3,714,320,0,8,10310.368847989,2026-02-22 17:19:07,1,port_scan_simulation
2.9,58.4,41,27,15,12,9,5,22,3,816,320,0,8,10311.451274362,2026-02-22 17:19:08,1,port_scan_simulation
4.9,58.4,41,27,15,12,9,5,22,3,1002,405,0,10,10312.533855716,2026-02-22 17:19:09,1,port_scan_simulation
3.3,58.3,41,27,15,12,9,5,22,3,2098968,12104,0,154,10313.616374193,2026-02-22 17:19:10,1,port_scan_simulation
5.1,58.3,41,27,15,12,9,5,22,3,2604691,17587,0,181,10314.69900994,2026-02-22 17:19:11,1,port_scan_simulation
5.8,58.4,41,27,15,12,9,5,22,3,894,348,0,9,10315.785253367,2026-02-22 17:19:12,1,port_scan_simulation
1.7,58.4,41,27,15,12,9,5,22,3,816,320,0,8,10316.867161227,2026-02-22 17:19:13,1,port_scan_simulation
5.7,58.4,41,27,14,12,10,5,22,3,2314010,12578,0,160,10317.946928459,2026-02-22 17:19:14,0,normal
10.0,58.1,41,27,14,12,10,5,22,3,1734552,7317,0,116,10319.031667072,2026-02-22 17:19:16,0,normal
10.1,58.2,41,27,14,12,10,5,22,3,182,194,0,2,10320.119613377,2026-02-22 17:19:17,0,normal
5.8,58.2,41,27,14,12,10,5,22,3,102,695,0,1,10321.201430758,2026-02-22 17:19:18,0,normal
18.1,58.2,43,28,16,12,10,5,24,3,1665785,24738,2,178,10322.285702495,2026-02-22 17:19:19,0,normal
16.9,58.7,43,28,16,12,10,5,24,3,2161011,20008,0,193,10323.373510319,2026-02-22 17:19:20,0,normal
24.9,59.3,43,28,16,12,10,5,24,3,544523,8223,2,129,10324.463589698,2026-02-22 17:19:21,0,normal
12.9,59.2,43,28,16,12,10,5,24,3,0,0,0,0,10325.54664432,2026-02-22 17:19:22,0,normal
9.4,59.2,43,28,16,12,10,5,24,3,141,143,0,2,10326.628300949,2026-02-22 17:19:23,0,normal
12.4,59.2,42,28,15,12,10,5,23,3,536,220,0,4,10327.709357842,2026-02-22 17:19:24,0,normal
9.6,59.1,42,28,15,12,10,5,23,3,688650,5504,0,47,10328.791176725,2026-02-22 17:19:25,0,normal
9.9,59.1,42,28,15,12,10,5,23,3,0,0,0,0,10329.872263433,2026-02-22 17:19:26,0,normal
8.4,59.1,42,28,15,12,10,5,23,3,0,0,0,0,10330.954151667,2026-02-22 17:19:27,0,normal
8.9,59.0,42,28,15,12,10,5,23,3,0,0,0,0,10332.037070094,2026-02-22 17:19:29,0,normal
8.8,59.0,42,28,15,12,10,5,23,3,598003,5331,0,45,10333.118838693,2026-02-22 17:19:30,0,normal
10.6,59.0,42,28,15,12,10,5,23,3,755,3497,0,6,10334.203284366,2026-02-22 17:19:31,0,normal
8.3,59.0,42,28,15,12,10,5,23,3,0,0,0,0,10335.286656926,2026-02-22 17:19:32,0,normal
9.3,59.0,42,28,15,12,10,5,23,3,0,0,0,0,10336.372696221,2026-02-22 17:19:33,0,normal
11.0,58.6,42,28,15,12,10,5,23,3,725681,5687,0,50,10337.454466873,2026-02-22 17:19:34,0,normal
9.9,58.6,42,28,15,12,10,5,23,3,1882,7651,0,10,10338.538471219,2026-02-22 17:19:35,0,normal
10.4,58.6,42,28,15,12,10,5,23,3,0,0,0,0,10339.620931456,2026-02-22 17:19:36,0,normal
8.5,58.5,42,28,15,12,10,5,23,3,0,0,0,0,10340.702331463,2026-02-22 17:19:37,0,normal
8.6,58.5,42,28,15,12,10,5,23,3,0,0,0,0,10341.785126548,2026-02-22 17:19:38,0,normal
13.0,58.7,42,28,15,12,10,5,23,3,1833592,9658,0,113,10342.869698108,2026-02-22 17:19:39,0,normal
14.4,58.9,42,28,15,12,10,5,23,3,1553130,6054,0,96,10343.960956229,2026-02-22 17:19:40,0,normal
14.2,58.9,42,27,15,12,10,5,23,3,102,52,0,1,10345.044384103,2026-02-22 17:19:42,0,normal
11.2,58.9,42,27,15,12,10,5,23,3,0,0,0,0,10346.12808598,2026-02-22 17:19:43,0,normal
8.6,58.9,42,27,15,12,10,5,23,3,562967,5310,0,44,10347.212336688,2026-02-22 17:19:44,0,normal
23.0,59.3,41,27,15,12,9,5,22,3,3999123,16213,0,250,10348.297707368,2026-02-22 17:19:45,0,normal
12.4,57.5,41,29,15,12,9,5,22,3,14682,24091,0,30,10349.379981886,2026-02-22 17:19:46,0,normal
8.1,57.5,41,29,15,12,9,5,22,3,0,0,0,0,10350.471568925,2026-02-22 17:19:47,0,normal
8.6,57.4,41,29,15,12,9,5,22,3,141,143,0,2,10351.560078036,2026-02-22 17:19:48,0,normal
4.5,57.4,40,28,14,12,9,5,21,3,458252,5222,0,42,10352.64572789,2026-02-22 17:19:49,0,normal
10.3,57.6,40,28,14,12,9,5,21,3,4000114,23509,0,254,10353.732324111,2026-02-22 17:19:50,0,normal
5.5,57.7,40,28,14,12,9,5,21,3,0,0,0,0,10354.815689386,2026-02-22 17:19:51,0,normal
8.0,57.6,34,28,14,12,3,5,18,3,0,0,0,0,10355.901063442,2026-02-22 17:19:52,0,normal
3.5,57.6,34,28,14,12,3,5,18,3,231,143,0,2,10356.984598807,2026-02-22 17:19:53,0,normal
7.4,57.7,34,28,14,12,3,5,18,3,1451994,8902,0,98,10358.067158701,2026-02-22 17:19:55,0,normal
16.2,57.4,34,28,14,12,3,5,18,3,2170155,8720,0,134,10359.149905246,2026-02-22 17:19:56,0,normal
15.4,57.2,33,28,14,12,2,5,17,3,0,0,0,0,10360.237912184,2026-02-22 17:19:57,0,normal
10.9,57.2,33,28,14,12,2,5,17,3,0,0,0,0,10361.320557127,2026-02-22 17:19:58,0,normal
15.7,57.2,33,28,14,12,2,5,17,3,1006455,25824,0,119,10362.405030383,2026-02-22 17:19:59,0,normal
7.8,57.4,33,28,14,12,2,5,17,3,2013473,8789,0,139,10363.488439049,2026-02-22 17:20:00,0,normal
7.4,57.3,33,28,14,12,2,5,17,3,0,0,0,0,10364.571736107,2026-02-22 17:20:01,0,normal
3.2,57.2,33,28,14,12,2,5,17,3,0,0,0,0,10365.654685982,2026-02-22 17:20:02,0,normal
5.2,57.3,33,28,14,12,2,5,17,3,0,0,0,0,10366.738334419,2026-02-22 17:20:03,0,normal
4.3,57.3,33,28,14,12,2,5,17,3,518741,5814,0,52,10367.826847216,2026-02-22 17:20:04,0,normal
7.4,57.3,32,28,14,12,1,5,16,3,706726,10582,0,56,10368.913227741,2026-02-22 17:20:05,0,normal
8.5,57.2,32,28,14,12,1,5,16,3,102,0,0,0,10369.996727439,2026-02-22 17:20:06,0,normal
3.9,57.1,32,28,14,12,1,5,16,3,0,0,0,0,10371.082184871,2026-02-22 17:20:08,0,normal
9.4,57.2,32,28,14,12,1,5,16,3,1157372,7137,0,73,10372.165014131,2026-02-22 17:20:09,0,normal
7.5,56.7,32,29,14,12,1,5,16,4,258948,1139,0,17,10373.251216291,2026-02-22 17:20:10,0,normal
15.6,56.9,32,28,14,12,1,5,16,3,4616,16172,0,19,10374.340495397,2026-02-22 17:20:11,0,normal
9.6,57.0,32,28,14,12,1,5,16,3,0,0,0,0,10375.426119874,2026-02-22 17:20:12,0,normal
8.8,57.0,32,28,14,12,1,5,16,3,0,0,0,0,10376.509244588,2026-02-22 17:20:13,0,normal
8.4,57.0,32,28,14,12,1,5,16,3,173,2892,0,5,10377.590969124,2026-02-22 17:20:14,0,normal
9.3,57.0,32,27,14,12,1,5,16,3,1236618,9460,0,142,10378.675255819,2026-02-22 17:20:15,0,normal
9.8,56.9,32,26,14,12,1,5,16,3,0,0,0,0,10379.758881454,2026-02-22 17:20:16,0,normal
9.1,57.0,31,26,14,12,0,5,15,3,231,143,0,2,10380.841420529,2026-02-22 17:20:17,0,normal
9.3,57.0,31,26,14,12,0,5,15,3,170,2719,0,3,10381.923259179,2026-02-22 17:20:18,0,normal
10.1,57.4,31,26,14,12,0,5,15,3,1259903,9563,0,149,10383.007035346,2026-02-22 17:20:19,0,normal
13.4,57.6,31,26,14,12,0,5,15,3,1140171,16345,0,146,10384.090999706,2026-02-22 17:20:21,0,normal
15.1,57.4,31,26,14,12,0,5,15,3,1225372,9710,0,146,10385.175488331,2026-02-22 17:20:22,0,normal
11.1,56.9,31,26,14,12,0,5,15,3,61236,508,0,7,10386.260306744,2026-02-22 17:20:23,0,normal
9.8,56.9,32,26,15,12,0,5,15,4,2504877,5172,0,129,10387.34341122,2026-02-22 17:20:24,1,bulk_download
23.3,57.1,32,26,15,12,0,5,15,4,24610035,55811,0,1242,10388.432027011,2026-02-22 17:20:25,1,bulk_download
24.3,57.1,32,26,15,12,0,5,15,4,26004613,55232,0,1287,10389.52142986,2026-02-22 17:20:26,1,bulk_download
26.4,57.7,32,26,15,12,0,5,15,4,25417690,58402,0,1359,10390.61641668,2026-02-22 17:20:27,1,bulk_download
32.9,57.2,32,26,15,12,0,5,15,4,27332413,56464,0,1362,10391.707409743,2026-02-22 17:20:28,1,bulk_download
22.2,57.1,32,26,15,12,0,5,15,4,30910879,56733,0,1416,10392.796434361,2026-02-22 17:20:29,1,bulk_download
27.3,57.3,32,26,15,12,0,5,15,4,30219654,75220,0,1664,10393.885806282,2026-02-22 17:20:30,1,bulk_download
34.6,57.7,32,26,15,12,0,5,15,4,30140304,70336,0,1604,10394.974970572,2026-02-22 17:20:31,1,bulk_download
24.6,57.7,32,26,15,12,0,5,15,4,33651666,64400,0,1610,10396.066345763,2026-02-22 17:20:33,1,bulk_download
23.8,57.7,32,26,15,12,0,5,15,4,30204690,56680,0,1417,10397.158991518,2026-02-22 17:20:34,1,bulk_download
33.8,57.8,32,26,15,12,0,5,15,4,31305929,78474,0,1728,10398.255946061,2026-02-22 17:20:35,1,bulk_download
36.7,57.8,32,26,15,12,0,5,15,4,31204011,75551,0,1597,10399.347503965,2026-02-22 17:20:36,1,bulk_download
22.5,58.0,32,26,15,12,0,5,15,4,33878632,61680,0,1542,10400.432965335,2026-02-22 17:20:37,1,bulk_download
25.7,57.7,32,26,15,12,0,5,15,4,35801770,64160,0,1604,10401.528739753,2026-02-22 17:20:38,1,bulk_download
22.8,57.7,32,26,15,12,0,5,15,4,33674272,62440,0,1561,10402.619076835,2026-02-22 17:20:39,1,bulk_download
26.4,57.9,32,25,15,12,0,5,15,4,32592874,80282,0,1767,10403.708035199,2026-02-22 17:20:40,1,bulk_download
25.4,57.4,32,25,15,12,0,5,15,4,31327590,61040,0,1493,10404.79569195,2026-02-22 17:20:41,1,bulk_download
19.6,57.5,32,25,15,12,0,5,15,4,32024790,56544,0,1401,10405.880424202,2026-02-22 17:20:42,1,bulk_download
19.7,57.5,32,25,15,12,0,5,15,4,28607780,49743,0,1242,10406.97819673,2026-02-22 17:20:43,1,bulk_download
19.7,57.8,32,25,15,12,0,5,15,4,24268840,58245,0,1293,10408.064648429,2026-02-22 17:20:45,1,bulk_download
25.7,57.1,31,25,14,12,0,5,15,4,25205966,43579,0,1086,10409.15151676,2026-02-22 17:20:46,1,bulk_download
20.9,57.1,31,25,14,12,0,5,15,4,27449904,48663,0,1215,10410.24155974,2026-02-22 17:20:47,1,bulk_download
19.7,56.9,31,25,14,12,0,5,15,4,27959924,51960,0,1299,10411.324042078,2026-02-22 17:20:48,1,bulk_download
20.3,56.9,31,25,14,12,0,5,15,4,31673952,56080,0,1402,10412.412893462,2026-02-22 17:20:49,1,bulk_download
26.1,56.9,31,25,14,12,0,5,15,4,27862701,76579,0,1594,10413.496742776,2026-02-22 17:20:50,1,bulk_download
25.2,57.2,31,25,14,12,0,5,15,4,27687336,63571,0,1342,10414.581579023,2026-02-22 17:20:51,1,bulk_download
16.1,57.2,31,25,14,12,0,5,15,4,29222022,53000,0,1325,10415.668367584,2026-02-22 17:20:52,1,bulk_download
20.8,57.1,31,25,14,12,0,5,15,4,26282732,49308,0,1233,10416.756239209,2026-02-22 17:20:53,1,bulk_download
13.9,57.0,31,25,14,12,0,5,15,4,24612928,45480,0,1137,10417.841402098,2026-02-22 17:20:54,1,bulk_download
19.4,57.3,31,25,14,12,0,5,15,4,23212322,66416,0,1415,10418.926073756,2026-02-22 17:20:55,1,bulk_download
26.8,57.7,31,25,14,12,0,5,15,4,28719716,63271,0,1491,10420.015305814,2026-02-22 17:20:57,1,bulk_download
17.1,57.6,31,25,14,12,0,5,15,4,33563538,61200,0,1530,10421.100392962,2026-02-22 17:20:58,1,bulk_download
15.8,57.6,31,25,14,12,0,5,15,4,33294186,58120,0,1453,10422.193980074,2026-02-22 17:20:59,1,bulk_download
29.6,57.3,31,25,14,12,0,5,15,4,33367491,88359,0,1912,10423.282582821,2026-02-22 17:21:00,1,bulk_download
18.9,57.2,31,25,14,12,0,5,15,4,31324834,55560,0,1389,10424.370693494,2026-02-22 17:21:01,1,bulk_download
20.1,57.2,30,26,13,12,0,5,14,4,33335744,64242,0,1539,10425.459803883,2026-02-22 17:21:02,1,bulk_download
27.0,57.2,30,26,13,12,0,5,14,4,32479284,73474,0,1433,10426.546327267,2026-02-22 17:21:03,0,normal
12.1,57.3,29,26,12,12,0,5,14,3,17060142,40996,0,805,10427.629531628,2026-02-22 17:21:04,0,normal
16.1,57.4,29,26,12,12,0,5,14,3,2436238,12569,0,159,10428.713765855,2026-02-22 17:21:05,0,normal
20.9,57.3,30,26,13,12,0,5,15,3,1168259,17278,0,105,10429.798328369,2026-02-22 17:21:06,0,normal
11.2,56.8,29,26,12,12,0,5,14,3,715,271,0,5,10430.88455183,2026-02-22 17:21:07,0,normal
5.7,56.9,30,26,13,12,0,5,15,3,10677,18113,5,33,10431.964747458,2026-02-22 17:21:08,0,normal
5.6,56.8,30,27,13,12,0,5,16,4,946930,16046,0,81,10433.045582887,2026-02-22 17:21:10,0,normal
3.2,56.7,30,26,13,12,0,5,15,3,126,76,0,1,10434.127319176,2026-02-22 17:21:11,0,normal
12.7,56.5,30,26,13,12,0,5,15,3,174,52,0,1,10435.208390117,2026-02-22 17:21:12,0,normal
5.7,56.4,30,26,13,12,0,5,15,3,0,0,0,0,10436.289220035,2026-02-22 17:21:13,0,normal
15.9,56.4,33,26,15,12,0,5,17,3,8395,14438,2,44,10437.369955616,2026-02-22 17:21:14,0,normal
6.5,56.6,33,26,15,12,1,5,17,3,1123021,13389,0,115,10438.451908683,2026-02-22 17:21:15,0,normal
7.5,56.7,33,28,15,12,1,5,17,3,21320,15820,4,44,10439.533038093,2026-02-22 17:21:16,0,normal
6.1,56.7,33,28,15,12,1,5,17,3,1146,246,0,3,10440.615174414,2026-02-22 17:21:17,0,normal
5.4,56.7,33,28,15,12,1,5,17,3,141,143,0,2,10441.697249389,2026-02-22 17:21:18,0,normal
13.9,57.5,33,28,15,12,1,5,17,3,758031,13854,4,118,10442.779414894,2026-02-22 17:21:19,0,normal
15.0,57.9,33,28,15,12,1,5,17,3,822298,12523,0,151,10443.869213595,2026-02-22 17:21:20,0,normal
18.6,57.6,33,29,15,12,1,5,17,3,841128,18345,0,166,10444.955840413,2026-02-22 17:21:21,0,normal
14.2,57.4,34,29,16,12,1,5,17,3,821135,21086,0,179,10446.043451559,2026-02-22 17:21:23,0,normal
10.2,57.9,34,29,16,12,1,5,17,3,727885,10321,0,147,10447.12583893,2026-02-22 17:21:24,0,normal
21.1,58.2,34,29,16,12,1,5,17,3,392780,83145,0,132,10448.207288732,2026-02-22 17:21:25,0,normal
26.8,59.7,34,30,16,12,1,5,17,3,475985,256514,0,291,10449.29667003,2026-02-22 17:21:26,0,normal
22.1,59.7,34,32,16,12,1,5,18,4,1240,27964,0,27,10450.389459264,2026-02-22 17:21:27,0,normal
30.8,60.9,40,32,22,12,1,5,21,3,265553,123104,14,277,10451.486493866,2026-02-22 17:21:28,0,normal
22.4,61.1,41,32,23,12,1,5,21,3,285745,80764,0,148,10452.579330259,2026-02-22 17:21:29,0,normal
16.5,61.1,41,32,23,12,1,5,21,3,911255,328812,0,420,10453.666007792,2026-02-22 17:21:30,0,normal
17.0,61.2,41,32,23,12,1,5,21,3,801064,51269,0,174,10454.753608197,2026-02-22 17:21:31,0,normal
16.0,61.2,41,32,23,12,1,5,21,3,855262,8408,0,133,10455.841977626,2026-02-22 17:21:32,0,normal
16.5,61.0,41,31,23,12,1,5,21,3,817460,8760,0,138,10456.927998177,2026-02-22 17:21:33,0,normal
14.3,61.0,41,31,23,12,1,5,21,3,839343,12714,0,154,10458.012396963,2026-02-22 17:21:35,0,normal
14.5,60.9,41,31,23,12,1,5,21,3,831573,11273,0,136,10459.096048808,2026-02-22 17:21:36,0,normal
15.9,60.5,41,31,22,12,2,5,21,3,804904,69940,0,179,10460.180428037,2026-02-22 17:21:37,0,normal
15.4,60.2,41,31,22,12,2,5,21,3,933112,9341,0,144,10461.263678399,2026-02-22 17:21:38,0,normal
14.3,60.1,41,31,22,12,2,5,21,3,1589150,10133,0,161,10462.35050423,2026-02-22 17:21:39,0,normal
17.6,59.6,40,30,21,12,2,5,21,3,2089109,13857,0,180,10463.435163255,2026-02-22 17:21:40,0,normal
16.3,59.7,40,30,21,12,2,5,21,3,1552960,39043,0,149,10464.524085702,2026-02-22 17:21:41,0,normal
16.9,59.6,40,30,21,12,2,5,21,3,66538,128048,0,119,10465.608691637,2026-02-22 17:21:42,0,normal
13.0,59.6,40,30,21,12,2,5,21,3,14652,83305,0,74,10466.691871556,2026-02-22 17:21:43,0,normal
15.1,59.5,40,30,21,12,2,5,21,3,2530357,14075,0,183,10467.781994335,2026-02-22 17:21:44,0,normal
10.7,59.6,40,30,21,12,2,5,21,3,1762949,8154,0,129,10468.873085763,2026-02-22 17:21:45,0,normal
11.6,59.6,40,29,21,12,2,5,21,3,0,0,0,0,10469.954909156,2026-02-22 17:21:46,0,normal
10.9,59.5,40,29,21,12,2,5,21,3,2256,83268,0,71,10471.04292953,2026-02-22 17:21:48,0,normal
10.0,59.6,40,29,21,12,2,5,21,3,6901,6635,0,13,10472.126952381,2026-02-22 17:21:49,0,normal
12.2,59.5,40,29,21,12,2,5,21,3,3884772,15336,0,243,10473.219862722,2026-02-22 17:21:50,0,normal
11.2,59.6,40,29,21,12,2,5,21,3,0,7399,0,6,10474.300280988,2026-02-22 17:21:51,0,normal
9.3,59.6,40,29,21,12,2,5,21,3,2296,3198,0,6,10475.382169783,2026-02-22 17:21:52,0,normal
16.7,59.7,40,29,21,12,2,5,21,3,67712,40099,0,51,10476.46837472,2026-02-22 17:21:53,0,normal
19.0,59.6,40,29,21,12,2,5,21,3,1711,245,0,3,10477.558170075,2026-02-22 17:21:54,0,normal
20.0,59.6,40,29,21,12,2,5,21,3,3023371,16403,0,220,10478.644903964,2026-02-22 17:21:55,0,normal
19.3,59.6,40,29,21,12,2,5,21,3,970526,33398,0,91,10479.730344065,2026-02-22 17:21:56,0,normal
14.3,59.6,40,29,21,12,2,5,21,3,1676,290,0,4,10480.817642483,2026-02-22 17:21:57,0,normal
12.7,59.5,38,28,19,12,2,5,20,3,528,270,0,4,10481.910106226,2026-02-22 17:21:58,0,normal
18.0,59.5,38,30,19,12,2,5,20,3,725173,41876,4,169,10482.997071209,2026-02-22 17:21:59,0,normal
18.1,59.7,38,29,19,12,2,5,20,3,733904,12971,0,143,10484.088469543,2026-02-22 17:22:01,0,normal
14.2,59.5,38,29,19,12,2,5,20,3,762757,52102,0,177,10485.176924302,2026-02-22 17:22:02,0,normal
13.2,59.5,38,29,19,12,2,5,20,3,862018,14928,0,114,10486.264333368,2026-02-22 17:22:03,0,normal
15.4,59.6,38,29,19,12,2,5,20,3,714985,9483,2,99,10487.362336218,2026-02-22 17:22:04,0,normal
14.1,59.5,38,29,19,12,2,5,20,3,737530,6737,0,104,10488.452454309,2026-02-22 17:22:05,0,normal
15.2,59.6,38,29,19,12,2,5,20,3,819602,16302,0,137,10489.539497208,2026-02-22 17:22:06,0,normal
24.0,60.2,38,29,19,12,2,5,20,3,776486,9114,0,141,10490.623443895,2026-02-22 17:22:07,0,normal
20.5,60.2,38,29,19,12,2,5,20,3,967226,14324,0,182,10491.71631303,2026-02-22 17:22:08,0,normal
16.8,60.1,39,29,19,12,2,5,20,3,1658142,21218,0,232,10492.805028758,2026-02-22 17:22:09,0,normal
17.4,60.1,38,29,19,12,2,5,19,3,2380031,14466,0,182,10493.894620441,2026-02-22 17:22:10,0,normal
22.3,60.1,36,29,17,12,2,5,17,3,822052,4392,0,70,10494.984846675,2026-02-22 17:22:11,0,normal
15.9,60.2,36,29,17,12,2,5,17,3,347,215,0,3,10496.068013139,2026-02-22 17:22:13,0,normal
13.4,60.2,36,29,17,12,2,5,17,3,1486436,8775,0,99,10497.154602326,2026-02-22 17:22:14,0,normal
15.7,60.1,36,29,17,12,2,5,17,3,2543877,9984,0,158,10498.240884698,2026-02-22 17:22:15,0,normal
20.1,60.1,35,29,17,12,1,5,16,3,45753,25199,0,30,10499.324711882,2026-02-22 17:22:16,0,normal
17.9,59.9,35,29,17,12,1,5,16,3,0,0,0,0,10500.408048775,2026-02-22 17:22:17,0,normal
14.5,59.7,35,29,17,12,1,5,16,3,231,143,0,2,10501.495408549,2026-02-22 17:22:18,0,normal
16.6,59.6,35,30,17,12,1,5,16,3,4265028,81170,0,355,10502.576989437,2026-02-22 17:22:19,0,normal
15.6,59.7,35,30,17,12,1,5,16,3,35283,108654,0,99,10503.659965723,2026-02-22 17:22:20,0,normal
16.2,60.0,35,30,17,12,1,5,16,3,48377,29922,0,42,10504.74363501,2026-02-22 17:22:21,0,normal
16.2,59.7,35,30,17,12,1,5,16,3,21456,26641,0,33,10505.827117958,2026-02-22 17:22:22,0,normal
13.6,59.6,35,29,17,12,1,5,16,3,1850,14981,0,15,10506.910622636,2026-02-22 17:22:23,0,normal
12.7,59.6,35,29,17,12,1,5,16,3,15005,8792,0,16,10507.99262754,2026-02-22 17:22:24,0,normal
18.4,59.5,35,29,17,12,1,5,16,3,1399814,16469,0,157,10509.076789091,2026-02-22 17:22:26,1,udp_flood
31.3,59.6,35,29,17,12,1,5,16,3,1498325,19646,0,172,10510.167572871,2026-02-22 17:22:27,1,udp_flood
21.7,59.5,35,29,17,12,1,5,16,3,1460086,77115,0,209,10511.262355998,2026-02-22 17:22:28,1,udp_flood
25.6,59.5,35,29,17,12,1,5,16,3,1514400,19368,0,164,10512.350150277,2026-02-22 17:22:29,1,udp_flood
23.5,59.5,35,28,17,12,1,5,16,3,1464316,16714,0,169,10513.441577886,2026-02-22 17:22:30,1,udp_flood
25.2,59.5,35,28,17,12,1,5,16,3,538620,19326,0,82,10514.542335786,2026-02-22 17:22:31,1,udp_flood
20.5,59.6,35,28,17,12,1,5,16,3,109193,12171,0,13,10515.630396846,2026-02-22 17:22:32,1,udp_flood
19.7,59.7,35,28,17,12,1,5,16,3,115778,77836,0,64,10516.71646202,2026-02-22 17:22:33,1,udp_flood
21.1,59.6,35,27,17,12,1,5,16,3,103118,0,0,0,10517.805738221,2026-02-22 17:22:34,1,udp_flood
22.7,59.6,35,27,17,12,1,5,16,3,103190,2718,0,3,10518.894652773,2026-02-22 17:22:35,1,udp_flood
24.1,59.6,35,27,17,12,1,5,16,3,1352457,63351,0,191,10519.986368923,2026-02-22 17:22:36,1,udp_flood
23.8,59.7,35,27,17,12,1,5,16,3,1458535,17920,0,167,10521.074951181,2026-02-22 17:22:38,1,udp_flood
25.9,59.7,35,27,17,12,1,5,16,3,1398262,12514,0,156,10522.165360849,2026-02-22 17:22:39,1,udp_flood
25.1,59.6,35,27,17,12,1,5,16,3,1454825,14580,0,183,10523.260786411,2026-02-22 17:22:40,1,udp_flood
24.3,59.8,34,27,17,12,0,5,15,3,1514604,16158,0,212,10524.355074949,2026-02-22 17:22:41,1,udp_flood
25.9,59.7,34,27,17,12,0,5,15,3,862607,21974,0,94,10525.445382165,2026-02-22 17:22:42,1,udp_flood
21.4,59.7,34,27,17,12,0,5,15,3,96918,100,0,2,10526.535973594,2026-02-22 17:22:43,1,udp_flood
25.3,59.7,34,27,17,12,0,5,15,3,1282601,9722,0,114,10527.6291634,2026-02-22 17:22:44,1,udp_flood
22.9,59.7,34,27,17,12,0,5,15,3,2712951,12821,0,203,10528.715499373,2026-02-22 17:22:45,1,udp_flood
20.5,59.8,34,27,17,12,0,5,15,3,97649,9391,0,10,10529.801032478,2026-02-22 17:22:46,1,udp_flood
21.5,59.7,34,27,17,12,0,5,15,3,99096,0,0,0,10530.888996506,2026-02-22 17:22:47,1,udp_flood
20.6,59.7,34,27,17,12,0,5,15,3,130144,3093,0,9,10531.97898833,2026-02-22 17:22:48,1,udp_flood
21.2,59.8,34,27,17,12,0,5,15,3,2475155,14580,0,196,10533.073266939,2026-02-22 17:22:50,1,udp_flood
24.5,59.9,34,27,17,12,0,5,15,3,1648191,10494,0,118,10534.162236915,2026-02-22 17:22:51,1,udp_flood
22.9,59.9,34,26,17,12,0,5,15,3,96712,0,0,0,10535.252961194,2026-02-22 17:22:52,1,udp_flood
22.9,59.8,34,26,17,12,0,5,15,3,106820,13881,0,14,10536.342560762,2026-02-22 17:22:53,1,udp_flood
23.6,59.8,35,26,18,12,0,5,16,3,119403,12984,5,31,10537.435070561,2026-02-22 17:22:54,1,udp_flood
21.7,59.8,35,26,18,12,0,5,16,3,1627065,14529,0,128,10538.52042964,2026-02-22 17:22:55,1,udp_flood
25.0,59.7,35,26,18,12,0,5,16,3,2458817,34479,0,177,10539.610150696,2026-02-22 17:22:56,1,udp_flood
28.4,59.7,35,26,18,12,0,5,16,3,119948,50494,0,48,10540.701771557,2026-02-22 17:22:57,1,udp_flood
25.5,59.8,35,27,18,12,0,5,16,3,243816,90976,0,102,10541.790845899,2026-02-22 17:22:58,1,udp_flood
27.9,59.8,35,27,18,12,0,5,16,3,112340,148,0,2,10542.880035236,2026-02-22 17:22:59,1,udp_flood
22.7,59.8,35,27,18,12,0,5,16,3,1405118,48709,0,202,10543.969812498,2026-02-22 17:23:00,1,udp_flood
20.2,59.8,35,27,18,12,0,5,16,3,1371744,14141,0,208,10545.060493876,2026-02-22 17:23:02,1,udp_flood
18.7,59.9,35,27,18,12,0,5,16,3,1268822,11865,0,147,10546.149346231,2026-02-22 17:23:03,1,udp_flood
20.7,60.0,35,27,18,12,0,5,16,3,1445232,11983,0,150,10547.239299222,2026-02-22 17:23:04,1,udp_flood
22.5,60.0,35,27,18,12,0,5,16,3,712509,3847,0,60,10548.325465485,2026-02-22 17:23:05,1,udp_flood
18.7,60.2,35,27,18,12,0,5,16,3,101106,80,0,1,10549.414964845,2026-02-22 17:23:06,1,udp_flood
23.6,60.1,35,27,18,12,0,5,16,3,101231,91101,0,75,10550.498314793,2026-02-22 17:23:07,1,udp_flood
17.6,59.8,35,27,18,12,0,5,16,3,95673,143,0,2,10551.586671027,2026-02-22 17:23:08,1,udp_flood
16.4,59.8,35,27,18,12,0,5,16,3,94364,2393,0,2,10552.673147804,2026-02-22 17:23:09,1,udp_flood
18.2,59.8,35,27,18,12,0,5,16,3,1075715,9435,0,107,10553.759438681,2026-02-22 17:23:10,1,udp_flood
21.0,59.7,35,27,18,12,0,5,16,3,397827,10020,0,47,10554.848380735,2026-02-22 17:23:11,1,udp_flood
18.0,59.6,35,27,18,12,0,5,16,3,103912,3270,0,7,10555.934997454,2026-02-22 17:23:12,1,udp_flood
14.3,59.6,35,27,18,12,0,5,16,3,90076,2798,0,4,10557.01791421,2026-02-22 17:23:14,1,udp_flood
21.8,59.6,35,27,18,12,0,5,16,3,971701,6418,0,98,10558.102914896,2026-02-22 17:23:15,1,udp_flood
16.1,59.7,35,27,18,12,0,5,16,3,96201,143,0,2,10559.1883408,2026-02-22 17:23:16,1,udp_flood
22.4,59.7,35,27,18,12,0,5,16,3,96652,0,0,0,10560.276242401,2026-02-22 17:23:17,1,udp_flood
18.7,59.8,35,27,18,12,0,5,16,3,95717,173,0,2,10561.361744298,2026-02-22 17:23:18,1,udp_flood
16.9,59.9,35,27,18,12,0,5,16,3,104659,9361,5,19,10562.448770956,2026-02-22 17:23:19,1,udp_flood
19.4,59.8,36,28,19,12,0,5,17,3,754565,19181,2,128,10563.534113013,2026-02-22 17:23:20,1,udp_flood
19.6,59.6,36,28,19,12,0,5,17,3,718309,8226,0,129,10564.625448729,2026-02-22 17:23:21,1,udp_flood
16.5,59.7,36,28,19,12,0,5,17,3,103780,0,0,0,10565.717092243,2026-02-22 17:23:22,1,udp_flood
18.0,59.7,36,28,19,12,0,5,17,3,95658,28,0,1,10566.804699422,2026-02-22 17:23:23,1,udp_flood
18.6,59.7,36,28,19,12,0,5,17,3,101103,3032,0,9,10567.891428181,2026-02-22 17:23:24,1,udp_flood
22.9,59.7,36,28,19,12,0,5,17,3,1272525,11560,0,138,10568.977435186,2026-02-22 17:23:25,1,udp_flood
26.1,59.6,36,28,19,12,0,5,17,3,1422326,18241,0,174,10570.068222783,2026-02-22 17:23:27,1,udp_flood
22.4,59.7,36,28,19,12,0,5,17,3,506864,28477,0,66,10571.155712952,2026-02-22 17:23:28,1,udp_flood
18.4,59.6,36,27,19,12,0,5,17,3,301799,4207,0,26,10572.242290107,2026-02-22 17:23:29,1,udp_flood
22.4,59.6,36,27,19,12,0,5,17,3,1502930,10732,0,167,10573.331445411,2026-02-22 17:23:30,1,udp_flood
27.7,59.6,36,27,19,12,0,5,17,3,1322915,18252,0,160,10574.421806938,2026-02-22 17:23:31,1,udp_flood
26.3,59.9,36,27,19,12,0,5,17,3,928604,10541,0,135,10575.510260164,2026-02-22 17:23:32,1,udp_flood
22.3,59.8,36,27,19,12,0,5,17,3,94966,0,0,0,10576.597183349,2026-02-22 17:23:33,1,udp_flood
19.1,59.9,36,27,19,12,0,5,17,3,1434108,9210,0,106,10577.685871486,2026-02-22 17:23:34,1,udp_flood
18.6,59.8,35,27,18,12,0,5,16,3,2635783,11292,0,179,10578.771065735,2026-02-22 17:23:35,1,udp_flood
19.5,59.7,35,27,18,12,0,5,16,3,95598,0,0,0,10579.860201993,2026-02-22 17:23:36,1,udp_flood
15.8,59.8,35,27,18,12,0,5,16,3,100252,2783,0,3,10580.951472717,2026-02-22 17:23:37,1,udp_flood
23.7,59.6,35,27,18,12,0,5,16,3,103080,167,0,3,10582.037358865,2026-02-22 17:23:39,1,udp_flood
20.3,59.6,35,27,18,12,0,5,16,3,2987254,17972,0,245,10583.122877634,2026-02-22 17:23:40,1,udp_flood
17.1,59.7,35,27,18,12,0,5,16,3,203510,630,0,10,10584.211866766,2026-02-22 17:23:41,1,udp_flood
19.1,59.6,35,27,18,12,0,5,16,3,99198,52,0,1,10585.296786049,2026-02-22 17:23:42,1,udp_flood
20.0,59.4,35,27,18,12,0,5,16,3,96076,7670,0,10,10586.381964158,2026-02-22 17:23:43,1,udp_flood
16.7,59.5,35,27,18,12,0,5,16,3,1298010,10191,0,77,10587.466309104,2026-02-22 17:23:44,1,udp_flood
23.5,59.5,35,27,18,12,0,5,16,3,3276789,34089,0,226,10588.558817451,2026-02-22 17:23:45,1,udp_flood
18.8,59.6,35,27,18,12,0,5,16,3,101606,364,0,5,10589.64963804,2026-02-22 17:23:46,1,udp_flood
20.6,59.6,35,27,18,12,0,5,16,3,94388,0,0,0,10590.74065059,2026-02-22 17:23:47,1,udp_flood
30.4,59.7,35,27,18,12,0,5,16,3,174929,4737,0,44,10591.831998579,2026-02-22 17:23:48,1,udp_flood
13.9,59.6,35,27,18,12,0,5,16,3,977758,17818,0,111,10592.921031082,2026-02-22 17:23:49,0,normal
12.1,59.6,35,26,18,12,0,5,16,3,1372164,10329,0,161,10594.008284206,2026-02-22 17:23:50,0,normal
17.0,59.8,35,26,18,12,0,5,16,3,1354482,9794,0,153,10595.09090753,2026-02-22 17:23:52,0,normal
12.2,59.8,35,26,18,12,0,5,16,3,1063084,9316,0,107,10596.178117523,2026-02-22 17:23:53,0,normal
11.5,59.7,35,26,18,12,0,5,16,3,122,2781,0,4,10597.261690629,2026-02-22 17:23:54,0,normal
12.2,59.8,35,26,18,12,0,5,16,3,2685428,13405,0,213,10598.347759531,2026-02-22 17:23:55,0,normal
11.8,59.8,35,26,17,12,1,5,16,3,1902490,19668,0,153,10599.43153631,2026-02-22 17:23:56,0,normal
13.4,59.9,35,26,17,12,1,5,16,3,0,0,0,0,10600.513376013,2026-02-22 17:23:57,0,normal
12.2,60.0,36,26,17,12,1,5,17,3,1193,5881,0,12,10601.594815165,2026-02-22 17:23:58,0,normal
10.3,60.0,35,28,17,12,1,5,16,4,1806030,23372,0,144,10602.678594038,2026-02-22 17:23:59,0,normal
12.5,60.1,35,27,17,12,1,5,16,3,1163734,34202,0,128,10603.762657675,2026-02-22 17:24:00,0,normal
15.4,60.1,35,27,17,12,1,5,16,3,0,0,0,0,10604.855283943,2026-02-22 17:24:01,0,normal
14.3,60.0,35,27,17,12,1,5,16,3,498,13193,0,11,10605.944187454,2026-02-22 17:24:02,0,normal
10.2,60.1,35,27,17,12,1,5,16,3,200,52,0,1,10607.026383096,2026-02-22 17:24:04,0,normal
13.8,60.1,34,27,16,12,1,5,16,3,1094201,10296,0,114,10608.10846823,2026-02-22 17:24:05,0,normal
16.1,60.3,34,27,16,12,1,5,16,3,1460789,11217,0,171,10609.195800623,2026-02-22 17:24:06,0,normal
18.7,60.2,34,27,16,12,1,5,16,3,267743,11365,0,67,10610.280171937,2026-02-22 17:24:07,0,normal
8.7,60.2,34,27,16,12,1,5,16,3,0,0,0,0,10611.361574049,2026-02-22 17:24:08,0,normal
9.3,60.1,34,27,16,12,1,5,16,3,163006,3986,0,23,10612.442926388,2026-02-22 17:24:09,0,normal
10.7,60.1,34,27,15,12,2,5,16,3,1575050,10606,0,166,10613.531052621,2026-02-22 17:24:10,0,normal
14.5,60.1,34,27,15,12,2,5,16,3,1553307,16406,0,170,10614.620805766,2026-02-22 17:24:11,0,normal
16.5,60.1,34,27,15,12,2,5,16,3,223633,1621,0,25,10615.713282534,2026-02-22 17:24:12,0,normal
11.7,60.1,33,27,14,12,2,5,16,3,510,339,0,6,10616.797805975,2026-02-22 17:24:13,0,normal
11.5,60.1,33,27,14,12,2,5,16,3,823639,7951,0,84,10617.881208792,2026-02-22 17:24:14,0,normal
17.3,60.5,33,27,14,12,2,5,16,3,1537239,33419,0,222,10618.963359429,2026-02-22 17:24:15,0,normal
15.6,60.4,33,27,14,12,2,5,16,3,1330047,10057,0,156,10620.045342401,2026-02-22 17:24:17,0,normal
12.6,60.4,33,27,14,12,2,5,16,3,0,0,0,0,10621.130623283,2026-02-22 17:24:18,0,normal
15.9,60.7,31,27,11,12,3,5,16,3,2089,1458,0,22,10622.219610131,2026-02-22 17:24:19,0,normal
8.9,60.1,30,27,10,12,3,5,15,3,2866,12412,5,27,10623.304833976,2026-02-22 17:24:20,0,normal
13.2,60.2,30,27,10,12,3,5,15,3,3029640,14068,0,223,10624.387709984,2026-02-22 17:24:21,0,normal
14.5,60.4,30,27,10,12,3,5,15,3,1134981,5112,0,81,10625.472620772,2026-02-22 17:24:22,0,normal
8.9,60.3,30,27,10,12,3,5,15,3,490,7913,0,8,10626.554947018,2026-02-22 17:24:23,0,normal
11.6,60.2,29,27,9,12,3,5,14,3,887947,6548,0,64,10627.638127278,2026-02-22 17:24:24,0,normal
12.5,59.9,29,27,9,12,3,5,14,3,1782176,11337,0,122,10628.725967633,2026-02-22 17:24:25,0,normal
10.3,59.9,29,27,9,12,3,5,14,3,0,0,0,0,10629.8099986,2026-02-22 17:24:26,0,normal
9.7,59.9,29,27,9,12,3,5,14,3,3691,7024,0,9,10630.895251549,2026-02-22 17:24:27,0,normal
8.4,59.8,29,27,9,12,3,5,14,3,0,0,0,0,10631.978075129,2026-02-22 17:24:28,0,normal
11.0,59.8,29,27,9,12,3,5,14,3,506,2923,0,5,10633.064785805,2026-02-22 17:24:30,0,normal
10.1,59.8,29,26,9,12,3,5,14,3,951394,8795,0,92,10634.148116938,2026-02-22 17:24:31,0,normal
12.1,59.8,29,26,9,12,3,5,14,3,1512074,24946,0,158,10635.23905632,2026-02-22 17:24:32,0,normal
13.6,59.8,29,26,9,12,3,5,14,3,1338612,9491,0,146,10636.327270156,2026-02-22 17:24:33,0,normal
10.2,59.8,29,26,9,12,3,5,14,3,129811,1307,0,20,10637.4093498,2026-02-22 17:24:34,0,normal
15.5,60.1,29,26,9,12,3,5,14,3,113287,15797,0,59,10638.490898457,2026-02-22 17:24:35,0,normal
18.8,59.8,29,26,9,12,3,5,14,3,1458448,9271,0,144,10639.575338271,2026-02-22 17:24:36,0,normal
12.5,59.9,29,26,9,12,3,5,14,3,1506072,9846,0,153,10640.659219586,2026-02-22 17:24:37,0,normal
8.9,59.9,29,26,9,12,3,5,14,3,517008,3284,0,52,10641.74153389,2026-02-22 17:24:38,0,normal
11.0,59.9,29,26,9,12,3,5,14,3,674681,9192,0,65,10642.823910541,2026-02-22 17:24:39,0,normal
14.8,59.8,29,26,9,12,3,5,14,3,2387186,11199,0,178,10643.905692006,2026-02-22 17:24:40,0,normal
22.5,60.2,29,26,9,12,3,5,14,3,4441,64,0,1,10644.99081941,2026-02-22 17:24:41,0,normal
9.1,60.1,29,26,9,12,3,5,14,3,2997,81790,0,64,10646.072372445,2026-02-22 17:24:43,0,normal
10.6,60.2,29,26,9,12,3,5,14,3,102,0,0,0,10647.154526448,2026-02-22 17:24:44,0,normal
11.7,60.2,30,26,9,12,3,5,15,4,2360449,12946,0,165,10648.239512477,2026-02-22 17:24:45,0,normal
12.3,60.2,32,26,11,12,3,5,16,4,47613,2492,0,18,10649.324244669,2026-02-22 17:24:46,0,normal
10.6,60.1,36,26,11,12,5,5,17,4,194552,8114,0,83,10650.406559054,2026-02-22 17:24:47,0,normal
10.4,60.1,35,26,11,12,5,5,17,4,9748,12384,0,23,10651.491042589,2026-02-22 17:24:48,0,normal
11.3,59.6,34,26,11,12,5,5,17,3,682,354,0,5,10652.572180856,2026-02-22 17:24:49,0,normal
11.6,59.5,33,26,11,12,5,5,16,3,423939,6927,0,41,10653.654358654,2026-02-22 17:24:50,0,normal
11.6,59.5,33,26,9,12,7,5,16,3,2477895,13096,0,157,10654.738656962,2026-02-22 17:24:51,0,normal
9.1,59.5,33,26,9,12,7,5,16,3,0,0,0,0,10655.824704623,2026-02-22 17:24:52,0,normal
8.6,59.5,33,26,9,12,7,5,16,3,173,173,0,2,10656.906540409,2026-02-22 17:24:53,0,normal
8.6,59.5,33,26,9,12,7,5,16,3,620043,6662,0,59,10657.99392548,2026-02-22 17:24:54,0,normal
10.8,59.4,33,26,10,12,6,5,16,3,1561714,11033,0,160,10659.076904131,2026-02-22 17:24:56,0,normal
13.9,59.4,32,26,9,12,6,5,15,3,1265085,16957,0,154,10660.158569588,2026-02-22 17:24:57,0,normal
9.0,59.5,32,26,9,12,6,5,15,3,190961,1530,0,23,10661.242796943,2026-02-22 17:24:58,0,normal
8.6,59.4,32,26,9,12,6,5,15,3,0,0,0,0,10662.330389934,2026-02-22 17:24:59,0,normal
5.2,59.4,32,26,9,12,6,5,15,3,648,3060,0,7,10663.414289223,2026-02-22 17:25:00,0,normal
16.5,59.5,32,30,9,12,6,5,16,4,637767,58873,0,135,10664.502057664,2026-02-22 17:25:01,0,normal
19.4,59.9,32,31,9,12,6,5,16,4,100299,78858,0,95,10665.591877184,2026-02-22 17:25:02,0,normal
15.5,60.0,32,32,9,12,6,5,16,4,121452,34957,0,68,10666.676977157,2026-02-22 17:25:03,0,normal
21.7,60.7,32,32,9,12,6,5,16,4,473177,15968,0,70,10667.764163074,2026-02-22 17:25:04,0,normal
27.6,60.7,32,32,9,12,6,5,16,4,1376750,10485,0,156,10668.855318422,2026-02-22 17:25:05,0,normal
15.5,60.9,32,30,9,12,6,5,16,3,946334,79383,0,163,10669.94068278,2026-02-22 17:25:06,0,normal
10.2,60.7,32,30,9,12,6,5,16,3,56273,52859,0,53,10671.024596827,2026-02-22 17:25:08,0,normal
8.5,60.7,32,30,9,12,6,5,16,3,10006,66903,0,58,10672.112618333,2026-02-22 17:25:09,0,normal
7.3,60.8,32,30,9,12,6,5,16,3,246930,79021,0,84,10673.200865832,2026-02-22 17:25:10,0,normal
9.4,60.9,32,30,9,12,6,5,16,3,1401480,8410,0,132,10674.283994585,2026-02-22 17:25:11,0,normal
8.9,60.7,31,30,9,12,5,5,15,3,1458260,8977,0,142,10675.36953277,2026-02-22 17:25:12,0,normal
7.5,60.7,31,30,9,12,5,5,15,3,847306,14622,0,94,10676.453995186,2026-02-22 17:25:13,0,normal
6.9,60.5,31,30,9,12,5,5,15,3,85885,3834,0,12,10677.537770191,2026-02-22 17:25:14,0,normal
10.4,60.1,31,30,9,12,5,5,15,3,1408407,9296,0,144,10678.621815084,2026-02-22 17:25:15,0,normal
10.3,60.1,31,30,9,12,5,5,15,3,1352077,8366,0,125,10679.706845356,2026-02-22 17:25:16,0,normal
8.1,60.1,33,30,11,12,5,5,15,3,1284010,26306,0,158,10680.787253893,2026-02-22 17:25:17,0,normal
12.5,60.6,33,30,11,12,5,5,15,3,1761940,18257,0,170,10681.868340543,2026-02-22 17:25:18,0,normal
11.9,60.5,33,30,11,12,5,5,15,3,1168319,5111,0,81,10682.952374575,2026-02-22 17:25:19,0,normal
26.4,60.8,32,30,11,12,4,5,14,3,181,194,0,2,10684.034471882,2026-02-22 17:25:21,0,normal
10.5,60.8,32,30,9,12,6,5,14,3,336,160,0,4,10685.120499886,2026-02-22 17:25:22,0,normal
12.8,60.7,32,30,9,12,6,5,14,3,78,28,0,1,10686.203406973,2026-02-22 17:25:23,0,normal
16.1,60.8,32,31,9,12,6,5,14,3,42760,14625,2,28,10687.287028701,2026-02-22 17:25:24,0,normal
10.0,60.8,32,31,9,12,6,5,14,3,2911072,22631,0,272,10688.369394863,2026-02-22 17:25:25,0,normal
9.0,60.7,32,31,9,12,6,5,14,3,228,132,0,2,10689.451957453,2026-02-22 17:25:26,0,normal
7.9,60.7,32,31,9,12,6,5,14,3,820,5401,0,7,10690.534323644,2026-02-22 17:25:27,0,normal
11.8,60.6,32,31,9,12,6,5,14,3,3269,6879,0,7,10691.622315825,2026-02-22 17:25:28,0,normal
9.1,60.6,32,31,9,12,6,5,14,3,0,0,0,0,10692.707852467,2026-02-22 17:25:29,0,normal
8.3,60.6,32,31,9,12,6,5,14,3,1241860,13777,0,120,10693.792079972,2026-02-22 17:25:30,0,normal
10.4,60.6,32,32,9,12,6,5,14,3,1480402,23041,0,205,10694.87422597,2026-02-22 17:25:31,0,normal
9.2,60.7,32,32,9,12,6,5,14,3,692873,5390,0,85,10695.956845177,2026-02-22 17:25:32,0,normal
10.6,60.7,33,32,10,12,6,5,14,4,5871,8701,0,33,10697.040356498,2026-02-22 17:25:34,1,tcp_connection_flood
16.3,60.7,33,30,10,12,6,5,14,4,1842564,18024,0,186,10698.129963309,2026-02-22 17:25:35,1,tcp_connection_flood
16.9,60.7,33,29,10,12,6,5,14,4,2298778,12441,0,203,10699.217751086,2026-02-22 17:25:36,1,tcp_connection_flood
16.2,60.6,33,29,10,12,6,5,14,4,95798,3024,0,57,10700.308066066,2026-02-22 17:25:37,1,tcp_connection_flood
15.1,60.7,33,29,10,12,6,5,14,4,9274,8876,0,55,10701.391662307,2026-02-22 17:25:38,1,tcp_connection_flood
16.2,60.5,33,29,10,12,6,5,14,4,10934,11506,0,51,10702.474290951,2026-02-22 17:25:39,1,tcp_connection_flood
15.8,60.7,33,29,10,12,6,5,14,4,2062915,24731,0,195,10703.559923984,2026-02-22 17:25:40,1,tcp_connection_flood
19.3,60.7,33,29,10,12,6,5,14,4,923476,5833,0,105,10704.650592167,2026-02-22 17:25:41,1,tcp_connection_flood
18.7,60.9,34,29,9,12,6,5,14,5,764128,27974,0,141,10705.741090331,2026-02-22 17:25:42,1,tcp_connection_flood
22.3,61.9,33,30,10,12,6,5,14,4,394882,41202,0,120,10706.829525473,2026-02-22 17:25:43,1,tcp_connection_flood
21.8,61.9,33,30,10,12,6,5,14,4,337371,7140,0,82,10707.918252042,2026-02-22 17:25:44,1,tcp_connection_flood
19.0,58.9,33,30,10,12,6,5,14,4,1247341,324777,0,442,10709.005090297,2026-02-22 17:25:45,1,tcp_connection_flood
17.7,58.8,33,30,10,12,6,5,14,4,1094165,28330,0,191,10710.09275277,2026-02-22 17:25:47,1,tcp_connection_flood
11.1,58.4,33,30,10,12,6,5,14,4,655617,7460,0,127,10711.177789794,2026-02-22 17:25:48,1,tcp_connection_flood
11.6,57.9,32,30,9,12,4,5,13,5,122368,22564,0,80,10712.258679965,2026-02-22 17:25:49,1,tcp_connection_flood
16.5,57.5,32,30,9,12,4,5,13,5,2139596,53613,0,251,10713.341705043,2026-02-22 17:25:50,1,tcp_connection_flood
22.3,57.4,31,30,10,12,4,5,13,4,954610,25120,0,135,10714.429189912,2026-02-22 17:25:51,1,tcp_connection_flood
13.0,57.5,31,30,10,12,4,5,13,4,12679,19181,0,68,10715.51058989,2026-02-22 17:25:52,1,tcp_connection_flood
8.4,57.4,30,30,9,12,2,5,13,5,9901,2568,0,53,10716.593057442,2026-02-22 17:25:53,1,tcp_connection_flood
12.3,57.4,29,30,10,12,2,5,13,4,11183,19149,0,68,10717.677154903,2026-02-22 17:25:54,1,tcp_connection_flood
10.4,58.0,30,30,9,12,2,5,13,5,1945878,13953,0,191,10718.763406667,2026-02-22 17:25:55,1,tcp_connection_flood
22.1,58.1,30,30,9,12,2,5,13,5,746352,5977,0,108,10719.848575118,2026-02-22 17:25:56,1,tcp_connection_flood
13.2,57.8,29,30,10,12,2,5,13,4,12905,27598,0,75,10720.931188003,2026-02-22 17:25:57,1,tcp_connection_flood
17.5,57.8,31,30,12,12,2,5,14,4,10823,17922,0,74,10722.018127398,2026-02-22 17:25:59,1,tcp_connection_flood
10.2,57.8,33,30,14,12,2,5,16,4,494626,26336,2,192,10723.105474928,2026-02-22 17:26:00,1,tcp_connection_flood
11.0,57.9,34,30,15,12,2,5,17,4,568510,15317,0,187,10724.191883888,2026-02-22 17:26:01,1,tcp_connection_flood
35.4,58.5,37,30,17,12,2,5,20,4,145504,43438,5,164,10725.281718897,2026-02-22 17:26:02,1,tcp_connection_flood
15.6,58.4,38,30,19,12,2,5,21,4,99607,29471,1,117,10726.372006276,2026-02-22 17:26:03,1,tcp_connection_flood
17.8,58.1,38,30,19,12,2,5,21,4,37955,12015,0,63,10727.459498909,2026-02-22 17:26:04,1,tcp_connection_flood
27.8,57.4,38,30,19,12,2,5,21,4,488048,11963,0,138,10728.552224333,2026-02-22 17:26:05,1,tcp_connection_flood
31.5,57.5,38,29,19,12,2,5,21,4,556778,26848,0,177,10729.643130523,2026-02-22 17:26:06,1,tcp_connection_flood
21.0,56.9,38,29,19,12,2,5,21,4,580371,9925,0,159,10730.732879321,2026-02-22 17:26:07,1,tcp_connection_flood
13.9,57.1,38,29,19,12,2,5,21,4,562165,9816,0,161,10731.817326238,2026-02-22 17:26:08,1,tcp_connection_flood
12.3,56.9,38,29,19,12,2,5,21,4,532896,9854,0,158,10732.900075539,2026-02-22 17:26:09,1,tcp_connection_flood
25.6,56.6,38,29,19,12,2,5,21,4,502594,19634,2,186,10733.989805942,2026-02-22 17:26:10,1,tcp_connection_flood
25.2,56.7,39,29,17,12,3,5,21,5,115176,10811,0,104,10735.08023721,2026-02-22 17:26:12,1,tcp_connection_flood
10.5,56.7,38,29,18,12,3,5,21,4,7332,1972,0,43,10736.164338429,2026-02-22 17:26:13,1,tcp_connection_flood
11.7,56.7,38,28,18,12,3,5,21,4,8400,2248,0,49,10737.247765712,2026-02-22 17:26:14,1,tcp_connection_flood
15.2,56.7,37,28,17,12,3,5,21,3,786408,9443,0,113,10738.331165143,2026-02-22 17:26:15,0,normal
13.0,56.4,37,27,17,12,3,5,21,3,1549354,9645,0,153,10739.414252929,2026-02-22 17:26:16,0,normal
9.9,56.5,37,26,17,12,3,5,21,3,738059,15188,0,79,10740.496677951,2026-02-22 17:26:17,0,normal
7.9,56.4,37,26,17,12,3,5,21,3,0,0,0,0,10741.577976268,2026-02-22 17:26:18,0,normal
20.8,56.5,37,26,17,12,3,5,21,3,39268,11345,0,30,10742.662736403,2026-02-22 17:26:19,0,normal
8.5,56.4,37,26,17,12,3,5,21,3,415171,6721,0,63,10743.745955335,2026-02-22 17:26:20,0,normal
13.1,56.1,37,26,17,12,3,5,21,3,555442,8381,0,121,10744.830388686,2026-02-22 17:26:21,0,normal
16.7,56.1,36,26,17,12,2,5,21,3,567397,28832,0,150,10745.918684056,2026-02-22 17:26:22,0,normal
8.6,56.1,36,26,17,12,2,5,21,3,505962,6547,0,101,10747.001460217,2026-02-22 17:26:23,0,normal
14.7,56.0,36,26,17,12,2,5,21,3,586902,24043,0,127,10748.08437061,2026-02-22 17:26:25,0,normal
6.6,56.0,35,26,17,12,1,5,20,3,560342,16617,0,120,10749.168251555,2026-02-22 17:26:26,0,normal
4.1,56.1,35,26,17,12,1,5,20,3,555820,7093,0,109,10750.251837476,2026-02-22 17:26:27,0,normal
4.2,56.2,35,26,17,12,1,5,20,3,506787,9381,0,105,10751.33534525,2026-02-22 17:26:28,0,normal
2.9,56.2,35,26,17,12,1,5,20,3,821051,8019,0,126,10752.417536364,2026-02-22 17:26:29,0,normal
7.0,56.2,35,26,17,12,1,5,20,3,1475636,9582,0,152,10753.499727938,2026-02-22 17:26:30,0,normal
12.8,56.2,35,26,17,12,1,5,20,3,1731344,21330,0,160,10754.582051639,2026-02-22 17:26:31,0,normal
12.3,56.0,35,26,17,12,1,5,20,3,2520277,11729,0,185,10755.663747834,2026-02-22 17:26:32,0,normal
8.7,56.0,35,26,17,12,1,5,20,3,384111,1770,0,27,10756.759493758,2026-02-22 17:26:33,0,normal
10.9,56.0,35,26,17,12,1,5,20,3,913703,15139,0,78,10757.847922227,2026-02-22 17:26:34,0,normal
26.4,56.3,35,26,17,12,1,5,20,3,3490438,19374,0,262,10758.932868551,2026-02-22 17:26:35,0,normal
17.1,56.5,35,26,17,12,1,5,20,3,49391,1193,0,10,10760.019271179,2026-02-22 17:26:37,0,normal
6.7,56.4,35,26,17,12,1,5,20,3,0,623,0,1,10761.100225441,2026-02-22 17:26:38,0,normal
17.8,56.4,35,26,17,12,1,5,20,3,76332,4098,0,27,10762.182244891,2026-02-22 17:26:39,0,normal
11.2,56.5,35,26,17,12,1,5,20,3,2519617,13505,0,166,10763.265686061,2026-02-22 17:26:40,0,normal
16.1,56.7,35,26,17,12,1,5,20,3,1164448,7575,0,111,10764.352166544,2026-02-22 17:26:41,0,normal
22.6,57.0,35,26,17,12,1,5,20,3,58125,6991,0,32,10765.441586455,2026-02-22 17:26:42,0,normal
10.6,57.2,35,26,17,12,1,5,20,3,10030,156,0,3,10766.522927863,2026-02-22 17:26:43,0,normal
6.0,57.0,35,26,17,12,1,5,20,3,2195171,10860,0,132,10767.605804332,2026-02-22 17:26:44,0,normal
4.0,57.0,35,26,17,12,1,5,20,3,1434834,5244,0,83,10768.688153943,2026-02-22 17:26:45,0,normal
15.9,57.2,35,26,17,12,1,5,20,3,37783,2748,0,16,10769.769802507,2026-02-22 17:26:46,0,normal
8.0,57.2,35,26,17,12,1,5,20,3,0,0,0,0,10770.854735306,2026-02-22 17:26:47,0,normal
5.3,57.0,35,26,17,12,1,5,20,3,0,0,0,0,10771.939019689,2026-02-22 17:26:48,0,normal
13.0,57.0,35,26,17,12,1,5,20,3,256676,14476,0,41,10773.022917354,2026-02-22 17:26:50,0,normal
9.1,57.0,35,26,17,12,1,5,20,3,846208,11905,0,129,10774.111894654,2026-02-22 17:26:51,0,normal
16.7,57.0,35,26,17,12,1,5,20,3,835915,11114,0,146,10775.194803153,2026-02-22 17:26:52,0,normal
11.6,56.9,35,26,17,12,1,5,20,3,790111,8565,0,132,10776.282600799,2026-02-22 17:26:53,0,normal
2.5,56.9,35,26,17,12,1,5,20,3,855435,9040,0,139,10777.365323781,2026-02-22 17:26:54,0,normal
4.0,57.0,35,26,17,12,1,5,20,3,840137,25821,0,157,10778.450866304,2026-02-22 17:26:55,0,normal
10.9,56.6,35,26,17,12,1,5,20,3,817270,19131,0,147,10779.533475992,2026-02-22 17:26:56,0,normal
24.8,56.5,36,26,18,12,1,5,20,3,841959,18885,2,189,10780.615614897,2026-02-22 17:26:57,0,normal
31.3,57.4,36,26,18,12,1,5,20,3,1144015,22854,2,277,10781.70345901,2026-02-22 17:26:58,0,normal
21.7,57.7,36,26,18,12,1,5,20,3,2080129,25140,0,390,10782.789758865,2026-02-22 17:26:59,0,normal
17.7,57.4,36,26,18,12,1,5,20,3,2424344,23100,0,377,10783.877434561,2026-02-22 17:27:00,0,normal
19.1,56.9,36,26,18,12,1,5,20,3,2433057,22921,0,350,10784.965133241,2026-02-22 17:27:01,0,normal
14.0,57.2,36,26,18,12,1,5,20,3,3096309,15130,0,244,10786.052319529,2026-02-22 17:27:03,0,normal
17.3,56.9,36,26,18,12,1,5,20,3,343792,1576,0,25,10787.139109594,2026-02-22 17:27:04,0,normal
15.3,56.6,35,26,17,12,1,5,19,3,289650,11531,0,31,10788.223851034,2026-02-22 17:27:05,0,normal
13.1,56.3,35,26,17,12,1,5,19,3,3237174,14587,0,231,10789.31284253,2026-02-22 17:27:06,0,normal
11.0,56.3,35,26,17,12,1,5,19,3,1354466,6308,0,100,10790.394805795,2026-02-22 17:27:07,0,normal
7.9,56.3,35,26,17,12,1,5,19,3,0,0,0,0,10791.476767047,2026-02-22 17:27:08,0,normal
17.9,55.9,35,26,17,12,1,5,19,3,0,0,0,0,10792.562947026,2026-02-22 17:27:09,0,normal
13.9,56.0,35,26,17,12,1,5,19,3,3918331,19384,0,267,10793.649835756,2026-02-22 17:27:10,0,normal
9.9,56.1,35,26,17,12,1,5,19,3,568967,2458,0,39,10794.731973008,2026-02-22 17:27:11,0,normal
10.2,56.0,35,26,17,12,1,5,19,3,0,0,0,0,10795.814496545,2026-02-22 17:27:12,0,normal
10.5,56.0,35,26,17,12,1,5,19,3,0,0,0,0,10796.899941726,2026-02-22 17:27:13,0,normal
9.1,56.0,35,26,17,12,1,5,19,3,5089263,22341,0,311,10797.984729323,2026-02-22 17:27:14,0,normal
17.0,55.8,34,26,17,12,0,5,18,3,13526,2682,0,6,10799.070200141,2026-02-22 17:27:16,0,normal
19.8,56.0,34,26,17,12,0,5,18,3,813381,8120,0,139,10800.153909173,2026-02-22 17:27:17,0,normal
19.2,56.0,34,26,17,12,0,5,18,3,1427318,14255,0,249,10801.238647567,2026-02-22 17:27:18,0,normal
9.3,56.1,34,26,17,12,0,5,18,3,1171604,11856,0,228,10802.321124396,2026-02-22 17:27:19,0,normal
22.2,57.4,35,27,18,12,0,5,19,3,916318,26082,0,151,10803.408258155,2026-02-22 17:27:20,0,normal
8.0,57.3,35,27,18,12,0,5,19,3,1387236,13003,0,203,10804.492851587,2026-02-22 17:27:21,0,normal
9.1,57.2,35,27,18,12,0,5,19,3,1393005,10024,0,156,10805.581686089,2026-02-22 17:27:22,0,normal
12.2,57.0,35,27,18,12,0,5,19,3,822339,5072,0,79,10806.666593861,2026-02-22 17:27:23,0,normal
8.1,57.1,35,27,18,12,0,5,19,3,933341,9405,0,109,10807.750822638,2026-02-22 17:27:24,0,normal
8.7,56.4,35,27,18,12,0,5,19,3,1541253,12162,0,171,10808.837185441,2026-02-22 17:27:25,0,normal
17.5,56.0,35,26,18,12,0,5,19,3,1560831,13164,0,155,10809.918672513,2026-02-22 17:27:26,0,normal
16.1,55.8,35,26,18,12,0,5,19,3,1259660,12741,0,221,10811.006116394,2026-02-22 17:27:27,0,normal
14.1,56.0,35,26,18,12,0,5,19,3,1789376,15042,0,285,10812.091845057,2026-02-22 17:27:29,0,normal
33.9,56.6,35,26,18,12,0,5,19,3,2673835,24318,0,401,10813.175773049,2026-02-22 17:27:30,0,normal
27.5,57.8,35,26,18,12,0,5,19,3,2312709,18730,0,257,10814.263985995,2026-02-22 17:27:31,0,normal
16.2,57.8,35,26,18,12,0,5,19,3,1645243,8176,0,125,10815.350599187,2026-02-22 17:27:32,0,normal
15.5,58.6,35,26,18,12,0,5,19,3,0,0,0,0,10816.435127547,2026-02-22 17:27:33,0,normal
9.5,58.8,35,26,18,12,0,5,19,3,0,0,0,0,10817.522169134,2026-02-22 17:27:34,0,normal
12.5,58.7,35,26,18,12,0,5,19,3,2900440,21994,0,197,10818.607619083,2026-02-22 17:27:35,0,normal
17.4,58.0,35,26,18,12,0,5,19,3,1580658,6277,0,100,10819.696570675,2026-02-22 17:27:36,0,normal
6.3,57.7,36,26,19,12,0,5,20,4,351,320,0,4,10820.781398136,2026-02-22 17:27:37,0,normal
1.8,57.7,35,26,18,12,0,5,19,3,782,104,0,2,10821.862856823,2026-02-22 17:27:38,0,normal
4.9,57.6,35,26,18,12,0,5,19,3,0,0,0,0,10822.944973427,2026-02-22 17:27:39,0,normal
1.3,57.5,35,26,18,12,0,5,19,3,0,0,0,0,10824.027629092,2026-02-22 17:27:41,0,normal
8.7,57.2,35,26,18,12,0,5,19,3,0,0,0,0,10825.110088048,2026-02-22 17:27:42,0,normal
6.0,57.2,35,26,18,12,0,5,19,3,0,0,0,0,10826.192559006,2026-02-22 17:27:43,0,normal
11.8,57.6,35,27,18,12,0,5,19,3,5420,19817,2,23,10827.276385478,2026-02-22 17:27:44,0,normal
5.4,57.6,35,27,18,12,0,5,19,3,3491,142,0,2,10828.362858629,2026-02-22 17:27:45,0,normal
7.0,57.4,35,27,18,12,0,5,19,3,616,9250,0,10,10829.444417454,2026-02-22 17:27:46,0,normal
4.5,57.4,35,27,18,12,0,5,19,3,1003,71,0,1,10830.531438753,2026-02-22 17:27:47,0,normal
7.6,57.5,35,27,18,12,0,5,19,3,0,0,0,0,10831.614395723,2026-02-22 17:27:48,0,normal
7.4,57.4,35,27,18,12,0,5,19,3,283,194,0,2,10832.700457221,2026-02-22 17:27:49,0,normal
4.1,57.4,35,27,18,12,0,5,19,3,0,0,0,0,10833.785036155,2026-02-22 17:27:50,0,normal
7.4,57.3,37,27,17,12,1,5,20,4,1515,9589,0,15,10834.869381341,2026-02-22 17:27:51,0,normal
5.3,57.2,37,27,17,12,1,5,20,4,78,148,0,3,10835.951419226,2026-02-22 17:27:52,0,normal
13.7,56.9,37,27,17,12,1,5,20,4,47876,1539,0,16,10837.039754431,2026-02-22 17:27:54,0,normal
19.8,56.7,40,27,18,12,1,5,21,4,118820,10115,5,72,10838.130025419,2026-02-22 17:27:55,0,normal
23.1,56.9,40,27,18,12,1,5,21,4,251,297,0,5,10839.222564573,2026-02-22 17:27:56,0,normal
21.1,56.7,38,27,18,12,1,5,21,4,72410,3449,0,14,10840.313412855,2026-02-22 17:27:57,0,normal
16.4,56.9,36,27,18,12,1,5,20,3,5395839,34750,0,356,10841.398262938,2026-02-22 17:27:58,0,normal
14.8,56.8,36,27,18,12,1,5,20,3,3163158,28811,0,208,10842.484839843,2026-02-22 17:27:59,0,normal
14.0,56.7,36,27,18,12,1,5,20,3,928,214,0,3,10843.56879146,2026-02-22 17:28:00,0,normal
18.3,56.6,37,26,19,12,1,5,20,4,2581688,5172,0,129,10844.659280597,2026-02-22 17:28:01,1,tcp_bandwidth_exhaustion
27.4,56.8,37,26,19,12,1,5,20,4,26364492,52872,0,1227,10845.753146181,2026-02-22 17:28:02,1,tcp_bandwidth_exhaustion
23.0,56.5,38,26,19,12,1,5,20,5,22351723,62287,0,1285,10846.845762511,2026-02-22 17:28:03,1,tcp_bandwidth_exhaustion
25.3,56.2,37,26,19,12,1,5,20,4,30021287,82395,0,1812,10847.93723298,2026-02-22 17:28:04,1,tcp_bandwidth_exhaustion
30.7,56.2,37,26,19,12,1,5,20,4,29609378,60269,0,1415,10849.029665454,2026-02-22 17:28:06,1,tcp_bandwidth_exhaustion
42.9,56.3,37,26,19,12,1,5,20,4,30401162,61727,0,1360,10850.135963463,2026-02-22 17:28:07,1,tcp_bandwidth_exhaustion
40.1,56.2,38,26,19,12,1,5,20,5,31878624,87684,0,1877,10851.236538209,2026-02-22 17:28:08,1,tcp_bandwidth_exhaustion
34.7,56.2,37,26,19,12,1,5,20,4,31690594,62282,0,1422,10852.335311495,2026-02-22 17:28:09,1,tcp_bandwidth_exhaustion
42.3,56.5,37,26,19,12,1,5,20,4,29682423,64236,0,1420,10853.43019008,2026-02-22 17:28:10,1,tcp_bandwidth_exhaustion
31.2,56.6,37,26,19,12,1,5,20,4,30381631,72452,0,1547,10854.520582676,2026-02-22 17:28:11,1,tcp_bandwidth_exhaustion
36.7,56.8,37,26,19,12,1,5,20,4,24879205,57793,0,1309,10855.613370828,2026-02-22 17:28:12,1,tcp_bandwidth_exhaustion
17.0,56.6,37,26,19,12,1,5,20,4,23921947,54186,0,1173,10856.699771993,2026-02-22 17:28:13,1,tcp_bandwidth_exhaustion
22.8,56.6,38,26,20,12,1,5,20,5,32217370,62412,0,1560,10857.789570354,2026-02-22 17:28:14,1,tcp_bandwidth_exhaustion
20.4,56.6,37,26,19,12,1,5,20,4,34205807,63829,0,1594,10858.881301973,2026-02-22 17:28:15,1,tcp_bandwidth_exhaustion
28.6,56.7,37,26,19,12,1,5,20,4,32523870,94900,0,1736,10859.969232608,2026-02-22 17:28:16,1,tcp_bandwidth_exhaustion
19.6,56.7,38,26,20,12,1,5,20,5,35883820,66332,0,1658,10861.057013022,2026-02-22 17:28:18,1,tcp_bandwidth_exhaustion
22.0,56.7,37,26,19,12,1,5,20,4,28437308,57742,0,1220,10862.14952209,2026-02-22 17:28:19,1,tcp_bandwidth_exhaustion
22.6,56.5,37,26,19,12,1,5,20,4,25485502,47360,0,1184,10863.23231351,2026-02-22 17:28:20,1,tcp_bandwidth_exhaustion
20.1,56.5,37,26,19,12,1,5,20,4,26272271,49412,0,1215,10864.320887162,2026-02-22 17:28:21,1,tcp_bandwidth_exhaustion
22.9,56.6,38,26,20,12,1,5,20,5,30637487,74039,0,1631,10865.415248727,2026-02-22 17:28:22,1,tcp_bandwidth_exhaustion
22.6,56.7,38,26,20,12,1,5,20,5,30592902,79018,0,1613,10866.504253869,2026-02-22 17:28:23,1,tcp_bandwidth_exhaustion
21.8,56.6,37,26,19,12,1,5,20,4,30279211,55071,0,1376,10867.590754721,2026-02-22 17:28:24,1,tcp_bandwidth_exhaustion
26.5,56.5,37,26,19,12,1,5,20,4,31049813,61715,0,1341,10868.680130959,2026-02-22 17:28:25,1,tcp_bandwidth_exhaustion
23.7,56.6,38,27,20,12,1,5,21,4,29808093,239194,2,1779,10869.77345148,2026-02-22 17:28:26,1,tcp_bandwidth_exhaustion
30.8,56.4,39,27,21,12,1,5,21,5,29938757,1161217,0,2175,10870.866909961,2026-02-22 17:28:27,1,tcp_bandwidth_exhaustion
26.0,56.3,38,29,20,12,1,5,21,5,29013205,529572,0,1677,10871.959278425,2026-02-22 17:28:28,1,tcp_bandwidth_exhaustion
23.5,56.2,38,28,20,12,1,5,21,4,28646282,482024,2,1559,10873.048517987,2026-02-22 17:28:30,1,tcp_bandwidth_exhaustion
23.6,56.2,38,27,20,12,1,5,21,4,28694703,952414,0,1988,10874.134755595,2026-02-22 17:28:31,1,tcp_bandwidth_exhaustion
29.9,56.4,38,27,20,12,1,5,21,4,28668073,1092405,0,2267,10875.228047513,2026-02-22 17:28:32,1,tcp_bandwidth_exhaustion
21.9,56.3,38,27,20,12,1,5,21,4,28770345,412880,0,1518,10876.322384331,2026-02-22 17:28:33,1,tcp_bandwidth_exhaustion
20.7,56.2,39,27,20,12,1,5,21,5,27687355,49061,0,1223,10877.413315017,2026-02-22 17:28:34,1,tcp_bandwidth_exhaustion
19.6,56.2,38,27,20,12,1,5,21,4,27567551,58511,0,1263,10878.506113559,2026-02-22 17:28:35,1,tcp_bandwidth_exhaustion
18.4,56.3,38,27,20,12,1,5,21,4,24097268,49228,0,1119,10879.592115705,2026-02-22 17:28:36,1,tcp_bandwidth_exhaustion
17.6,56.3,39,27,21,12,1,5,21,5,28108758,63182,0,1464,10880.679535631,2026-02-22 17:28:37,1,tcp_bandwidth_exhaustion
25.2,56.3,38,27,20,12,1,5,21,4,25563516,104543,0,1336,10881.768197569,2026-02-22 17:28:38,1,tcp_bandwidth_exhaustion
27.9,56.6,38,27,20,12,1,5,21,4,26044878,75121,0,1347,10882.859714776,2026-02-22 17:28:39,1,tcp_bandwidth_exhaustion
39.2,57.2,38,27,20,12,1,5,21,4,28688875,51240,0,1275,10883.950071745,2026-02-22 17:28:40,1,tcp_bandwidth_exhaustion
32.4,57.2,38,27,20,12,1,5,21,4,25931504,62006,0,1408,10885.045879825,2026-02-22 17:28:42,1,tcp_bandwidth_exhaustion
25.9,57.3,37,27,19,12,1,5,20,4,27895797,88616,0,1518,10886.135224995,2026-02-22 17:28:43,1,tcp_bandwidth_exhaustion
37.5,57.2,39,27,21,12,1,5,21,5,27090360,73930,0,1510,10887.230834483,2026-02-22 17:28:44,1,tcp_bandwidth_exhaustion
26.5,57.3,38,27,20,12,1,5,21,4,26035739,47379,0,1161,10888.31945338,2026-02-22 17:28:45,1,tcp_bandwidth_exhaustion
38.2,57.5,38,27,20,12,1,5,21,4,23652357,70003,0,1216,10889.410948936,2026-02-22 17:28:46,1,tcp_bandwidth_exhaustion
26.3,57.7,38,27,20,12,1,5,21,4,26680723,66824,0,1409,10890.50733461,2026-02-22 17:28:47,1,tcp_bandwidth_exhaustion
23.5,57.7,38,27,20,12,1,5,21,4,27076269,61189,0,1251,10891.599174402,2026-02-22 17:28:48,1,tcp_bandwidth_exhaustion
26.3,57.6,36,27,18,12,1,5,20,4,26315228,49316,0,1220,10892.683329582,2026-02-22 17:28:49,1,tcp_bandwidth_exhaustion
20.4,57.6,36,27,18,12,1,5,20,4,28671593,57907,0,1364,10893.766065317,2026-02-22 17:28:50,1,tcp_bandwidth_exhaustion
24.9,57.6,36,27,18,12,1,5,20,4,23336570,75226,0,1322,10894.855350224,2026-02-22 17:28:51,1,tcp_bandwidth_exhaustion
21.9,57.7,36,27,18,12,1,5,20,4,21462541,48306,0,1097,10895.945916135,2026-02-22 17:28:52,1,tcp_bandwidth_exhaustion
24.7,57.7,34,27,17,12,0,5,18,4,27435481,51750,0,1286,10897.037753012,2026-02-22 17:28:54,1,tcp_bandwidth_exhaustion
23.4,57.6,35,27,18,12,0,5,18,5,27796977,54380,0,1341,10898.126579579,2026-02-22 17:28:55,1,tcp_bandwidth_exhaustion
23.6,57.7,34,27,17,12,0,5,18,4,26896792,55081,0,1335,10899.218144184,2026-02-22 17:28:56,1,tcp_bandwidth_exhaustion
25.9,58.0,34,26,17,12,0,5,18,4,25888168,73097,0,1595,10900.325168796,2026-02-22 17:28:57,1,tcp_bandwidth_exhaustion
27.7,57.9,34,26,17,12,0,5,18,4,30041566,63958,0,1346,10901.41261401,2026-02-22 17:28:58,1,tcp_bandwidth_exhaustion
22.8,57.9,34,26,17,12,0,5,18,4,29139988,52584,0,1309,10902.502616895,2026-02-22 17:28:59,1,tcp_bandwidth_exhaustion
23.3,57.9,33,26,16,12,0,5,18,4,28613856,69844,0,1338,10903.591765847,2026-02-22 17:29:00,1,tcp_bandwidth_exhaustion
28.9,57.7,33,26,15,12,1,5,18,4,28688589,63678,0,1483,10904.687143299,2026-02-22 17:29:01,1,tcp_bandwidth_exhaustion
27.2,57.7,34,26,16,12,1,5,18,4,27259088,71246,0,1460,10905.781310289,2026-02-22 17:29:02,1,tcp_bandwidth_exhaustion
23.8,57.5,35,26,17,12,1,5,18,5,25191704,59718,0,1334,10906.872744109,2026-02-22 17:29:03,1,tcp_bandwidth_exhaustion
26.0,57.5,35,26,17,12,1,5,18,5,29744354,58888,0,1469,10907.959819429,2026-02-22 17:29:04,1,tcp_bandwidth_exhaustion
39.5,57.4,34,26,16,12,1,5,18,4,25774924,49242,0,1217,10909.052800163,2026-02-22 17:29:06,1,tcp_bandwidth_exhaustion
28.9,57.5,34,26,16,12,1,5,18,4,23653027,53698,0,1189,10910.147394685,2026-02-22 17:29:07,1,tcp_bandwidth_exhaustion
31.1,57.1,34,26,16,12,1,5,18,4,26309898,55834,0,1282,10911.239850403,2026-02-22 17:29:08,1,tcp_bandwidth_exhaustion
25.3,57.1,35,26,17,12,1,5,18,5,25771981,55408,0,1247,10912.332426457,2026-02-22 17:29:09,1,tcp_bandwidth_exhaustion
40.7,57.2,34,26,16,12,1,5,18,4,30048782,57456,0,1352,10913.423964092,2026-02-22 17:29:10,1,tcp_bandwidth_exhaustion
44.4,57.3,34,26,16,12,1,5,18,4,26844370,63613,0,1345,10914.514917691,2026-02-22 17:29:11,1,tcp_bandwidth_exhaustion
38.3,58.5,34,26,16,12,1,5,18,4,21703486,55546,0,1245,10915.60207208,2026-02-22 17:29:12,1,tcp_bandwidth_exhaustion
31.9,59.7,35,26,16,12,1,5,19,4,19781159,59829,0,1151,10916.693656212,2026-02-22 17:29:13,1,tcp_bandwidth_exhaustion
24.3,59.7,36,26,17,12,1,5,19,4,28111793,55453,0,1311,10917.785381259,2026-02-22 17:29:14,1,tcp_bandwidth_exhaustion
30.2,59.1,36,26,18,12,1,5,19,4,29456097,74355,0,1327,10918.886777167,2026-02-22 17:29:15,1,tcp_bandwidth_exhaustion
24.6,59.1,36,26,18,12,1,5,19,4,23792287,53755,0,1200,10919.98094569,2026-02-22 17:29:16,1,tcp_bandwidth_exhaustion
21.8,59.0,36,26,18,12,1,5,19,4,25717824,60952,0,1327,10921.069228395,2026-02-22 17:29:18,1,tcp_bandwidth_exhaustion
17.6,59.0,36,26,18,12,1,5,19,4,31161334,48535,0,1189,10922.161313979,2026-02-22 17:29:19,1,tcp_bandwidth_exhaustion
15.5,58.9,36,26,18,12,1,5,19,4,26618540,46457,0,1145,10923.252522436,2026-02-22 17:29:20,1,tcp_bandwidth_exhaustion
20.6,58.9,36,26,18,12,1,5,19,4,30371146,71425,0,1508,10924.339649524,2026-02-22 17:29:21,1,tcp_bandwidth_exhaustion
18.2,58.2,36,26,18,12,1,5,19,4,24211140,58249,0,1278,10925.428893925,2026-02-22 17:29:22,1,tcp_bandwidth_exhaustion
16.5,58.1,37,26,19,12,1,5,19,5,28441950,48668,0,1214,10926.516394743,2026-02-22 17:29:23,1,tcp_bandwidth_exhaustion
27.4,58.0,36,26,18,12,1,5,18,5,29807519,58534,0,1438,10927.613186499,2026-02-22 17:29:24,1,tcp_bandwidth_exhaustion
31.5,57.9,34,26,16,12,1,5,17,4,28591393,51706,0,1196,10928.70854189,2026-02-22 17:29:25,1,tcp_bandwidth_exhaustion
26.1,57.9,35,26,16,12,1,5,17,5,28424450,69716,0,1532,10929.802340909,2026-02-22 17:29:26,1,tcp_bandwidth_exhaustion
19.1,57.9,33,26,15,12,1,5,17,4,26680418,56235,0,1269,10930.888983156,2026-02-22 17:29:27,1,tcp_bandwidth_exhaustion
22.8,57.9,33,26,15,12,1,5,17,4,31455552,60223,0,1320,10931.974171305,2026-02-22 17:29:28,1,tcp_bandwidth_exhaustion
19.3,57.9,33,26,15,12,1,5,17,4,29553575,48959,0,1221,10933.059104434,2026-02-22 17:29:30,1,tcp_bandwidth_exhaustion
16.9,57.9,32,26,14,12,1,5,17,3,23669066,42774,0,975,10934.147320595,2026-02-22 17:29:31,0,normal
16.1,57.8,32,26,14,12,1,5,17,3,1347957,13060,0,150,10935.236476891,2026-02-22 17:29:32,0,normal
18.2,57.8,32,26,14,12,1,5,17,3,1478209,13837,0,185,10936.323130649,2026-02-22 17:29:33,0,normal
9.7,57.8,32,26,14,12,1,5,17,3,1368211,12338,0,149,10937.417476545,2026-02-22 17:29:34,0,normal
12.2,57.8,32,26,14,12,1,5,17,3,21358,3132,0,13,10938.507534344,2026-02-22 17:29:35,0,normal
10.8,57.9,32,26,14,12,1,5,17,3,906402,6655,0,93,10939.593677394,2026-02-22 17:29:36,0,normal
12.7,57.9,32,26,14,12,1,5,17,3,1407769,19160,0,158,10940.682227682,2026-02-22 17:29:37,0,normal
5.3,57.9,32,26,14,12,1,5,17,3,1483616,9776,0,151,10941.768505876,2026-02-22 17:29:38,0,normal
5.2,58.1,32,26,14,12,1,5,17,3,67294,3435,0,13,10942.853129875,2026-02-22 17:29:39,0,normal
3.9,58.1,32,26,14,12,1,5,17,3,18419,191,0,3,10943.937838844,2026-02-22 17:29:40,0,normal
8.3,58.2,32,26,14,12,1,5,17,3,2767455,12793,0,202,10945.025137483,2026-02-22 17:29:42,0,normal
4.8,58.3,32,26,14,12,1,5,17,3,1461645,9663,0,112,10946.108970167,2026-02-22 17:29:43,0,normal
6.0,58.2,32,26,14,12,1,5,17,3,1770,7547,0,8,10947.191320579,2026-02-22 17:29:44,0,normal
2.9,58.2,32,26,14,12,1,5,17,3,0,0,0,0,10948.274088605,2026-02-22 17:29:45,0,normal
3.6,58.1,32,26,14,12,1,5,17,3,1058418,6813,0,108,10949.356939245,2026-02-22 17:29:46,0,normal
3.1,58.1,32,26,14,12,1,5,17,3,810494,6947,0,69,10950.44031987,2026-02-22 17:29:47,0,normal
2.6,58.1,32,26,14,12,1,5,17,3,0,16585,0,14,10951.523104127,2026-02-22 17:29:48,0,normal
2.2,58.1,32,26,14,12,1,5,17,3,1405,72,0,1,10952.606614957,2026-02-22 17:29:49,0,normal
1.9,58.1,32,26,14,12,1,5,17,3,0,0,0,0,10953.698156139,2026-02-22 17:29:50,0,normal
4.9,58.2,32,26,14,12,1,5,17,3,2971305,15689,0,208,10954.781919022,2026-02-22 17:29:51,0,normal
2.5,58.1,32,26,14,12,1,5,17,3,115,64,0,1,10955.863693633,2026-02-22 17:29:52,0,normal
1.9,58.1,32,26,14,12,1,5,17,3,78,28,0,1,10956.947479349,2026-02-22 17:29:53,0,normal
2.2,58.1,32,26,14,12,1,5,17,3,0,0,0,0,10958.030455626,2026-02-22 17:29:55,0,normal
2.0,58.0,32,26,14,12,1,5,17,3,718129,3151,0,50,10959.117525526,2026-02-22 17:29:56,0,normal
6.5,58.1,32,26,14,12,1,5,17,3,2441319,12376,0,155,10960.19990349,2026-02-22 17:29:57,0,normal
1.8,58.1,32,26,14,12,1,5,17,3,0,0,0,0,10961.283359097,2026-02-22 17:29:58,0,normal
2.8,58.3,32,26,14,12,1,5,17,3,1604,7547,0,8,10962.365762949,2026-02-22 17:29:59,0,normal
6.3,58.3,32,26,14,12,1,5,17,3,0,0,0,0,10963.452548165,2026-02-22 17:30:00,0,normal
25.2,58.7,32,26,14,12,1,5,17,3,2576447,14077,0,181,10964.541462737,2026-02-22 17:30:01,0,normal
8.9,58.7,32,26,14,12,1,5,17,3,0,0,0,0,10965.625546061,2026-02-22 17:30:02,0,normal
13.6,58.6,31,26,14,12,0,5,17,3,0,0,0,0,10966.715813131,2026-02-22 17:30:03,0,normal
14.4,58.6,31,27,14,12,0,5,17,3,35996,4513,0,11,10967.804061032,2026-02-22 17:30:04,0,normal
10.5,58.5,31,27,14,12,0,5,17,3,18540,333,0,5,10968.888693968,2026-02-22 17:30:05,0,normal
14.9,58.3,30,27,13,12,0,5,16,3,643324,6561,0,95,10969.977800761,2026-02-22 17:30:06,0,normal
9.2,58.4,30,27,13,12,0,5,16,3,561953,24936,0,110,10971.059887007,2026-02-22 17:30:08,0,normal
9.3,58.3,30,27,13,12,0,5,16,3,933084,8896,0,137,10972.142841343,2026-02-22 17:30:09,0,normal
8.3,58.3,30,27,12,12,1,5,16,3,1041890,10667,0,164,10973.227446256,2026-02-22 17:30:10,0,normal
14.0,58.2,30,27,12,12,1,5,16,3,232093,8871,0,50,10974.313562987,2026-02-22 17:30:11,0,normal
8.9,58.1,30,27,12,12,1,5,16,3,927706,8673,0,135,10975.398989211,2026-02-22 17:30:12,0,normal
9.0,58.0,30,27,12,12,1,5,16,3,763918,6808,0,105,10976.484114391,2026-02-22 17:30:13,0,normal
9.9,58.0,30,27,12,12,1,5,16,3,628300,15852,0,98,10977.568639936,2026-02-22 17:30:14,0,normal
10.0,57.9,30,27,12,12,1,5,16,3,0,0,0,0,10978.652020341,2026-02-22 17:30:15,0,normal
10.7,58.0,30,27,12,12,1,5,16,3,1126279,7375,0,117,10979.737167121,2026-02-22 17:30:16,0,normal
8.9,57.9,30,27,12,12,1,5,16,3,412049,4979,0,38,10980.819103255,2026-02-22 17:30:17,0,normal
9.1,57.9,30,27,12,12,1,5,16,3,0,0,0,0,10981.901719306,2026-02-22 17:30:18,0,normal
8.6,57.8,30,27,12,12,1,5,16,3,0,0,0,0,10982.985480456,2026-02-22 17:30:19,0,normal
8.7,57.9,30,27,12,12,1,5,16,3,257614,1506,0,23,10984.06868988,2026-02-22 17:30:21,0,normal
10.9,58.0,30,27,12,12,1,5,16,3,2128270,12745,0,161,10985.150828284,2026-02-22 17:30:22,0,normal
9.0,58.0,30,27,12,12,1,5,16,3,0,0,0,0,10986.233879902,2026-02-22 17:30:23,0,normal
8.4,58.0,30,27,12,12,1,5,16,3,0,0,0,0,10987.316571374,2026-02-22 17:30:24,0,normal
8.5,57.9,30,27,12,12,1,5,16,3,0,0,0,0,10988.398059698,2026-02-22 17:30:25,0,normal
10.4,58.0,30,27,12,12,1,5,16,3,1706831,7752,0,122,10989.479784335,2026-02-22 17:30:26,0,normal
8.2,57.8,30,27,12,12,1,5,16,3,8980,2913,0,5,10990.561899045,2026-02-22 17:30:27,0,normal
8.2,57.8,30,27,12,12,1,5,16,3,0,0,0,0,10991.645608047,2026-02-22 17:30:28,0,normal
8.9,57.9,30,27,12,12,1,5,16,3,2272,7668,0,10,10992.727065633,2026-02-22 17:30:29,0,normal
8.7,57.9,30,27,12,12,1,5,16,3,0,0,0,0,10993.81043089,2026-02-22 17:30:30,0,normal
13.2,57.9,30,27,12,12,1,5,16,3,641759,6175,0,95,10994.894737914,2026-02-22 17:30:31,0,normal
9.2,57.8,30,27,12,12,1,5,16,3,703570,7325,0,110,10995.979650455,2026-02-22 17:30:32,0,normal
8.7,57.7,30,26,12,12,1,5,16,3,202915,4539,0,31,10997.062649975,2026-02-22 17:30:34,0,normal
8.2,57.7,30,26,12,12,1,5,16,3,78,28,0,1,10998.146159583,2026-02-22 17:30:35,0,normal
8.9,57.8,30,26,12,12,1,5,16,3,321997,2721,0,43,10999.22914687,2026-02-22 17:30:36,0,normal
10.2,57.8,30,26,12,12,1,5,16,3,1145920,11993,0,146,11000.314723888,2026-02-22 17:30:37,0,normal
7.9,57.8,30,25,12,12,1,5,16,3,0,0,0,0,11001.398356697,2026-02-22 17:30:38,0,normal
8.3,57.8,30,25,12,12,1,5,16,3,0,0,0,0,11002.48270617,2026-02-22 17:30:39,0,normal
8.2,57.7,30,25,12,12,1,5,16,3,0,0,0,0,11003.566828598,2026-02-22 17:30:40,0,normal
10.0,57.6,30,25,12,12,1,5,16,3,1268880,6681,0,106,11004.649139626,2026-02-22 17:30:41,0,normal
8.2,57.7,30,25,12,12,1,5,16,3,144440,3560,0,14,11005.731012933,2026-02-22 17:30:42,0,normal
8.3,57.6,30,25,12,12,1,5,16,3,0,0,0,0,11006.81494326,2026-02-22 17:30:43,0,normal
8.5,57.6,30,25,12,12,1,5,16,3,1808,7549,0,8,11007.900444826,2026-02-22 17:30:44,0,normal
8.4,57.5,30,25,12,12,1,5,16,3,18513,206,0,3,11008.983880896,2026-02-22 17:30:45,0,normal
11.1,57.4,30,25,12,12,1,5,16,3,2476741,13653,0,175,11010.06791636,2026-02-22 17:30:47,0,normal
8.9,57.5,30,25,12,12,1,5,16,3,0,0,0,0,11011.152485657,2026-02-22 17:30:48,0,normal
8.7,57.5,30,25,12,12,1,5,16,3,0,0,0,0,11012.234260739,2026-02-22 17:30:49,0,normal
10.0,57.5,30,25,12,12,1,5,16,3,0,0,0,0,11013.317246193,2026-02-22 17:30:50,0,normal
10.8,57.5,31,25,12,12,1,5,17,4,1669813,12611,0,152,11014.400485252,2026-02-22 17:30:51,0,normal
8.8,57.5,31,25,12,12,1,5,17,4,1821656,12436,0,156,11015.484596479,2026-02-22 17:30:52,0,normal
8.8,57.5,30,26,12,12,1,5,16,3,5484,23555,0,24,11016.568202798,2026-02-22 17:30:53,0,normal
7.8,57.4,30,26,12,12,1,5,16,3,0,0,0,0,11017.652644806,2026-02-22 17:30:54,0,normal
8.2,57.5,30,26,12,12,1,5,16,3,0,0,0,0,11018.735563354,2026-02-22 17:30:55,0,normal
25.7,57.4,32,27,13,12,1,5,16,4,10195120,35292,0,657,11019.830421692,2026-02-22 17:30:56,1,bulk_download
30.9,57.5,34,27,14,12,1,5,17,5,29712209,61629,0,1371,11020.923588344,2026-02-22 17:30:57,1,bulk_download
27.5,57.6,34,27,14,12,1,5,17,5,30680756,53680,0,1341,11022.026657462,2026-02-22 17:30:59,1,bulk_download
25.8,57.6,32,27,14,12,1,5,16,4,28378239,57448,0,1253,11023.114625888,2026-02-22 17:31:00,1,bulk_download
25.6,57.6,32,27,14,12,1,5,16,4,25422760,47807,0,1190,11024.205277431,2026-02-22 17:31:01,1,bulk_download
34.1,57.6,32,27,14,12,1,5,16,4,16167324,42471,0,941,11025.301322986,2026-02-22 17:31:02,1,bulk_download
23.9,57.6,32,27,14,12,1,5,16,4,15475854,38150,0,851,11026.391957446,2026-02-22 17:31:03,1,bulk_download
31.5,57.6,32,27,14,12,1,5,16,4,14550993,60237,0,962,11027.484587511,2026-02-22 17:31:04,1,bulk_download
21.4,57.6,32,27,14,12,1,5,16,4,16024732,43631,0,938,11028.570865736,2026-02-22 17:31:05,1,bulk_download
35.9,58.2,33,28,15,12,1,5,16,4,25352223,62893,0,1280,11029.661776464,2026-02-22 17:31:06,1,bulk_download
30.0,58.3,33,29,15,12,1,5,16,5,26101336,62153,0,1361,11030.757346477,2026-02-22 17:31:07,1,bulk_download
29.5,58.6,33,28,15,12,1,5,16,4,26517769,53884,0,1255,11031.850346547,2026-02-22 17:31:08,1,bulk_download
27.3,58.4,33,28,15,12,1,5,16,4,26940746,74429,0,1307,11032.937815957,2026-02-22 17:31:09,1,bulk_download
26.8,58.3,33,28,15,12,1,5,16,4,29919535,53892,0,1345,11034.030716029,2026-02-22 17:31:11,1,bulk_download
21.7,58.3,33,28,15,12,1,5,16,4,24497164,55286,0,1251,11035.119313997,2026-02-22 17:31:12,1,bulk_download
23.8,58.2,32,28,15,12,0,5,16,4,23486052,56887,0,1287,11036.211718138,2026-02-22 17:31:13,1,bulk_download
21.2,58.0,32,28,15,12,0,5,16,4,18743898,44455,0,985,11037.302314657,2026-02-22 17:31:14,1,bulk_download
34.1,57.8,32,28,15,12,0,5,16,4,26023169,63227,0,1176,11038.394439704,2026-02-22 17:31:15,1,bulk_download
22.5,58.0,31,28,14,12,0,5,15,4,28086140,57769,0,1358,11039.480872819,2026-02-22 17:31:16,1,bulk_download
31.5,57.9,31,28,14,12,0,5,15,4,24376339,59774,0,1343,11040.569590542,2026-02-22 17:31:17,1,bulk_download
26.4,57.8,31,28,14,12,0,5,15,4,25805521,65172,0,1292,11041.65945168,2026-02-22 17:31:18,1,bulk_download
22.3,57.8,31,29,13,12,0,5,15,4,22369569,43698,0,1010,11042.75116243,2026-02-22 17:31:19,1,bulk_download
18.9,57.4,31,29,13,12,1,5,15,4,22767779,817206,0,1641,11043.837835866,2026-02-22 17:31:20,1,bulk_download
21.4,57.7,31,29,13,12,1,5,15,4,22627225,58965,0,1315,11044.929915268,2026-02-22 17:31:21,1,bulk_download
26.6,57.6,31,29,13,12,1,5,15,4,26343342,55754,0,1246,11046.019675898,2026-02-22 17:31:23,1,bulk_download
20.3,57.6,31,29,13,12,1,5,15,4,26395572,56001,0,1139,11047.106396662,2026-02-22 17:31:24,1,bulk_download
22.0,57.5,31,29,13,12,1,5,15,4,26885758,65160,0,1158,11048.193802753,2026-02-22 17:31:25,1,bulk_download
31.6,57.8,31,29,13,12,1,5,15,4,23359736,75577,0,1136,11049.289169074,2026-02-22 17:31:26,1,bulk_download
36.1,57.7,31,29,13,12,1,5,15,4,23892299,79508,0,1360,11050.38125642,2026-02-22 17:31:27,1,bulk_download
27.1,57.7,31,29,13,12,1,5,15,4,28874468,50000,0,1250,11051.4715388,2026-02-22 17:31:28,1,bulk_download
30.7,57.6,31,29,13,12,1,5,15,4,29677945,68375,0,1301,11052.562622593,2026-02-22 17:31:29,1,bulk_download
21.6,57.7,31,30,12,12,2,5,15,4,25230330,62044,2,1150,11053.647892254,2026-02-22 17:31:30,1,bulk_download
31.5,57.8,31,30,12,12,2,5,15,4,31115703,80368,0,1717,11054.735873905,2026-02-22 17:31:31,1,bulk_download
22.2,57.8,31,30,12,12,2,5,15,4,28076151,66260,0,1253,11055.821208708,2026-02-22 17:31:32,1,bulk_download
22.6,57.9,31,30,12,12,2,5,15,4,29064796,49452,0,1233,11056.906228891,2026-02-22 17:31:33,1,bulk_download
20.1,57.8,32,30,13,12,2,5,16,4,28396839,64892,4,1235,11057.988915474,2026-02-22 17:31:34,1,bulk_download
33.1,57.8,32,29,13,12,2,5,16,4,28678069,69764,0,1261,11059.077853811,2026-02-22 17:31:36,1,bulk_download
35.3,57.9,32,28,13,12,2,5,16,4,29756965,86389,4,1721,11060.172738508,2026-02-22 17:31:37,1,bulk_download
40.5,58.3,32,28,13,12,2,5,16,4,28649562,58170,0,1325,11061.265034817,2026-02-22 17:31:38,1,bulk_download
17.6,58.4,32,28,13,12,2,5,16,4,27610060,46313,0,1154,11062.357806468,2026-02-22 17:31:39,1,bulk_download
18.3,58.4,32,28,13,12,2,5,16,4,28239256,43248,0,1078,11063.449579896,2026-02-22 17:31:40,1,bulk_download
20.9,58.4,32,28,13,12,2,5,16,4,30865709,62599,0,1440,11064.536875799,2026-02-22 17:31:41,1,bulk_download
44.4,58.7,32,28,13,12,2,5,16,4,31543338,69059,0,1507,11065.645147542,2026-02-22 17:31:42,1,bulk_download
45.6,58.8,32,28,13,12,2,5,16,4,33120601,60796,0,1445,11066.755896084,2026-02-22 17:31:43,1,bulk_download
24.5,58.9,33,29,14,12,2,5,17,4,21309521,58417,2,852,11067.849918602,2026-02-22 17:31:44,1,bulk_download
36.9,59.0,33,29,14,12,2,5,17,4,27295322,49080,0,1051,11068.942547906,2026-02-22 17:31:45,1,bulk_download
29.9,59.1,33,29,14,12,2,5,17,4,25615666,59846,0,1293,11070.031879962,2026-02-22 17:31:47,1,bulk_download
29.5,59.0,33,29,14,12,2,5,17,4,23240887,51099,0,1178,11071.126600892,2026-02-22 17:31:48,1,bulk_download
19.6,59.0,33,29,14,12,2,5,17,4,25045523,53994,0,1253,11072.213619595,2026-02-22 17:31:49,1,bulk_download
24.1,58.8,33,29,14,12,2,5,17,4,23740255,51152,0,1131,11073.302608597,2026-02-22 17:31:50,1,bulk_download
26.7,58.5,35,28,15,12,2,5,19,4,21650737,47119,2,1057,11074.392241337,2026-02-22 17:31:51,1,bulk_download
26.8,57.8,34,28,15,12,2,5,18,4,24480717,59778,0,1307,11075.489968509,2026-02-22 17:31:52,1,bulk_download
26.4,57.9,34,28,14,12,3,5,18,4,26409441,52975,0,1219,11076.583540011,2026-02-22 17:31:53,1,bulk_download
23.0,58.0,34,28,14,12,3,5,18,4,25935601,56279,0,1275,11077.67498907,2026-02-22 17:31:54,1,bulk_download
25.9,57.8,34,28,14,12,3,5,18,4,26341580,51277,0,1195,11078.76480302,2026-02-22 17:31:55,1,bulk_download
22.0,57.8,34,28,14,12,3,5,18,4,25033578,51158,0,1204,11079.856745295,2026-02-22 17:31:56,1,bulk_download
24.7,57.7,34,28,14,12,3,5,18,4,26043841,56683,0,1284,11080.945424325,2026-02-22 17:31:57,0,normal
12.5,57.7,33,28,13,12,3,5,18,3,7681184,20628,0,398,11082.029898623,2026-02-22 17:31:59,0,normal
9.0,57.6,33,28,13,12,3,5,18,3,1496,376,0,5,11083.116266495,2026-02-22 17:32:00,0,normal
14.9,57.5,32,28,12,12,3,5,17,3,652216,29301,0,94,11084.208493354,2026-02-22 17:32:01,0,normal
18.4,57.5,32,28,12,12,3,5,17,3,3590071,24791,0,320,11085.304153626,2026-02-22 17:32:02,0,normal
8.1,57.5,32,28,12,12,3,5,17,3,1124,288,0,4,11086.39145446,2026-02-22 17:32:03,0,normal
11.0,57.3,32,28,12,12,3,5,17,3,1204,288,0,4,11087.472752927,2026-02-22 17:32:04,0,normal
7.1,57.2,32,28,12,12,3,5,17,3,1646,512,0,7,11088.554457687,2026-02-22 17:32:05,0,normal
9.5,57.3,32,28,12,12,3,5,17,3,3097927,12996,0,200,11089.634981401,2026-02-22 17:32:06,0,normal
9.9,57.3,39,28,14,12,3,5,19,3,702207,28726,4,147,11090.722859217,2026-02-22 17:32:07,0,normal
9.7,57.4,39,28,14,12,8,5,19,3,84590,9637,0,56,11091.808212495,2026-02-22 17:32:08,0,normal
12.5,57.4,39,28,14,12,8,5,19,3,4421,631,0,8,11092.892815474,2026-02-22 17:32:09,0,normal
5.3,57.4,39,28,14,12,8,5,19,3,141634,3828,0,23,11093.975553514,2026-02-22 17:32:10,0,normal
9.1,57.3,39,28,14,12,8,5,19,3,3472060,15852,0,210,11095.060479489,2026-02-22 17:32:12,0,normal
8.8,57.3,39,28,14,12,8,5,19,3,3746,782,0,9,11096.144790802,2026-02-22 17:32:13,0,normal
7.2,57.2,39,28,14,12,8,5,19,3,523,72,0,1,11097.226106161,2026-02-22 17:32:14,0,normal
5.2,57.2,39,27,14,12,8,5,19,3,3443,288,0,4,11098.308512618,2026-02-22 17:32:15,0,normal
16.0,57.2,39,27,14,12,8,5,19,3,683970,30103,0,114,11099.392958092,2026-02-22 17:32:16,0,normal
15.2,57.1,39,27,14,12,8,5,19,3,1216132,8445,0,130,11100.477198792,2026-02-22 17:32:17,0,normal
12.3,56.9,39,27,14,12,8,5,19,3,1267966,8548,0,135,11101.560409398,2026-02-22 17:32:18,0,normal
10.7,56.9,39,27,14,12,8,5,19,3,647336,7544,0,78,11102.643160783,2026-02-22 17:32:19,0,normal
10.7,57.5,39,27,14,12,8,5,19,3,1188,288,0,4,11103.730435838,2026-02-22 17:32:20,0,normal
34.6,57.2,39,27,14,12,8,5,19,3,1069732,8165,0,125,11104.820947988,2026-02-22 17:32:21,0,normal
11.8,57.4,38,27,14,12,7,5,18,3,1359520,10031,0,156,11105.906711436,2026-02-22 17:32:22,0,normal
12.0,57.4,38,27,14,12,7,5,18,3,1352592,10273,0,158,11106.993303348,2026-02-22 17:32:23,0,normal
10.3,57.4,38,27,14,12,7,5,18,3,161621,4474,0,29,11108.078369938,2026-02-22 17:32:25,0,normal
11.1,57.3,38,27,14,12,7,5,18,3,212366,10866,0,42,11109.160531405,2026-02-22 17:32:26,0,normal
15.2,57.5,38,27,14,12,7,5,18,3,2179752,11975,0,190,11110.244582069,2026-02-22 17:32:27,0,normal
14.7,57.4,38,27,14,12,7,5,18,3,2133523,12474,0,157,11111.328440401,2026-02-22 17:32:28,0,normal
13.6,57.1,38,27,14,12,7,5,18,3,0,0,0,0,11112.411045701,2026-02-22 17:32:29,0,normal
10.0,57.1,38,27,14,12,7,5,18,3,0,0,0,0,11113.49265402,2026-02-22 17:32:30,0,normal
11.7,57.2,37,27,14,12,6,5,17,3,1870199,14655,0,130,11114.574915375,2026-02-22 17:32:31,0,normal
7.5,57.2,36,27,13,12,6,5,16,3,2675756,31255,0,207,11115.659942812,2026-02-22 17:32:32,0,normal
14.1,55.9,36,27,13,12,6,5,16,3,5767,16964,0,20,11116.743232076,2026-02-22 17:32:33,0,normal
11.3,55.7,35,27,12,12,6,5,15,3,406,208,0,4,11117.825947253,2026-02-22 17:32:34,0,normal
11.7,55.5,35,27,12,12,6,5,15,3,18301,252,0,4,11118.909008108,2026-02-22 17:32:35,0,normal
13.5,55.6,35,27,12,12,6,5,15,3,3660592,17753,0,241,11120.000218639,2026-02-22 17:32:36,0,normal
9.1,55.5,35,27,12,12,6,5,15,3,1159,424,0,6,11121.090061934,2026-02-22 17:32:38,0,normal
4.9,55.6,35,27,12,12,6,5,15,3,0,0,0,0,11122.172937362,2026-02-22 17:32:39,0,normal
4.5,55.6,35,27,12,12,6,5,15,3,0,0,0,0,11123.257062315,2026-02-22 17:32:40,0,normal
6.9,55.5,35,27,12,12,6,5,15,3,2062043,8066,0,128,11124.338387873,2026-02-22 17:32:41,0,normal
7.4,55.1,35,27,12,12,6,5,15,3,1677582,9726,2,111,11125.421950171,2026-02-22 17:32:42,0,normal
2.2,55.0,35,27,12,12,6,5,15,3,0,91,0,1,11126.506276551,2026-02-22 17:32:43,0,normal
2.1,55.0,35,27,12,12,6,5,15,3,141,52,0,1,11127.587043681,2026-02-22 17:32:44,0,normal
2.0,55.0,35,27,12,12,6,5,15,3,806,15996,2,18,11128.668211644,2026-02-22 17:32:45,0,normal
5.2,55.0,35,27,12,12,6,5,15,3,1123828,11174,0,86,11129.750829949,2026-02-22 17:32:46,0,normal
5.6,55.2,35,27,12,12,6,5,15,3,2218330,12499,0,156,11130.832958495,2026-02-22 17:32:47,0,normal
1.9,55.1,35,27,12,12,6,5,15,3,0,0,0,0,11131.913812237,2026-02-22 17:32:48,0,normal
2.8,55.1,35,27,12,12,6,5,15,3,1517,654,0,6,11132.99608298,2026-02-22 17:32:49,0,normal
2.3,55.2,35,27,12,12,6,5,15,3,188984,3817,0,23,11134.076670333,2026-02-22 17:32:51,0,normal
3.9,55.1,35,27,12,12,6,5,15,3,1360808,10615,0,160,11135.156813633,2026-02-22 17:32:52,0,normal
3.0,55.1,35,27,12,12,6,5,15,3,1377013,10786,0,165,11136.239129159,2026-02-22 17:32:53,0,normal
3.2,55.2,35,27,12,12,6,5,15,3,1354467,11800,0,181,11137.321309953,2026-02-22 17:32:54,0,normal
3.4,55.2,36,27,14,12,5,5,15,3,335271,15010,5,84,11138.402794931,2026-02-22 17:32:55,0,normal
3.9,55.3,36,27,14,12,5,5,15,3,353350,13489,0,60,11139.48435001,2026-02-22 17:32:56,0,normal
5.7,55.2,36,27,14,12,5,5,15,3,1300284,10159,0,155,11140.569197008,2026-02-22 17:32:57,0,normal
4.1,55.2,36,27,14,12,5,5,15,3,1383594,8972,0,141,11141.652470373,2026-02-22 17:32:58,0,normal
2.5,55.3,36,27,14,12,5,5,15,3,1528497,10366,0,159,11142.73340081,2026-02-22 17:32:59,0,normal
2.1,55.3,36,27,14,12,5,5,15,3,166307,3667,0,18,11143.814987649,2026-02-22 17:33:00,0,normal
6.0,55.0,37,27,15,12,5,5,16,3,3329392,22696,0,292,11144.896707347,2026-02-22 17:33:01,0,normal
2.3,55.1,37,27,15,12,5,5,16,3,85949,13849,0,34,11145.978213114,2026-02-22 17:33:02,0,normal
1.2,55.1,37,27,15,12,5,5,16,3,141,143,0,2,11147.059461628,2026-02-22 17:33:04,0,normal
2.5,55.0,37,27,15,12,5,5,16,3,0,0,0,0,11148.13900998,2026-02-22 17:33:05,0,normal
2.9,55.1,37,27,15,12,5,5,16,3,953449,4303,0,68,11149.219260572,2026-02-22 17:33:06,0,normal
4.6,55.0,37,27,15,12,5,5,16,3,1158531,8379,0,91,11150.303496172,2026-02-22 17:33:07,0,normal
1.5,55.0,37,27,15,12,5,5,16,3,1144,442,0,4,11151.385221601,2026-02-22 17:33:08,0,normal
2.0,55.1,37,27,15,12,5,5,16,3,0,0,0,0,11152.468219338,2026-02-22 17:33:09,0,normal
1.5,55.0,37,27,15,12,5,5,16,3,0,0,0,0,11153.549121471,2026-02-22 17:33:10,0,normal
3.9,55.1,32,27,15,12,0,5,16,3,1579736,8699,0,97,11154.631110225,2026-02-22 17:33:11,0,normal
1.8,55.0,31,27,14,12,0,5,15,3,270,128,0,2,11155.713200468,2026-02-22 17:33:12,0,normal
3.4,55.1,31,27,14,12,0,5,15,3,366,130,0,1,11156.796135889,2026-02-22 17:33:13,0,normal
2.4,55.1,31,27,14,12,0,5,15,3,871,351,0,3,11157.879364279,2026-02-22 17:33:14,0,normal
1.6,55.1,31,27,14,12,0,5,15,3,18259,126,0,2,11158.960957369,2026-02-22 17:33:15,0,normal
4.2,55.0,31,27,14,12,0,5,15,3,2135639,10827,0,131,11160.043217862,2026-02-22 17:33:17,0,normal
1.9,55.1,33,27,16,12,0,5,16,3,3895,12527,0,26,11161.124915459,2026-02-22 17:33:18,0,normal
14.6,55.7,34,28,17,12,0,5,17,3,24257,7491,0,24,11162.210369246,2026-02-22 17:33:19,0,normal
18.5,55.7,35,28,18,12,0,5,17,3,4803,5892,2,22,11163.304029525,2026-02-22 17:33:20,0,normal
17.5,55.6,35,29,18,12,0,5,17,3,1463792,13867,2,109,11164.38788439,2026-02-22 17:33:21,0,normal
13.6,55.3,35,29,18,12,0,5,17,3,2121063,10253,0,122,11165.475512778,2026-02-22 17:33:22,0,normal
10.0,55.1,35,29,18,12,0,5,17,3,0,0,0,0,11166.559197825,2026-02-22 17:33:23,0,normal
11.8,55.0,35,29,18,12,0,5,17,3,0,0,0,0,11167.650489699,2026-02-22 17:33:24,0,normal
21.1,55.0,35,29,18,12,0,5,17,3,228,132,0,2,11168.738831316,2026-02-22 17:33:25,0,normal
20.8,55.3,35,28,18,12,0,5,17,3,652564,6095,0,84,11169.82464614,2026-02-22 17:33:26,0,normal
19.7,54.9,35,28,18,12,0,5,17,3,689548,9233,0,136,11170.91293099,2026-02-22 17:33:27,0,normal
15.1,54.9,35,28,18,12,0,5,17,3,686924,9494,0,139,11171.997146272,2026-02-22 17:33:28,0,normal
11.9,54.9,35,28,18,12,0,5,17,3,688381,8587,0,133,11173.085541369,2026-02-22 17:33:30,0,normal
15.7,55.1,35,29,18,12,0,5,17,3,804623,29981,0,183,11174.172578026,2026-02-22 17:33:31,0,normal
12.9,55.2,35,29,18,12,0,5,17,3,1807378,22971,0,287,11175.253757551,2026-02-22 17:33:32,0,normal
23.9,55.7,35,30,18,12,0,5,17,3,478441,18311,0,79,11176.336068869,2026-02-22 17:33:33,0,normal
10.1,55.7,35,30,18,12,0,5,17,3,1323,352,0,5,11177.42689557,2026-02-22 17:33:34,0,normal
19.8,55.6,35,30,18,12,0,5,17,3,5871,26075,0,29,11178.51810037,2026-02-22 17:33:35,1,port_scan_simulation
13.3,55.7,35,30,18,12,0,5,17,3,1731053,8577,0,139,11179.605088056,2026-02-22 17:33:36,1,port_scan_simulation
14.4,55.8,35,30,18,12,0,5,17,3,519031,22684,0,72,11180.692742643,2026-02-22 17:33:37,1,port_scan_simulation
14.8,55.5,35,31,18,12,0,5,17,3,11691,12692,2,27,11181.774762805,2026-02-22 17:33:38,1,port_scan_simulation
6.3,55.5,35,31,18,12,0,5,17,3,24658,966395,0,769,11182.859242124,2026-02-22 17:33:39,1,port_scan_simulation
5.0,55.4,35,31,18,12,0,5,17,3,24615,23784,0,41,11183.941710997,2026-02-22 17:33:40,1,port_scan_simulation
11.5,55.2,35,31,18,12,0,5,17,3,1371541,19900,0,134,11185.026051795,2026-02-22 17:33:42,1,port_scan_simulation
15.3,55.2,35,31,18,12,0,5,17,3,134648,48793,0,66,11186.107984072,2026-02-22 17:33:43,1,port_scan_simulation
15.6,55.4,35,31,18,12,0,5,17,3,1573,16106,0,21,11187.192359385,2026-02-22 17:33:44,1,port_scan_simulation
13.4,55.4,35,31,18,12,0,5,17,3,7226,17810,0,27,11188.286636672,2026-02-22 17:33:45,1,port_scan_simulation
13.9,55.2,35,31,18,12,0,5,17,3,353687,4497,0,66,11189.370213215,2026-02-22 17:33:46,1,port_scan_simulation
7.7,55.2,35,31,18,12,0,5,17,3,664908,25185,0,143,11190.454351722,2026-02-22 17:33:47,1,port_scan_simulation
13.6,55.7,34,31,17,12,0,5,17,3,695096,9289,0,147,11191.536830085,2026-02-22 17:33:48,1,port_scan_simulation
23.0,55.7,34,32,17,12,0,5,17,3,705823,23974,0,181,11192.619939511,2026-02-22 17:33:49,1,port_scan_simulation
13.3,55.8,34,32,17,12,0,5,17,3,380012,9853,0,113,11193.709819615,2026-02-22 17:33:50,1,port_scan_simulation
15.4,55.9,34,31,17,12,0,5,17,3,581044,24555,0,130,11194.79165486,2026-02-22 17:33:51,1,port_scan_simulation
10.1,55.9,33,31,16,12,0,5,16,3,732883,10235,0,160,11195.873930242,2026-02-22 17:33:52,1,port_scan_simulation
12.7,55.8,33,31,16,12,0,5,16,3,693896,9148,0,144,11196.95656629,2026-02-22 17:33:53,1,port_scan_simulation
9.7,55.7,33,31,16,12,0,5,16,3,1181477,10617,0,171,11198.040398953,2026-02-22 17:33:55,1,port_scan_simulation
9.9,55.7,33,31,16,12,0,5,16,3,1031780,10977,0,135,11199.126008593,2026-02-22 17:33:56,1,port_scan_simulation
19.4,55.5,33,31,15,12,1,5,16,3,2067950,18373,0,289,11200.210976317,2026-02-22 17:33:57,1,port_scan_simulation
12.5,55.5,33,31,15,12,1,5,16,3,1452425,12739,0,163,11201.293836756,2026-02-22 17:33:58,1,port_scan_simulation
15.3,55.6,33,31,15,12,1,5,16,3,2653,17755,0,26,11202.376558174,2026-02-22 17:33:59,1,port_scan_simulation
13.7,55.6,33,31,15,12,1,5,16,3,2815,712,0,13,11203.461430049,2026-02-22 17:34:00,1,port_scan_simulation
20.0,55.6,33,31,15,12,1,5,16,3,2425296,11837,0,186,11204.544489341,2026-02-22 17:34:01,1,port_scan_simulation
15.2,55.6,33,29,15,12,1,5,16,3,1305647,9204,0,107,11205.632055052,2026-02-22 17:34:02,1,port_scan_simulation
17.0,55.7,33,29,15,12,1,5,16,3,2485,609,0,12,11206.716756717,2026-02-22 17:34:03,1,port_scan_simulation
14.7,55.8,33,29,15,12,1,5,16,3,5436,7667,0,22,11207.801246764,2026-02-22 17:34:04,1,port_scan_simulation
14.6,55.8,33,29,15,12,1,5,16,3,138617,29460,0,55,11208.888967366,2026-02-22 17:34:05,1,port_scan_simulation
16.5,55.8,33,29,15,12,1,5,16,3,3564897,16764,0,267,11209.977343687,2026-02-22 17:34:06,1,port_scan_simulation
11.6,56.0,33,29,15,12,1,5,16,3,284522,4956,0,39,11211.060114388,2026-02-22 17:34:08,1,port_scan_simulation
14.2,55.9,34,29,16,12,1,5,17,3,15829,12819,2,70,11212.143614689,2026-02-22 17:34:09,1,port_scan_simulation
8.5,55.8,34,28,16,12,1,5,17,3,7156,2385,0,32,11213.227935329,2026-02-22 17:34:10,1,port_scan_simulation
12.2,56.0,35,28,17,12,1,5,18,3,1754127,15798,0,160,11214.312344294,2026-02-22 17:34:11,1,port_scan_simulation
33.5,57.0,36,28,18,12,1,5,19,3,2168380,26999,0,264,11215.404585229,2026-02-22 17:34:12,1,port_scan_simulation
19.8,56.9,36,28,18,12,1,5,19,3,12934,1720,0,21,11216.498356888,2026-02-22 17:34:13,1,port_scan_simulation
19.5,56.8,35,28,17,12,1,5,18,3,115360,3033,0,42,11217.591151612,2026-02-22 17:34:14,1,port_scan_simulation
28.1,57.2,35,28,17,12,1,5,18,3,66511,24105,0,69,11218.681649095,2026-02-22 17:34:15,1,port_scan_simulation
10.7,57.2,36,28,18,12,1,5,18,3,671852,12681,0,125,11219.768325206,2026-02-22 17:34:16,1,port_scan_simulation
17.4,57.2,38,28,20,12,1,5,19,3,711926,27992,0,161,11220.855133434,2026-02-22 17:34:17,1,port_scan_simulation
17.8,56.5,38,28,20,12,1,5,19,3,701458,23653,0,155,11221.94280839,2026-02-22 17:34:18,1,port_scan_simulation
11.2,56.5,38,28,20,12,1,5,19,3,693813,9055,0,142,11223.025288285,2026-02-22 17:34:20,1,port_scan_simulation
9.8,56.4,38,28,20,12,1,5,19,3,688739,11545,0,141,11224.108650025,2026-02-22 17:34:21,0,normal
11.5,56.4,38,28,20,12,1,5,19,3,687923,6964,0,106,11225.197493573,2026-02-22 17:34:22,0,normal
12.5,56.4,38,28,20,12,1,5,19,3,703978,8665,0,123,11226.283394449,2026-02-22 17:34:23,0,normal
17.4,56.9,38,28,20,12,1,5,19,3,713810,25956,2,246,11227.366158347,2026-02-22 17:34:24,0,normal
22.1,57.1,38,28,19,12,2,5,19,3,1705094,32107,0,399,11228.461981997,2026-02-22 17:34:25,0,normal
20.5,57.5,38,28,19,12,2,5,19,3,2658621,25450,0,391,11229.555835378,2026-02-22 17:34:26,0,normal
11.2,57.6,38,28,19,12,2,5,19,3,2614822,22492,0,369,11230.642345197,2026-02-22 17:34:27,0,normal
16.3,57.5,38,28,19,12,2,5,19,3,2453849,24696,0,355,11231.729932317,2026-02-22 17:34:28,0,normal
19.0,57.6,38,28,19,12,2,5,19,3,697524,11138,0,197,11232.812756368,2026-02-22 17:34:29,0,normal
24.9,57.7,38,28,19,12,2,5,19,3,704814,18146,0,238,11233.90638062,2026-02-22 17:34:30,0,normal
13.4,57.6,38,27,19,12,2,5,19,3,3959553,26746,0,452,11234.990748759,2026-02-22 17:34:31,0,normal
9.6,57.5,38,27,19,12,2,5,19,3,1360660,16779,0,250,11236.075508052,2026-02-22 17:34:33,0,normal
10.5,57.2,38,27,19,12,2,5,19,3,1001080,19032,0,234,11237.157891776,2026-02-22 17:34:34,0,normal
10.7,57.2,38,27,18,12,3,5,19,3,800893,10687,0,194,11238.243421776,2026-02-22 17:34:35,0,normal
11.9,57.4,38,27,18,12,3,5,19,3,2005300,16838,0,301,11239.328092863,2026-02-22 17:34:36,0,normal
18.0,57.1,38,27,18,12,3,5,19,3,3559558,28151,0,439,11240.410879494,2026-02-22 17:34:37,0,normal
10.7,57.2,38,27,18,12,3,5,19,3,880417,17873,0,211,11241.493311319,2026-02-22 17:34:38,0,normal
13.5,57.1,38,27,18,12,3,5,19,3,1057764,12808,0,235,11242.575816542,2026-02-22 17:34:39,0,normal
10.1,57.0,38,27,18,12,3,5,19,3,918945,10596,0,202,11243.658674085,2026-02-22 17:34:40,0,normal
10.4,57.2,38,27,18,12,3,5,19,3,3572293,23302,0,394,11244.746977891,2026-02-22 17:34:41,0,normal
13.3,57.2,38,27,18,12,3,5,19,3,2172386,20411,0,314,11245.83364257,2026-02-22 17:34:42,0,normal
8.6,57.2,38,27,18,12,3,5,19,3,1020210,21531,0,223,11246.917477277,2026-02-22 17:34:43,0,normal
5.8,57.2,38,27,18,12,3,5,19,3,938254,11052,0,206,11248.000118335,2026-02-22 17:34:44,0,normal
10.8,57.1,38,27,18,12,3,5,19,3,832103,10324,0,186,11249.081998615,2026-02-22 17:34:46,0,normal
7.8,57.1,38,27,18,12,3,5,19,3,1024785,14775,0,233,11250.164902465,2026-02-22 17:34:47,0,normal
5.4,57.2,38,27,18,12,3,5,19,3,953234,15146,0,262,11251.246408894,2026-02-22 17:34:48,0,normal
13.8,57.2,38,27,18,12,3,5,19,3,993711,63974,0,291,11252.328493687,2026-02-22 17:34:49,0,normal
12.6,56.7,38,27,18,12,3,5,19,3,945724,13160,0,229,11253.411188335,2026-02-22 17:34:50,0,normal
16.0,56.9,38,27,18,12,3,5,19,3,894794,14928,0,219,11254.499159226,2026-02-22 17:34:51,0,normal
12.9,56.7,38,27,18,12,3,5,19,3,1020653,62327,0,210,11255.583519349,2026-02-22 17:34:52,0,normal
21.3,56.7,38,27,18,12,3,5,19,3,1039123,31790,0,208,11256.669539579,2026-02-22 17:34:53,0,normal
13.0,56.6,38,27,18,12,3,5,19,3,990251,10162,0,159,11257.754411273,2026-02-22 17:34:54,0,normal
15.4,56.9,38,27,18,12,3,5,19,3,1714390,29835,0,180,11258.838171822,2026-02-22 17:34:55,0,normal
17.0,56.9,38,27,18,12,3,5,19,3,2068841,10769,0,169,11259.922673752,2026-02-22 17:34:56,0,normal
9.4,56.9,37,27,17,12,3,5,18,3,1923652,29231,0,170,11261.014232707,2026-02-22 17:34:58,0,normal
9.4,57.1,37,27,17,12,3,5,18,3,1255,521,0,7,11262.095846176,2026-02-22 17:34:59,0,normal
11.6,57.3,38,27,18,12,3,5,19,3,15783,15169,0,32,11263.181627719,2026-02-22 17:35:00,0,normal
6.0,57.5,38,27,18,12,3,5,19,3,1269402,7281,0,115,11264.264028615,2026-02-22 17:35:01,0,normal
9.5,57.5,38,27,18,12,3,5,19,3,2855210,32235,0,218,11265.349330286,2026-02-22 17:35:02,0,normal
6.3,57.6,37,27,17,12,3,5,18,3,1828,699,0,12,11266.431870805,2026-02-22 17:35:03,0,normal
7.7,57.5,37,27,17,12,3,5,18,3,1931,7085,0,10,11267.515357209,2026-02-22 17:35:04,0,normal
10.0,57.5,37,29,17,12,3,5,18,4,1515,700,2,9,11268.60080819,2026-02-22 17:35:05,0,normal
14.9,57.8,40,28,19,12,4,5,21,3,2355025,33326,6,301,11269.69141615,2026-02-22 17:35:06,0,normal
12.0,58.0,42,29,21,12,4,5,23,3,381113,26605,2,173,11270.784952797,2026-02-22 17:35:07,0,normal
7.6,58.1,42,29,21,12,4,5,23,3,1192,292,0,4,11271.872451452,2026-02-22 17:35:08,0,normal
6.7,58.0,42,29,21,12,4,5,23,3,1176,292,0,4,11272.954607959,2026-02-22 17:35:09,0,normal
9.1,58.1,42,29,21,12,4,5,23,3,550612,21129,0,82,11274.038570558,2026-02-22 17:35:11,0,normal
6.2,58.1,42,29,21,12,4,5,23,3,1945483,12473,0,139,11275.121499897,2026-02-22 17:35:12,0,normal
3.1,58.1,42,29,21,12,4,5,23,3,1349,425,0,6,11276.204316103,2026-02-22 17:35:13,0,normal
3.5,58.1,42,29,21,12,4,5,23,3,1501,366,0,5,11277.290692642,2026-02-22 17:35:14,0,normal
7.3,58.0,42,29,21,12,4,5,23,3,65680,2354,0,34,11278.374329548,2026-02-22 17:35:15,0,normal
9.3,58.0,42,29,21,12,4,5,23,3,2469307,13226,0,168,11279.461575358,2026-02-22 17:35:16,0,normal
5.3,58.1,42,29,21,12,4,5,23,3,11797,12862,0,29,11280.544999145,2026-02-22 17:35:17,0,normal
7.5,58.0,42,29,21,12,4,5,23,3,1606,348,0,5,11281.629728251,2026-02-22 17:35:18,0,normal
7.0,58.0,42,29,21,12,4,5,23,3,2933,8530,0,15,11282.715936043,2026-02-22 17:35:19,0,normal
14.4,57.5,42,29,21,12,4,5,23,3,19918,659,0,9,11283.802191455,2026-02-22 17:35:20,0,normal
5.3,57.7,42,29,21,12,4,5,23,3,1009300,8690,0,108,11284.88784138,2026-02-22 17:35:21,0,normal
4.6,57.8,42,29,21,12,4,5,23,3,577548,6992,0,105,11285.972952483,2026-02-22 17:35:22,0,normal
9.2,57.9,42,29,21,12,4,5,23,3,554155,7356,0,112,11287.056600781,2026-02-22 17:35:24,0,normal
12.6,57.7,42,29,21,12,4,5,23,3,340152,8063,0,84,11288.149160845,2026-02-22 17:35:25,0,normal
11.9,57.6,42,29,21,12,4,5,23,3,299228,5641,0,77,11289.236449706,2026-02-22 17:35:26,0,normal
13.4,57.7,41,29,21,12,3,5,22,3,552128,25444,0,147,11290.328523448,2026-02-22 17:35:27,0,normal
9.1,57.8,41,29,21,12,3,5,22,3,569453,8128,0,126,11291.416017174,2026-02-22 17:35:28,0,normal
7.0,57.8,41,29,21,12,3,5,22,3,463981,11287,0,119,11292.500572554,2026-02-22 17:35:29,0,normal
5.8,57.9,40,29,20,12,3,5,21,3,2538,3296,0,16,11293.584269974,2026-02-22 17:35:30,0,normal
8.0,57.9,40,29,20,12,3,5,21,3,464859,5956,0,94,11294.668057383,2026-02-22 17:35:31,0,normal
11.8,57.9,40,29,20,12,3,5,21,3,1298892,17255,0,261,11295.751203909,2026-02-22 17:35:32,0,normal
8.2,57.8,40,29,20,12,3,5,21,3,134322,13537,0,44,11296.837423061,2026-02-22 17:35:33,0,normal
6.5,57.7,40,29,20,12,3,5,21,3,1682,7006,0,9,11297.921672397,2026-02-22 17:35:34,0,normal
3.6,57.7,40,29,20,12,3,5,21,3,232880,2614,0,25,11299.004723154,2026-02-22 17:35:35,0,normal
7.9,57.4,40,28,20,12,3,5,21,3,2018588,11415,0,181,11300.088180674,2026-02-22 17:35:37,0,normal
6.1,57.4,40,27,20,12,3,5,21,3,871162,16695,0,90,11301.170038441,2026-02-22 17:35:38,0,normal
11.8,57.7,39,27,20,12,2,5,20,3,308934,5014,0,72,11302.25210495,2026-02-22 17:35:39,1,udp_flood
17.2,57.6,39,27,20,12,2,5,20,3,644070,9264,0,149,11303.339796827,2026-02-22 17:35:40,1,udp_flood
11.4,57.7,39,27,20,12,2,5,20,3,1577476,11121,0,192,11304.425319173,2026-02-22 17:35:41,1,udp_flood
11.0,57.8,39,27,20,12,2,5,20,3,2857352,17774,0,300,11305.516029946,2026-02-22 17:35:42,1,udp_flood
15.1,57.7,39,27,20,12,2,5,20,3,1257649,14999,0,215,11306.603901931,2026-02-22 17:35:43,1,udp_flood
6.6,57.5,39,27,20,12,2,5,20,3,660742,7964,0,147,11307.689509777,2026-02-22 17:35:44,1,udp_flood
14.7,57.4,39,27,20,12,2,5,20,3,673682,6386,0,119,11308.777408222,2026-02-22 17:35:45,1,udp_flood
12.9,57.5,39,27,20,12,2,5,20,3,2932541,18773,0,290,11309.861794074,2026-02-22 17:35:46,1,udp_flood
6.7,57.6,39,27,20,12,2,5,20,3,1536940,12535,0,206,11310.944904963,2026-02-22 17:35:47,1,udp_flood
12.6,57.5,39,27,20,12,2,5,20,3,810200,9275,0,145,11312.032515087,2026-02-22 17:35:49,1,udp_flood
15.3,57.5,39,27,20,12,2,5,20,3,713494,18791,0,146,11313.118968089,2026-02-22 17:35:50,1,udp_flood
10.4,57.4,39,27,20,12,2,5,20,3,839564,7866,0,138,11314.204464776,2026-02-22 17:35:51,1,udp_flood
17.6,57.6,39,27,20,12,2,5,20,3,814772,9814,0,163,11315.303053364,2026-02-22 17:35:52,1,udp_flood
13.7,57.5,39,27,20,12,2,5,20,3,794743,10787,0,166,11316.385685926,2026-02-22 17:35:53,1,udp_flood
11.9,57.7,39,27,20,12,2,5,20,3,810510,9494,0,154,11317.470849267,2026-02-22 17:35:54,1,udp_flood
15.2,57.7,39,27,20,12,2,5,20,3,1630162,13404,0,228,11318.556040421,2026-02-22 17:35:55,1,udp_flood
18.9,57.7,39,27,20,12,2,5,20,3,2405836,19457,0,308,11319.644206378,2026-02-22 17:35:56,1,udp_flood
21.0,57.5,39,27,20,12,2,5,20,3,3785180,27762,0,420,11320.729772996,2026-02-22 17:35:57,1,udp_flood
15.3,57.5,39,27,20,12,2,5,20,3,3027805,19333,0,282,11321.817066846,2026-02-22 17:35:58,1,udp_flood
13.5,57.5,38,27,20,12,1,5,19,3,797783,27146,0,173,11322.902210831,2026-02-22 17:35:59,1,udp_flood
12.0,57.5,38,27,20,12,1,5,19,3,748897,7216,0,131,11323.985461603,2026-02-22 17:36:00,1,udp_flood
17.5,57.4,38,27,20,12,1,5,19,3,4072516,22600,0,383,11325.072893172,2026-02-22 17:36:02,1,udp_flood
18.9,57.7,38,27,20,12,1,5,19,3,2370141,19421,0,284,11326.160995239,2026-02-22 17:36:03,1,udp_flood
19.2,57.9,38,27,20,12,1,5,19,3,114649,35754,0,36,11327.248763389,2026-02-22 17:36:04,1,udp_flood
18.9,58.0,38,27,20,12,1,5,19,3,105310,7224,0,12,11328.336243549,2026-02-22 17:36:05,1,udp_flood
24.8,57.9,38,27,20,12,1,5,19,3,1570054,23598,0,124,11329.424456864,2026-02-22 17:36:06,1,udp_flood
12.0,58.0,38,27,20,12,1,5,19,3,3164469,15389,0,201,11330.514832218,2026-02-22 17:36:07,1,udp_flood
12.5,57.8,37,27,19,12,1,5,18,3,105382,9491,0,14,11331.598305548,2026-02-22 17:36:08,1,udp_flood
10.8,57.7,36,27,18,12,1,5,18,3,104460,456,0,7,11332.683942118,2026-02-22 17:36:09,1,udp_flood
11.0,57.8,36,27,18,12,1,5,18,3,122961,2706,0,7,11333.771463725,2026-02-22 17:36:10,1,udp_flood
12.9,58.0,35,27,17,12,1,5,18,3,4694776,21810,0,305,11334.858816115,2026-02-22 17:36:11,1,udp_flood
11.8,57.9,35,27,17,12,1,5,18,3,101491,9210,0,9,11335.944232542,2026-02-22 17:36:12,1,udp_flood
10.5,57.9,35,27,17,12,1,5,18,3,105671,307,0,4,11337.030606305,2026-02-22 17:36:14,1,udp_flood
13.7,57.6,35,27,17,12,1,5,18,3,104547,52,0,1,11338.123178552,2026-02-22 17:36:15,1,udp_flood
18.3,57.5,35,27,17,12,1,5,18,3,2366034,8952,0,142,11339.210114029,2026-02-22 17:36:16,1,udp_flood
16.5,57.7,35,27,17,12,1,5,18,3,2437687,12449,1,153,11340.299201496,2026-02-22 17:36:17,1,udp_flood
12.2,57.7,35,27,17,12,1,5,18,3,107635,9362,0,11,11341.38833058,2026-02-22 17:36:18,1,udp_flood
10.5,57.7,35,27,17,12,1,5,18,3,105562,0,0,0,11342.472286646,2026-02-22 17:36:19,1,udp_flood
8.4,57.8,35,27,17,12,1,5,18,3,104433,7058,0,10,11343.557852182,2026-02-22 17:36:20,1,udp_flood
13.7,57.9,35,27,17,12,1,5,18,3,4028742,16072,0,255,11344.646214558,2026-02-22 17:36:21,1,udp_flood
15.7,57.9,35,27,17,12,1,5,18,3,474213,4143,0,25,11345.733854948,2026-02-22 17:36:22,1,udp_flood
13.4,57.9,35,27,17,12,1,5,18,3,110208,9435,0,11,11346.822783837,2026-02-22 17:36:23,1,udp_flood
11.2,57.9,35,27,17,12,1,5,18,3,100866,0,0,0,11347.905349944,2026-02-22 17:36:24,1,udp_flood
7.0,57.8,35,27,17,12,1,5,18,3,597529,2045,0,33,11348.99234893,2026-02-22 17:36:25,1,udp_flood
11.8,57.9,35,27,17,12,1,5,18,3,2761047,13455,0,172,11350.079426695,2026-02-22 17:36:27,1,udp_flood
6.1,57.8,35,27,17,12,1,5,18,3,103828,9241,0,9,11351.163400444,2026-02-22 17:36:28,1,udp_flood
13.6,57.8,35,27,17,12,1,5,18,3,105190,72,0,1,11352.248615622,2026-02-22 17:36:29,1,udp_flood
15.1,57.6,35,27,17,12,1,5,18,3,99937,195,0,2,11353.338268791,2026-02-22 17:36:30,1,udp_flood
16.5,57.8,35,27,17,12,1,5,18,3,3542022,14183,0,223,11354.434106005,2026-02-22 17:36:31,1,udp_flood
18.7,58.0,35,27,17,12,1,5,18,3,392817,4504,0,30,11355.527539809,2026-02-22 17:36:32,0,normal
35.2,58.0,35,27,17,12,1,5,18,3,1596,8419,0,10,11356.624021844,2026-02-22 17:36:33,0,normal
10.7,58.0,35,27,17,12,1,5,18,3,0,0,0,0,11357.710621281,2026-02-22 17:36:34,0,normal
17.6,57.8,35,28,17,12,1,5,18,3,170390,13293,0,38,11358.795143098,2026-02-22 17:36:35,0,normal
20.8,58.0,35,28,17,12,1,5,18,3,4461555,23478,0,320,11359.876525443,2026-02-22 17:36:36,0,normal
8.0,57.9,35,28,17,12,1,5,18,3,78,0,0,0,11360.959145271,2026-02-22 17:36:37,0,normal
13.0,57.9,35,28,17,12,1,5,18,3,228,132,0,2,11362.043470069,2026-02-22 17:36:39,0,normal
8.4,57.8,35,28,17,12,1,5,18,3,0,0,0,0,11363.127996585,2026-02-22 17:36:40,0,normal
9.1,57.9,35,28,17,12,1,5,18,3,1908974,7343,0,117,11364.213696273,2026-02-22 17:36:41,0,normal
13.2,57.8,35,28,17,12,1,5,18,3,1392169,5403,0,85,11365.301092485,2026-02-22 17:36:42,0,normal
9.0,57.8,35,28,17,12,1,5,18,3,347,2898,0,4,11366.385745799,2026-02-22 17:36:43,0,normal
10.3,57.8,35,28,17,12,1,5,18,3,0,0,0,0,11367.470659853,2026-02-22 17:36:44,0,normal
9.1,57.7,35,28,17,12,1,5,18,3,0,0,0,0,11368.554932242,2026-02-22 17:36:45,0,normal
14.1,57.7,35,28,17,12,1,5,18,3,3898052,17193,0,232,11369.638376397,2026-02-22 17:36:46,0,normal
8.9,57.7,35,28,17,12,1,5,18,3,115,0,0,0,11370.721651003,2026-02-22 17:36:47,0,normal
8.4,57.5,35,28,17,12,1,5,18,3,231,143,0,2,11371.80786132,2026-02-22 17:36:48,0,normal
12.1,57.4,35,28,17,12,1,5,18,3,0,0,0,0,11372.891023465,2026-02-22 17:36:49,0,normal
12.9,57.3,35,28,17,12,1,5,18,3,225912,11011,0,34,11373.973681635,2026-02-22 17:36:50,0,normal
16.3,57.2,35,28,17,12,1,5,18,3,4414018,20223,0,280,11375.057591343,2026-02-22 17:36:52,0,normal
18.2,57.1,35,28,17,12,1,5,18,3,32770,1776,2,11,11376.1464175,2026-02-22 17:36:53,0,normal
10.2,57.2,35,28,17,12,1,5,18,3,109,0,0,0,11377.230843768,2026-02-22 17:36:54,0,normal
9.1,57.2,35,28,17,12,1,5,18,3,0,0,0,0,11378.314722959,2026-02-22 17:36:55,0,normal
15.9,57.2,35,28,17,12,1,5,18,3,2551608,13856,0,213,11379.398676079,2026-02-22 17:36:56,0,normal
11.4,57.2,35,28,17,12,1,5,18,3,939249,7197,0,71,11380.483148684,2026-02-22 17:36:57,0,normal
11.8,56.9,35,28,17,12,1,5,18,3,537,251,0,4,11381.568979809,2026-02-22 17:36:58,0,normal
9.2,56.9,33,28,15,12,1,5,17,3,992,638,0,11,11382.653716168,2026-02-22 17:36:59,0,normal
8.7,56.9,32,28,14,12,1,5,16,3,649,351,0,6,11383.738393127,2026-02-22 17:37:00,0,normal
12.7,57.0,32,28,14,12,1,5,16,3,4218769,21270,0,287,11384.82190542,2026-02-22 17:37:01,0,normal
8.7,57.0,32,28,13,12,2,5,16,3,394,271,0,4,11385.9160618,2026-02-22 17:37:02,0,normal
9.0,56.9,32,28,13,12,2,5,16,3,1206,16832,0,15,11387.001892323,2026-02-22 17:37:03,0,normal
7.8,57.0,32,28,13,12,2,5,16,3,749,6998,0,10,11388.084743275,2026-02-22 17:37:05,0,normal
8.8,57.0,32,28,13,12,2,5,16,3,367029,9090,0,41,11389.169618055,2026-02-22 17:37:06,0,normal
11.9,57.0,31,28,12,12,2,5,15,3,3923064,17705,0,233,11390.256242959,2026-02-22 17:37:07,0,normal
8.5,57.0,31,28,11,12,3,5,15,3,394,392,0,5,11391.340435078,2026-02-22 17:37:08,0,normal
8.7,57.1,30,28,11,12,2,5,15,3,173,52,0,1,11392.425155368,2026-02-22 17:37:09,0,normal
9.2,57.1,30,28,11,12,2,5,15,3,0,0,0,0,11393.508812402,2026-02-22 17:37:10,0,normal
10.8,57.0,30,28,11,12,2,5,15,3,734819,3430,0,53,11394.592078893,2026-02-22 17:37:11,0,normal
9.9,57.1,30,28,11,12,2,5,15,3,3111145,15012,0,191,11395.676420913,2026-02-22 17:37:12,0,normal
9.4,57.1,30,28,11,12,2,5,15,3,0,0,0,0,11396.759652379,2026-02-22 17:37:13,0,normal
9.7,57.1,30,28,11,12,2,5,15,3,0,0,0,0,11397.84442658,2026-02-22 17:37:14,0,normal
17.4,57.1,30,28,11,12,2,5,15,3,68010,703,0,7,11398.930108775,2026-02-22 17:37:15,0,normal
12.2,57.0,30,28,11,12,2,5,15,3,4102605,18594,0,251,11400.013543903,2026-02-22 17:37:17,0,normal
12.5,57.0,30,28,11,12,2,5,15,3,0,0,0,0,11401.09817198,2026-02-22 17:37:18,0,normal
10.3,57.1,30,28,11,12,2,5,15,3,228,80,0,1,11402.188480107,2026-02-22 17:37:19,0,normal
7.0,57.1,30,28,11,12,2,5,15,3,0,0,0,0,11403.269648761,2026-02-22 17:37:20,0,normal
8.5,57.2,30,30,11,12,2,5,15,4,224,9261,0,12,11404.353125647,2026-02-22 17:37:21,0,normal
7.7,57.3,30,28,11,12,2,5,15,3,3721081,19314,0,241,11405.435999371,2026-02-22 17:37:22,0,normal
7.9,57.2,30,28,11,12,2,5,15,3,115,64,0,1,11406.517878117,2026-02-22 17:37:23,0,normal
7.3,57.1,30,28,11,12,2,5,15,3,0,0,0,0,11407.602993709,2026-02-22 17:37:24,0,normal
9.2,57.2,30,28,10,12,3,5,15,3,394,271,0,4,11408.68757021,2026-02-22 17:37:25,0,normal
11.7,57.3,30,28,10,12,3,5,15,3,3246730,16015,0,213,11409.773831652,2026-02-22 17:37:26,0,normal
7.7,57.3,30,28,10,12,3,5,15,3,78,28,0,1,11410.858234035,2026-02-22 17:37:27,0,normal
11.3,57.0,30,28,10,12,3,5,15,3,0,0,0,0,11411.943153057,2026-02-22 17:37:28,0,normal
5.6,57.1,30,28,10,12,3,5,15,3,0,0,0,0,11413.02608448,2026-02-22 17:37:30,0,normal
3.9,57.0,30,28,10,12,3,5,15,3,1266253,7587,0,84,11414.109146588,2026-02-22 17:37:31,0,normal
9.2,57.5,30,28,10,12,3,5,15,3,1619387,10679,0,109,11415.195063834,2026-02-22 17:37:32,0,normal
7.5,57.5,30,28,10,12,3,5,15,3,1222,1365,0,5,11416.276365578,2026-02-22 17:37:33,0,normal
9.6,57.4,30,28,10,12,3,5,15,3,0,0,0,0,11417.361268109,2026-02-22 17:37:34,0,normal
4.3,57.2,30,27,10,12,3,5,15,3,731,1308,0,4,11418.445180333,2026-02-22 17:37:35,0,normal
6.7,57.3,30,27,10,12,3,5,15,3,805491,3151,0,50,11419.528955278,2026-02-22 17:37:36,0,normal
3.1,57.2,30,27,10,12,3,5,15,3,2124738,17984,0,143,11420.613369033,2026-02-22 17:37:37,0,normal
3.4,57.2,30,27,10,12,3,5,15,3,1361,504,0,7,11421.694686035,2026-02-22 17:37:38,0,normal
5.2,57.1,30,27,10,12,3,5,15,3,0,0,0,0,11422.777729158,2026-02-22 17:37:39,0,normal
4.4,57.0,30,27,10,12,3,5,15,3,0,0,0,0,11423.860187141,2026-02-22 17:37:40,0,normal
9.5,56.8,30,27,10,12,3,5,15,3,3148333,15625,0,202,11424.941938018,2026-02-22 17:37:41,0,normal
5.3,56.8,29,27,9,12,3,5,14,3,635,299,0,5,11426.022745112,2026-02-22 17:37:43,0,normal
4.2,56.9,29,27,9,12,3,5,14,3,731,1391,0,4,11427.106342084,2026-02-22 17:37:44,0,normal
6.1,56.8,29,27,9,12,3,5,14,3,0,0,0,0,11428.189892329,2026-02-22 17:37:45,0,normal
10.5,56.8,29,26,9,12,3,5,14,3,2130746,9148,0,143,11429.272479043,2026-02-22 17:37:46,0,normal
7.4,56.7,29,26,9,12,3,5,14,3,0,0,0,0,11430.356924497,2026-02-22 17:37:47,0,normal
3.8,56.7,29,26,9,12,3,5,14,3,975,4167,0,8,11431.439851341,2026-02-22 17:37:48,0,normal
4.3,56.5,29,26,9,12,3,5,14,3,173,173,0,2,11432.520344107,2026-02-22 17:37:49,0,normal
7.2,56.6,29,26,9,12,3,5,14,3,0,0,0,0,11433.601380332,2026-02-22 17:37:50,0,normal
26.3,57.4,29,26,9,12,3,5,14,3,1122933,4663,0,74,11434.686450519,2026-02-22 17:37:51,0,normal
14.6,58.4,29,26,9,12,3,5,14,3,1634,9849,0,14,11435.775768248,2026-02-22 17:37:52,0,normal
4.2,58.3,29,26,9,12,3,5,14,3,794,2079,0,6,11436.862901927,2026-02-22 17:37:53,0,normal
2.8,58.3,29,26,9,12,3,5,14,3,0,0,0,0,11437.949694016,2026-02-22 17:37:54,0,normal
4.6,58.2,30,26,10,12,3,5,15,3,652249,8970,5,82,11439.036422444,2026-02-22 17:37:56,0,normal
5.3,58.2,30,26,10,12,3,5,15,3,1476978,8021,0,87,11440.121410707,2026-02-22 17:37:57,0,normal
3.8,58.3,30,26,9,12,4,5,15,3,622,351,0,5,11441.20719827,2026-02-22 17:37:58,0,normal
2.2,58.3,30,26,8,12,5,5,15,3,394,271,0,4,11442.292767694,2026-02-22 17:37:59,0,normal
3.6,58.2,30,26,8,12,5,5,15,3,219,171,0,3,11443.378316008,2026-02-22 17:38:00,0,normal
5.7,57.7,31,26,9,12,5,5,16,3,2522873,15392,0,200,11444.465420753,2026-02-22 17:38:01,0,normal
3.8,57.7,30,26,9,12,4,5,15,3,2555842,26424,0,443,11445.554690852,2026-02-22 17:38:02,0,normal
3.8,57.7,31,26,10,12,4,5,15,4,3981273,33468,0,645,11446.637705731,2026-02-22 17:38:03,1,bulk_download
11.5,57.7,31,26,10,12,4,5,15,4,15775402,67754,0,1423,11447.723807244,2026-02-22 17:38:04,1,bulk_download
15.2,57.6,31,26,10,12,4,5,15,4,23464948,75666,0,1610,11448.811617022,2026-02-22 17:38:05,1,bulk_download
17.6,57.7,31,26,10,12,4,5,15,4,22192933,104079,0,2015,11449.896724649,2026-02-22 17:38:06,1,bulk_download
18.0,57.5,31,26,10,12,4,5,15,4,25624837,105889,0,1964,11450.984797822,2026-02-22 17:38:07,1,bulk_download
17.1,57.5,31,26,10,12,4,5,15,4,33543994,108296,0,2259,11452.07805309,2026-02-22 17:38:09,1,bulk_download
14.4,57.5,31,26,10,12,4,5,15,4,25474672,81722,0,1663,11453.166831828,2026-02-22 17:38:10,1,bulk_download
16.2,57.6,30,26,10,12,3,5,15,4,26994974,93957,0,1843,11454.267406374,2026-02-22 17:38:11,1,bulk_download
27.2,57.6,31,27,11,12,3,5,16,4,22929673,98055,2,1534,11455.362539868,2026-02-22 17:38:12,1,bulk_download
19.1,57.7,31,27,11,12,3,5,16,4,21223147,84158,0,1635,11456.459142199,2026-02-22 17:38:13,1,bulk_download
27.1,57.8,31,28,11,12,3,5,17,5,13682325,65026,0,1315,11457.551977569,2026-02-22 17:38:14,1,bulk_download
12.2,57.8,31,27,11,12,3,5,16,4,11830656,56282,0,1123,11458.643215041,2026-02-22 17:38:15,1,bulk_download
16.8,57.8,33,27,13,12,3,5,17,4,13422123,65971,5,1195,11459.731427946,2026-02-22 17:38:16,1,bulk_download
21.0,57.8,33,27,13,12,3,5,17,4,16528759,79259,0,1385,11460.819967344,2026-02-22 17:38:17,1,bulk_download
19.2,57.8,33,27,13,12,3,5,17,4,22304770,74891,0,1603,11461.912490589,2026-02-22 17:38:18,1,bulk_download
21.0,57.8,33,27,13,12,3,5,17,4,18987866,66678,0,1409,11463.009680432,2026-02-22 17:38:19,1,bulk_download
20.2,57.8,33,27,13,12,3,5,17,4,22177507,73320,0,1555,11464.104809228,2026-02-22 17:38:21,1,bulk_download
22.3,57.9,33,27,13,12,3,5,17,4,20069035,76533,0,1516,11465.194600846,2026-02-22 17:38:22,1,bulk_download
23.8,57.8,32,27,12,12,3,5,16,4,20345388,65879,0,1303,11466.283672583,2026-02-22 17:38:23,1,bulk_download
16.8,57.9,32,27,12,12,3,5,16,4,23951004,43360,0,1084,11467.374915605,2026-02-22 17:38:24,1,bulk_download
22.0,57.9,32,27,12,12,3,5,16,4,24264252,44320,0,1108,11468.467275774,2026-02-22 17:38:25,1,bulk_download
26.5,57.8,32,27,12,12,3,5,16,4,26165299,59160,0,1282,11469.560826758,2026-02-22 17:38:26,1,bulk_download
16.4,57.9,31,27,12,12,2,5,15,4,25262444,57522,0,1269,11470.651808319,2026-02-22 17:38:27,1,bulk_download
23.5,57.9,31,27,12,12,2,5,15,4,26602290,45560,0,1139,11471.737904581,2026-02-22 17:38:28,1,bulk_download
24.0,57.9,31,27,12,12,2,5,15,4,25062232,41383,0,1032,11472.830269339,2026-02-22 17:38:29,1,bulk_download
16.9,57.9,31,27,12,12,2,5,15,4,26567102,44440,0,1111,11473.922215601,2026-02-22 17:38:30,1,bulk_download
23.3,57.9,31,27,12,12,2,5,15,4,24811894,59152,0,1306,11475.015650557,2026-02-22 17:38:32,1,bulk_download
24.7,57.8,31,27,12,12,2,5,15,4,28666240,51336,0,1200,11476.108058866,2026-02-22 17:38:33,1,bulk_download
20.6,57.8,31,27,12,12,2,5,15,4,18728240,33200,0,830,11477.197097601,2026-02-22 17:38:34,1,bulk_download
22.0,57.8,31,27,12,12,2,5,15,4,27700622,43628,0,1091,11478.28331443,2026-02-22 17:38:35,1,bulk_download
23.9,57.9,31,27,12,12,2,5,15,4,22916702,44919,0,1071,11479.371461161,2026-02-22 17:38:36,1,bulk_download
16.5,57.9,31,27,12,12,2,5,15,4,15004322,38055,0,785,11480.456337293,2026-02-22 17:38:37,1,bulk_download
17.5,58.1,31,27,12,12,2,5,15,4,22199756,47587,0,1023,11481.542757804,2026-02-22 17:38:38,1,bulk_download
17.3,58.2,31,27,12,12,2,5,15,4,22155032,41360,0,1034,11482.628239573,2026-02-22 17:38:39,1,bulk_download
18.9,58.2,31,27,12,12,2,5,15,4,25908938,48875,0,1154,11483.713954851,2026-02-22 17:38:40,1,bulk_download
29.0,58.2,31,27,12,12,2,5,15,4,16116853,50457,0,1015,11484.799959221,2026-02-22 17:38:41,1,bulk_download
15.8,58.3,31,27,12,12,2,5,15,4,22738791,50418,0,1038,11485.887295861,2026-02-22 17:38:42,1,bulk_download
18.7,58.2,31,27,12,12,2,5,15,4,26071906,44612,0,1115,11486.976900518,2026-02-22 17:38:43,1,bulk_download
18.0,58.2,31,27,12,12,2,5,15,4,22025676,37960,0,949,11488.061327888,2026-02-22 17:38:45,1,bulk_download
13.6,58.3,31,27,12,12,2,5,15,4,21068756,33204,0,816,11489.145361559,2026-02-22 17:38:46,1,bulk_download
19.7,58.3,31,27,12,12,2,5,15,4,23345780,64031,0,1342,11490.230293366,2026-02-22 17:38:47,1,bulk_download
16.8,58.2,31,27,12,12,2,5,15,4,28031968,56096,0,1179,11491.31989616,2026-02-22 17:38:48,1,bulk_download
18.3,58.2,31,27,12,12,2,5,15,4,29064824,49440,0,1236,11492.405127779,2026-02-22 17:38:49,1,bulk_download
16.1,58.2,31,27,12,12,2,5,15,4,25349608,45316,0,1075,11493.494557999,2026-02-22 17:38:50,1,bulk_download
28.3,57.7,31,27,12,12,2,5,15,4,27528975,61873,0,1371,11494.58366368,2026-02-22 17:38:51,1,bulk_download
28.2,57.8,31,27,12,12,2,5,15,4,26981308,93221,0,1135,11495.67369083,2026-02-22 17:38:52,1,bulk_download
23.3,57.8,31,27,12,12,2,5,15,4,26720194,60716,0,1128,11496.768172951,2026-02-22 17:38:53,1,bulk_download
38.6,58.4,31,27,11,12,3,5,15,4,24299762,42793,0,1062,11497.867842749,2026-02-22 17:38:54,1,bulk_download
31.4,58.4,31,28,11,12,3,5,15,4,27516874,66043,0,1105,11498.961024731,2026-02-22 17:38:55,1,bulk_download
25.4,58.5,31,28,11,12,3,5,15,4,24249846,68094,0,1423,11500.053559728,2026-02-22 17:38:57,1,bulk_download
30.6,58.5,31,28,11,12,3,5,15,4,29820840,61188,0,1120,11501.155397234,2026-02-22 17:38:58,1,bulk_download
24.1,58.5,31,28,11,12,3,5,15,4,25063951,36141,0,903,11502.246777284,2026-02-22 17:38:59,1,bulk_download
24.5,58.3,29,28,11,12,1,5,13,4,28637577,43526,0,1084,11503.343982536,2026-02-22 17:39:00,1,bulk_download
25.1,58.4,29,28,11,12,1,5,13,4,29539207,57182,0,1316,11504.434361346,2026-02-22 17:39:01,1,bulk_download
27.9,58.5,29,28,11,12,1,5,13,4,29517641,72270,0,1242,11505.524975648,2026-02-22 17:39:02,1,bulk_download
23.6,58.5,29,28,11,12,1,5,13,4,28626144,52347,0,1076,11506.612782191,2026-02-22 17:39:03,1,bulk_download
20.9,58.6,29,28,11,12,1,5,13,4,27623045,38907,0,968,11507.704911356,2026-02-22 17:39:04,1,bulk_download
24.4,58.6,29,28,11,12,1,5,13,4,24572650,38667,0,960,11508.799308698,2026-02-22 17:39:05,1,bulk_download
29.7,58.6,29,28,11,12,1,5,13,4,16618531,56739,0,1152,11509.890139838,2026-02-22 17:39:06,1,bulk_download
21.8,58.6,29,28,11,12,1,5,13,4,24937110,47588,0,953,11510.980705278,2026-02-22 17:39:07,1,bulk_download
23.2,58.6,29,28,11,12,1,5,13,4,26377525,39080,0,973,11512.070643932,2026-02-22 17:39:09,1,bulk_download
25.2,58.7,29,28,11,12,1,5,13,4,28577178,60400,0,1101,11513.164530566,2026-02-22 17:39:10,1,bulk_download
24.0,58.8,29,28,11,12,1,5,13,4,26151221,42175,0,1011,11514.257162775,2026-02-22 17:39:11,1,bulk_download
27.4,58.7,29,28,11,12,1,5,13,4,27700445,65771,0,1398,11515.377286963,2026-02-22 17:39:12,1,bulk_download
26.8,58.7,29,28,11,12,1,5,13,4,26812830,43961,0,1095,11516.46466434,2026-02-22 17:39:13,1,bulk_download
24.4,58.6,29,28,11,12,1,5,13,4,27705945,41534,0,1032,11517.556114541,2026-02-22 17:39:14,1,bulk_download
21.2,58.7,29,28,11,12,1,5,13,4,27923706,43212,0,1077,11518.644296418,2026-02-22 17:39:15,1,bulk_download
29.2,58.7,29,28,11,12,1,5,13,4,31976203,56745,0,1276,11519.746809022,2026-02-22 17:39:16,1,bulk_download
32.2,58.3,29,28,11,12,1,5,13,4,25677695,49733,0,1135,11520.850655709,2026-02-22 17:39:17,1,bulk_download
29.7,58.4,29,28,11,12,1,5,13,4,30341107,46773,0,1165,11521.943497432,2026-02-22 17:39:18,1,bulk_download
20.8,58.0,29,28,11,12,1,5,13,4,28174472,37412,0,932,11523.039813024,2026-02-22 17:39:20,1,bulk_download
26.3,58.1,29,28,11,12,1,5,13,4,21671357,33666,0,803,11524.132156963,2026-02-22 17:39:21,1,bulk_download
22.5,58.3,29,28,11,12,1,5,13,4,21168600,40232,0,867,11525.22183094,2026-02-22 17:39:22,1,bulk_download
19.6,58.3,29,28,11,12,1,5,13,4,24355835,36703,0,748,11526.310385457,2026-02-22 17:39:23,1,bulk_download
23.0,58.6,29,28,11,12,1,5,13,4,24234127,32185,0,802,11527.401702487,2026-02-22 17:39:24,1,bulk_download
59.7,59.9,30,28,11,12,1,5,14,4,25791258,32901,0,794,11528.503984859,2026-02-22 17:39:25,1,bulk_download
69.0,61.7,29,27,11,12,1,5,13,4,28456425,67785,5,1151,11529.616581539,2026-02-22 17:39:26,1,bulk_download
73.7,63.1,30,27,12,12,1,5,14,4,28946883,48911,5,951,11530.731757179,2026-02-22 17:39:27,1,bulk_download
45.5,63.3,33,29,13,12,1,5,17,6,27217095,76289,11,920,11531.843245289,2026-02-22 17:39:28,1,bulk_download
61.5,63.5,35,27,16,12,1,5,17,5,26059482,300774,3,1202,11532.953201112,2026-02-22 17:39:29,1,bulk_download
45.2,63.9,39,27,19,12,1,5,19,4,24499309,350801,9,1309,11534.052992739,2026-02-22 17:39:31,1,bulk_download
50.4,64.8,46,29,22,12,2,5,21,6,24378239,368525,11,1471,11535.15458769,2026-02-22 17:39:32,1,bulk_download
35.4,65.0,48,29,26,12,3,5,20,6,27197631,459219,2,1383,11536.25961305,2026-02-22 17:39:33,1,bulk_download
22.1,64.9,49,27,27,12,3,5,21,5,27463147,284890,0,1129,11537.353045902,2026-02-22 17:39:34,0,normal
10.8,64.9,47,27,23,12,4,5,21,3,2204221,13711,0,129,11538.445777869,2026-02-22 17:39:35,0,normal
17.9,64.9,43,27,20,12,6,5,19,3,3720825,16296,0,220,11539.529922307,2026-02-22 17:39:36,0,normal
27.5,65.2,42,27,19,12,6,5,19,3,1731,646,0,12,11540.616668099,2026-02-22 17:39:37,0,normal
11.9,65.1,40,27,17,12,6,5,19,3,3839,20695,0,35,11541.701880783,2026-02-22 17:39:38,0,normal
10.8,65.0,40,27,17,12,6,5,19,3,3987,54904,0,46,11542.786628394,2026-02-22 17:39:39,0,normal
10.5,65.0,40,27,17,12,6,5,19,3,20379,607,0,9,11543.871122961,2026-02-22 17:39:40,0,normal
12.7,65.0,40,27,17,12,6,5,19,3,4369184,19337,0,264,11544.956918058,2026-02-22 17:39:41,0,normal
10.0,65.0,40,27,17,12,6,5,19,3,1148,300,0,4,11546.042468035,2026-02-22 17:39:43,0,normal
9.8,65.1,40,27,17,12,6,5,19,3,1156,300,0,4,11547.128524412,2026-02-22 17:39:44,0,normal
10.7,65.0,41,27,17,12,6,5,20,4,1423,436,0,6,11548.219162159,2026-02-22 17:39:45,0,normal
17.7,65.2,41,27,17,12,6,5,20,4,1410909,5949,0,94,11549.312150476,2026-02-22 17:39:46,0,normal
12.3,65.1,43,27,17,12,6,5,20,4,2485485,11912,0,148,11550.400066464,2026-02-22 17:39:47,0,normal
13.2,65.0,42,27,17,12,6,5,20,4,1407,480,0,7,11551.483022553,2026-02-22 17:39:48,0,normal
8.8,65.1,41,27,17,12,6,5,20,3,1140,468,0,7,11552.567419456,2026-02-22 17:39:49,0,normal
9.1,65.1,40,27,17,12,6,5,19,3,7370,2710,0,15,11553.653804971,2026-02-22 17:39:50,0,normal
13.3,65.2,40,27,17,12,6,5,19,3,3597333,13474,0,212,11554.739042241,2026-02-22 17:39:51,0,normal
10.6,65.3,40,27,17,12,6,5,19,3,823343,5621,0,48,11555.826432342,2026-02-22 17:39:52,0,normal
10.0,65.3,40,27,17,12,6,5,19,3,2561,7349,0,14,11556.911674992,2026-02-22 17:39:53,0,normal
9.9,65.4,40,27,17,12,6,5,19,3,1630,389,0,6,11557.996440216,2026-02-22 17:39:54,0,normal
15.2,64.1,40,27,17,12,6,5,19,3,755480,3433,0,53,11559.084005626,2026-02-22 17:39:56,0,normal
20.0,63.7,39,27,17,12,5,5,18,3,1749331,9127,0,101,11560.172311045,2026-02-22 17:39:57,0,normal
10.7,63.7,39,27,17,12,5,5,18,3,1053,302,0,4,11561.257668481,2026-02-22 17:39:58,0,normal
12.5,63.6,39,27,17,12,5,5,18,3,2914,17194,0,20,11562.343030405,2026-02-22 17:39:59,0,normal
11.9,63.2,39,27,17,12,5,5,18,3,1172,288,0,4,11563.429210765,2026-02-22 17:40:00,0,normal
13.3,63.1,39,27,17,12,5,5,18,3,2055858,10734,0,125,11564.513505506,2026-02-22 17:40:01,0,normal
9.4,63.1,39,27,17,12,5,5,18,3,873,216,0,3,11565.599445876,2026-02-22 17:40:02,0,normal
9.8,63.3,37,27,15,12,5,5,17,3,2374,705,0,13,11566.684683878,2026-02-22 17:40:03,0,normal
12.7,63.4,37,27,15,12,5,5,17,3,1399,360,0,5,11567.771204066,2026-02-22 17:40:04,0,normal
10.1,63.4,37,27,15,12,5,5,17,3,19152,541,0,8,11568.856123389,2026-02-22 17:40:05,0,normal
12.2,63.3,37,27,15,12,5,5,17,3,1817598,9450,0,106,11569.940985816,2026-02-22 17:40:06,0,normal
9.3,63.2,37,27,15,12,5,5,17,3,1027,288,0,4,11571.024892889,2026-02-22 17:40:08,0,normal
9.8,63.3,37,27,15,12,5,5,17,3,2540,7255,0,13,11572.10993868,2026-02-22 17:40:09,0,normal
9.7,63.4,37,27,15,12,5,5,17,3,1313,431,0,6,11573.195018154,2026-02-22 17:40:10,0,normal
11.2,63.5,37,27,15,12,5,5,17,3,2015385,13010,0,162,11574.284434448,2026-02-22 17:40:11,0,normal
11.9,63.4,37,27,15,12,5,5,17,3,1754640,10702,0,124,11575.372435235,2026-02-22 17:40:12,0,normal
12.0,63.4,37,27,15,12,5,5,17,3,1434,384,0,6,11576.457155004,2026-02-22 17:40:13,0,normal
12.9,63.4,37,27,15,12,5,5,17,3,1415,365,0,5,11577.546569774,2026-02-22 17:40:14,0,normal
10.5,63.3,37,27,15,12,5,5,17,3,1237,293,0,4,11578.631764936,2026-02-22 17:40:15,0,normal
15.3,63.3,37,27,15,12,5,5,17,3,3255657,14206,0,218,11579.716910153,2026-02-22 17:40:16,0,normal
10.8,63.3,37,27,15,12,5,5,17,3,167549,4092,0,24,11580.804140394,2026-02-22 17:40:17,0,normal
9.9,63.3,37,27,15,12,5,5,17,3,1368,432,0,6,11581.889328802,2026-02-22 17:40:18,0,normal
9.8,63.3,37,27,15,12,5,5,17,3,1501,375,0,5,11582.974573817,2026-02-22 17:40:19,0,normal
9.4,63.3,37,27,15,12,5,5,17,3,412312,1914,0,29,11584.05977548,2026-02-22 17:40:21,0,normal
12.5,63.2,37,27,15,12,5,5,17,3,2535409,12768,0,157,11585.144455444,2026-02-22 17:40:22,0,normal
19.1,63.4,37,27,15,12,5,5,17,3,1750,606,0,8,11586.233292241,2026-02-22 17:40:23,0,normal
13.1,63.2,37,27,15,12,5,5,17,3,2125,7279,0,13,11587.319883211,2026-02-22 17:40:24,0,normal
11.9,63.2,37,27,15,12,5,5,17,3,1638,413,0,6,11588.405528648,2026-02-22 17:40:25,0,normal
11.3,63.2,37,27,15,12,5,5,17,3,2515966,10062,0,155,11589.492588439,2026-02-22 17:40:26,0,normal
10.7,63.3,37,27,15,12,5,5,17,3,1649986,8248,0,90,11590.580626355,2026-02-22 17:40:27,0,normal
14.6,63.3,37,27,15,12,5,5,17,3,4169,9042,0,14,11591.669161946,2026-02-22 17:40:28,0,normal
13.0,63.3,37,27,15,12,5,5,17,3,0,0,0,0,11592.756713239,2026-02-22 17:40:29,0,normal
5.3,63.4,37,27,15,12,5,5,17,3,18301,190,0,3,11593.841624928,2026-02-22 17:40:30,0,normal
15.2,63.4,37,27,15,12,5,5,17,3,3927305,15210,0,201,11594.928076648,2026-02-22 17:40:31,0,normal
11.5,63.5,37,27,15,12,5,5,17,3,0,91,0,1,11596.012512904,2026-02-22 17:40:33,0,normal
10.3,63.5,35,27,15,12,3,5,16,3,2704,12087,5,23,11597.098084723,2026-02-22 17:40:34,0,normal
11.3,63.5,35,27,15,12,3,5,16,3,102,0,0,0,11598.183074969,2026-02-22 17:40:35,0,normal
9.5,63.7,35,27,15,12,3,5,16,3,1521459,4789,0,76,11599.271283997,2026-02-22 17:40:36,0,normal
8.9,63.5,35,27,15,12,3,5,16,3,2693109,13401,0,172,11600.359307819,2026-02-22 17:40:37,0,normal
9.1,63.6,32,27,15,12,0,5,16,3,228,132,0,2,11601.444403222,2026-02-22 17:40:38,0,normal
11.3,63.5,32,27,15,12,0,5,16,3,1814,7060,0,10,11602.52889909,2026-02-22 17:40:39,0,normal
13.2,63.3,32,27,15,12,0,5,16,3,170,0,0,0,11603.615093497,2026-02-22 17:40:40,0,normal
23.8,63.6,32,27,15,12,0,5,16,3,4683072,27412,0,462,11604.701817898,2026-02-22 17:40:41,0,normal
11.5,63.7,32,27,15,12,0,5,16,3,138871,51137,0,47,11605.787914251,2026-02-22 17:40:42,0,normal
12.0,63.8,32,27,15,12,0,5,16,3,303,139,0,2,11606.873227574,2026-02-22 17:40:43,0,normal
5.5,63.8,32,27,15,12,0,5,16,3,584,10658,0,10,11607.960604019,2026-02-22 17:40:44,0,normal
11.7,63.6,32,27,15,12,0,5,16,3,0,0,0,0,11609.044764088,2026-02-22 17:40:46,0,normal
15.2,63.9,32,27,15,12,0,5,16,3,3809732,16541,0,222,11610.12992264,2026-02-22 17:40:47,0,normal
6.1,64.0,32,27,15,12,0,5,16,3,1759,44376,0,34,11611.214635537,2026-02-22 17:40:48,0,normal
3.4,64.0,32,27,15,12,0,5,16,3,0,0,0,0,11612.299565971,2026-02-22 17:40:49,0,normal
21.6,64.5,34,27,16,12,0,5,16,3,830,380,0,9,11613.388130075,2026-02-22 17:40:50,1,port_scan_simulation
58.2,65.2,34,27,17,12,0,5,16,3,2624591,16464,0,177,11614.490066928,2026-02-22 17:40:51,1,port_scan_simulation
27.9,65.8,40,27,19,12,0,5,17,3,1193487,88899,0,166,11615.579687916,2026-02-22 17:40:52,1,port_scan_simulation
46.7,67.5,37,27,17,13,0,5,17,3,63114,59744,0,130,11616.679393942,2026-02-22 17:40:53,1,port_scan_simulation
40.8,69.3,35,27,16,13,0,5,16,3,3741,31004,0,38,11617.7738636,2026-02-22 17:40:54,1,port_scan_simulation
7.7,68.8,36,27,15,13,2,5,17,3,27584,37865,0,51,11618.861297463,2026-02-22 17:40:55,1,port_scan_simulation
7.2,68.8,35,27,15,13,2,5,16,3,4188777,18757,0,252,11619.948096143,2026-02-22 17:40:56,1,port_scan_simulation
4.8,68.9,34,27,14,13,2,5,16,3,1250,476,0,11,11621.035775918,2026-02-22 17:40:58,1,port_scan_simulation
21.7,68.7,35,27,15,13,2,5,17,3,7277,22602,0,33,11622.126146683,2026-02-22 17:40:59,1,port_scan_simulation
16.1,68.3,34,27,14,13,2,5,16,3,8474,23221,0,31,11623.225057587,2026-02-22 17:41:00,1,port_scan_simulation
7.0,68.4,34,27,14,13,2,5,16,3,2266400,22093,0,145,11624.312961743,2026-02-22 17:41:01,1,port_scan_simulation
8.4,68.3,34,27,13,13,3,5,16,3,2036733,10139,0,123,11625.401642635,2026-02-22 17:41:02,1,port_scan_simulation
10.6,67.5,34,27,12,13,4,5,16,3,2858,17449,0,29,11626.487631256,2026-02-22 17:41:03,1,port_scan_simulation
18.4,67.6,34,27,12,13,4,5,16,3,918,360,0,9,11627.576319092,2026-02-22 17:41:04,1,port_scan_simulation
4.9,67.6,34,27,12,13,4,5,16,3,816,320,0,8,11628.663029839,2026-02-22 17:41:05,1,port_scan_simulation
7.1,67.4,34,27,12,13,4,5,16,3,3855853,22423,0,226,11629.748028461,2026-02-22 17:41:06,1,port_scan_simulation
39.1,69.5,35,27,13,13,4,5,16,3,9080,4990,0,21,11630.837222818,2026-02-22 17:41:07,1,port_scan_simulation
18.0,69.8,35,29,13,13,4,5,16,4,816,19902,0,24,11631.936488618,2026-02-22 17:41:08,1,port_scan_simulation
18.5,70.1,36,27,13,13,4,5,17,3,16841,34693,0,56,11633.030447747,2026-02-22 17:41:10,1,port_scan_simulation
9.7,69.6,35,27,13,13,4,5,16,3,1207915,13223,0,90,11634.119484739,2026-02-22 17:41:11,1,port_scan_simulation
8.9,70.0,36,27,13,13,5,5,17,3,2499037,17293,0,173,11635.207388584,2026-02-22 17:41:12,1,port_scan_simulation
8.4,70.1,35,27,12,13,5,5,16,3,7341,7987,0,21,11636.293947495,2026-02-22 17:41:13,1,port_scan_simulation
3.5,69.5,35,27,12,13,5,5,16,3,816,320,0,8,11637.384880345,2026-02-22 17:41:14,1,port_scan_simulation
3.3,69.7,35,27,12,13,5,5,16,3,1285,5780,0,14,11638.476917859,2026-02-22 17:41:15,1,port_scan_simulation
14.6,70.0,35,27,12,13,5,5,16,3,2835536,10906,0,176,11639.566368968,2026-02-22 17:41:16,1,port_scan_simulation
5.0,70.1,36,27,12,13,5,5,17,3,2062,3503,0,17,11640.65648292,2026-02-22 17:41:17,1,port_scan_simulation
4.0,70.3,35,27,12,13,5,5,16,3,7586,6726,0,24,11641.746864045,2026-02-22 17:41:18,1,port_scan_simulation
4.9,70.4,35,27,12,13,5,5,16,3,816,320,0,8,11642.834776767,2026-02-22 17:41:19,1,port_scan_simulation
4.5,70.1,35,27,12,13,5,5,16,3,18999,343,0,8,11643.923071618,2026-02-22 17:41:20,1,port_scan_simulation
15.7,71.2,35,27,12,13,5,5,16,3,3492228,16968,0,231,11645.013576924,2026-02-22 17:41:22,1,port_scan_simulation
21.3,70.2,35,27,12,13,5,5,16,3,502,200,0,5,11646.107204181,2026-02-22 17:41:23,0,normal
22.6,70.0,35,27,12,13,5,5,16,3,1230,6940,0,8,11647.198675412,2026-02-22 17:41:24,0,normal
17.9,69.9,35,27,12,13,5,5,16,3,0,0,0,0,11648.291403561,2026-02-22 17:41:25,0,normal
18.5,70.0,35,28,12,13,5,5,16,3,2853609,17183,0,188,11649.380643975,2026-02-22 17:41:26,0,normal
10.1,70.0,35,28,12,13,5,5,16,3,539187,4987,0,39,11650.470812971,2026-02-22 17:41:27,0,normal
11.4,70.0,35,28,12,13,5,5,16,3,495,3400,0,6,11651.5631308,2026-02-22 17:41:28,0,normal
11.3,69.9,35,28,12,13,5,5,16,3,0,0,0,0,11652.653759369,2026-02-22 17:41:29,0,normal
10.2,69.8,35,28,12,13,5,5,16,3,572,2939,0,8,11653.74537461,2026-02-22 17:41:30,0,normal
11.7,69.9,34,28,11,13,5,5,16,3,3943813,18445,0,253,11654.835706412,2026-02-22 17:41:31,0,normal
8.9,69.9,32,28,9,13,5,5,14,3,447,132,0,3,11655.92578039,2026-02-22 17:41:32,0,normal
8.5,69.9,31,27,8,13,5,5,13,3,357,184,0,4,11657.01376117,2026-02-22 17:41:34,0,normal
8.6,70.0,30,27,7,13,5,5,13,3,90,0,0,0,11658.104224759,2026-02-22 17:41:35,0,normal
9.2,69.9,30,27,7,13,5,5,13,3,1214326,4664,0,74,11659.19923972,2026-02-22 17:41:36,0,normal
11.0,70.0,30,27,7,13,5,5,13,3,1733349,6742,0,107,11660.291763146,2026-02-22 17:41:37,0,normal
9.4,70.0,30,27,7,13,5,5,13,3,585,2870,0,5,11661.382903896,2026-02-22 17:41:38,0,normal
9.4,70.0,30,27,7,13,5,5,13,3,1746,7130,0,11,11662.473839772,2026-02-22 17:41:39,0,normal
8.5,70.0,30,27,7,13,5,5,13,3,0,0,0,0,11663.565551313,2026-02-22 17:41:40,0,normal
10.8,69.9,30,27,7,13,5,5,13,3,3279265,12472,0,196,11664.656043726,2026-02-22 17:41:41,0,normal
12.5,69.8,30,27,7,13,5,5,13,3,73241,3160,0,10,11665.744961003,2026-02-22 17:41:42,0,normal
9.2,69.8,30,27,7,13,5,5,13,3,0,0,0,0,11666.835254974,2026-02-22 17:41:43,0,normal
12.8,69.8,30,27,7,13,5,5,13,3,173,173,0,2,11667.924579526,2026-02-22 17:41:44,0,normal
9.6,69.8,30,27,7,13,5,5,13,3,785181,3214,0,51,11669.012886087,2026-02-22 17:41:46,0,normal
10.2,69.8,30,27,7,13,5,5,13,3,0,0,0,0,11670.102096404,2026-02-22 17:41:47,0,normal
9.3,69.9,30,27,7,13,5,5,13,3,688,2974,0,7,11671.190920386,2026-02-22 17:41:48,0,normal
8.9,69.9,30,27,7,13,5,5,13,3,0,0,0,0,11672.280659325,2026-02-22 17:41:49,0,normal
8.7,70.0,30,27,7,13,5,5,13,3,0,0,0,0,11673.371897949,2026-02-22 17:41:50,0,normal
10.9,69.9,30,27,7,13,5,5,13,3,1655896,9615,0,111,11674.462669476,2026-02-22 17:41:51,0,normal
8.9,69.9,30,27,7,13,5,5,13,3,0,0,0,0,11675.551502675,2026-02-22 17:41:52,0,normal
8.3,69.9,30,27,7,13,5,5,13,3,0,0,0,0,11676.643602275,2026-02-22 17:41:53,0,normal
9.5,69.9,30,27,7,13,5,5,13,3,1266,7063,0,10,11677.732264754,2026-02-22 17:41:54,0,normal
9.0,69.9,28,26,7,13,3,5,13,3,18259,63,0,1,11678.821794801,2026-02-22 17:41:55,0,normal
11.0,70.0,28,26,7,13,3,5,13,3,1490530,8580,0,96,11679.910816905,2026-02-22 17:41:56,0,normal
10.9,69.9,28,26,7,13,3,5,13,3,0,0,0,0,11680.998675906,2026-02-22 17:41:57,0,normal
8.9,69.9,28,26,7,13,3,5,13,3,228,80,0,1,11682.091265275,2026-02-22 17:41:59,0,normal
9.0,70.0,28,26,7,13,3,5,13,3,0,0,0,0,11683.181918189,2026-02-22 17:42:00,0,normal
9.3,70.0,28,26,7,13,3,5,13,3,1247706,7630,0,79,11684.275208274,2026-02-22 17:42:01,0,normal
8.9,69.9,28,26,7,13,3,5,13,3,173,173,0,2,11685.369028152,2026-02-22 17:42:02,0,normal
8.8,69.9,28,26,7,13,3,5,13,3,0,0,0,0,11686.459423794,2026-02-22 17:42:03,0,normal
16.0,69.7,26,26,7,13,1,5,11,3,0,0,0,0,11687.55134024,2026-02-22 17:42:04,0,normal
17.2,69.6,26,26,7,13,1,5,11,3,0,0,0,0,11688.645302566,2026-02-22 17:42:05,0,normal
19.6,69.7,26,26,7,13,1,5,11,3,3283813,12540,0,199,11689.73439384,2026-02-22 17:42:06,0,normal
7.8,69.8,26,26,7,13,1,5,11,3,944874,6506,0,63,11690.822210732,2026-02-22 17:42:07,0,normal
9.0,69.9,26,26,7,13,1,5,11,3,0,0,0,0,11691.912820196,2026-02-22 17:42:08,0,normal
13.8,70.1,27,26,8,13,1,5,12,3,12658,11593,0,33,11693.005705711,2026-02-22 17:42:09,0,normal
8.9,70.4,27,26,7,13,1,5,12,3,104297,14639,0,49,11694.097481503,2026-02-22 17:42:11,0,normal
9.8,70.7,27,26,9,13,0,5,12,3,1608238,11041,0,126,11695.19298991,2026-02-22 17:42:12,0,normal
7.8,70.6,29,26,10,13,1,5,13,3,2360596,40370,0,240,11696.284966009,2026-02-22 17:42:13,0,normal
11.0,70.8,33,26,12,13,1,5,15,3,34529,16249,0,40,11697.378391216,2026-02-22 17:42:14,0,normal
10.3,70.7,35,26,15,13,2,5,15,3,2114985,38907,0,466,11698.472640621,2026-02-22 17:42:15,0,normal
11.7,70.5,35,26,15,13,2,5,15,3,2830335,26072,0,410,11699.561218401,2026-02-22 17:42:16,0,normal
14.2,70.4,36,28,15,13,2,5,17,4,9342315,118466,5,2145,11700.654434416,2026-02-22 17:42:17,0,normal
9.8,70.3,37,26,17,13,2,5,17,3,5602622,43583,1,750,11701.746081767,2026-02-22 17:42:18,0,normal
11.0,70.2,37,26,16,13,2,5,17,3,9274389,66077,0,1203,11702.838912569,2026-02-22 17:42:19,0,normal
6.3,70.2,36,26,16,13,2,5,16,3,4419703,30302,0,553,11703.931727351,2026-02-22 17:42:20,0,normal
11.9,70.4,36,26,16,13,2,5,16,3,11545706,78273,0,1424,11705.021109841,2026-02-22 17:42:22,0,normal
8.1,70.3,36,30,16,13,2,5,17,4,125288,5771,2,33,11706.111457964,2026-02-22 17:42:23,0,normal
13.9,70.1,36,26,16,13,2,5,16,3,8545989,58595,8,844,11707.199865765,2026-02-22 17:42:24,0,normal
9.6,70.3,36,26,16,13,2,5,16,3,14781665,101381,0,1784,11708.295295594,2026-02-22 17:42:25,0,normal
10.1,70.1,36,26,16,13,2,5,16,3,9313344,58915,0,1074,11709.389123739,2026-02-22 17:42:26,0,normal
8.8,70.0,37,27,17,13,2,5,17,3,9574610,95237,0,1253,11710.482061582,2026-02-22 17:42:27,0,normal
9.6,69.4,37,27,17,13,2,5,17,3,10061137,72955,0,1375,11711.575324896,2026-02-22 17:42:28,0,normal
10.3,69.4,37,27,17,13,2,5,17,3,7146172,48736,0,919,11712.665091787,2026-02-22 17:42:29,0,normal
8.8,69.3,37,27,17,13,2,5,17,3,8663624,61936,0,1136,11713.754772467,2026-02-22 17:42:30,0,normal
9.6,69.3,37,27,17,13,2,5,17,3,10975073,97036,0,1721,11714.846727636,2026-02-22 17:42:31,0,normal
5.9,69.2,37,27,17,13,2,5,17,3,11526596,82080,0,1569,11715.933782388,2026-02-22 17:42:32,0,normal
7.7,68.9,37,27,17,13,2,5,17,3,12310526,78644,0,1502,11717.023620844,2026-02-22 17:42:34,0,normal
18.6,68.4,37,27,17,13,2,5,17,3,10972012,75601,0,1255,11718.117938176,2026-02-22 17:42:35,0,normal
14.8,68.3,37,27,17,13,2,5,17,3,9243725,60520,0,1163,11719.212918783,2026-02-22 17:42:36,0,normal
8.5,67.8,37,27,17,13,2,5,17,3,12527756,94226,0,1557,11720.309185614,2026-02-22 17:42:37,0,normal
7.5,67.8,37,27,17,13,2,5,17,3,12552919,80556,0,1543,11721.400228932,2026-02-22 17:42:38,0,normal
5.4,67.8,37,27,17,13,2,5,17,3,17218112,116356,0,2126,11722.491437089,2026-02-22 17:42:39,0,normal
5.5,67.9,37,27,17,13,2,5,17,3,10047848,70662,0,1145,11723.582128425,2026-02-22 17:42:40,0,normal
21.4,67.9,37,27,17,13,2,5,17,3,15573494,101283,0,1798,11724.671255025,2026-02-22 17:42:41,0,normal
20.0,68.2,37,27,17,13,2,5,17,3,12188220,76902,0,1248,11725.769358774,2026-02-22 17:42:42,0,normal
28.6,67.8,39,27,17,13,2,5,19,3,14628121,89495,0,1706,11726.865379223,2026-02-22 17:42:43,0,normal
19.4,67.9,37,27,16,13,3,5,17,3,18564437,112773,0,2121,11727.958401434,2026-02-22 17:42:44,0,normal
11.0,68.0,37,27,16,13,3,5,17,3,13520890,77903,0,1473,11729.048941707,2026-02-22 17:42:46,0,normal
18.4,68.3,37,27,16,13,3,5,17,3,19184246,127867,0,2323,11730.141222137,2026-02-22 17:42:47,0,normal
8.4,68.3,38,27,17,13,3,5,17,4,24606713,120856,0,2434,11731.233265661,2026-02-22 17:42:48,1,tcp_bandwidth_exhaustion
9.7,68.4,38,27,17,13,3,5,17,4,32075621,132708,0,2658,11732.330359765,2026-02-22 17:42:49,1,tcp_bandwidth_exhaustion
10.3,68.4,38,27,17,13,3,5,17,4,34891826,133660,0,2803,11733.422675941,2026-02-22 17:42:50,1,tcp_bandwidth_exhaustion
41.8,67.0,40,27,17,13,3,5,18,5,34344079,142029,0,2743,11734.531471607,2026-02-22 17:42:51,1,tcp_bandwidth_exhaustion
23.3,67.2,42,27,17,13,3,5,19,5,33341570,120647,0,2487,11735.636006457,2026-02-22 17:42:52,1,tcp_bandwidth_exhaustion
21.4,67.2,48,27,22,13,3,5,20,6,29664865,94659,0,1975,11736.729368877,2026-02-22 17:42:53,1,tcp_bandwidth_exhaustion
13.4,67.3,51,27,28,13,3,5,20,5,31759956,118574,0,2282,11737.826532902,2026-02-22 17:42:54,1,tcp_bandwidth_exhaustion
8.4,67.3,54,27,26,13,5,5,21,5,30839686,115671,3,2105,11738.925682644,2026-02-22 17:42:55,1,tcp_bandwidth_exhaustion
14.2,67.4,53,27,28,13,5,5,21,5,32287097,163807,2,2839,11740.019305893,2026-02-22 17:42:57,1,tcp_bandwidth_exhaustion
23.4,66.7,52,27,26,13,7,5,20,5,31524247,105310,0,2148,11741.119321119,2026-02-22 17:42:58,1,tcp_bandwidth_exhaustion
14.8,67.8,51,27,24,13,9,5,20,4,30491759,101447,14,2157,11742.214616477,2026-02-22 17:42:59,1,tcp_bandwidth_exhaustion
13.6,67.7,50,30,17,13,15,5,19,4,25843625,271364,70,1773,11743.313780976,2026-02-22 17:43:00,1,tcp_bandwidth_exhaustion
26.4,67.6,55,33,15,13,17,5,20,6,23374789,850123,244,2063,11744.409956466,2026-02-22 17:43:01,1,tcp_bandwidth_exhaustion
11.8,67.5,54,34,18,13,18,5,20,5,17951694,990743,246,1879,11745.506698149,2026-02-22 17:43:02,1,tcp_bandwidth_exhaustion
10.7,67.5,56,33,20,13,18,5,21,6,15117893,1073168,240,1659,11746.597794996,2026-02-22 17:43:03,1,tcp_bandwidth_exhaustion
7.9,67.2,56,32,20,13,18,5,21,6,14131762,1297954,290,1680,11747.690262827,2026-02-22 17:43:04,1,tcp_bandwidth_exhaustion
7.6,67.2,56,32,20,13,18,5,21,6,13870543,1595490,380,1751,11748.781848302,2026-02-22 17:43:05,1,tcp_bandwidth_exhaustion
15.6,67.0,56,32,20,13,18,5,21,6,15778490,1014195,222,1570,11749.875183882,2026-02-22 17:43:06,1,tcp_bandwidth_exhaustion
26.5,67.0,56,34,16,13,22,5,22,7,15668426,2826084,427,2177,11750.97184861,2026-02-22 17:43:07,1,tcp_bandwidth_exhaustion
34.0,66.5,58,32,18,13,22,5,22,6,13824192,2408387,296,1834,11752.070544169,2026-02-22 17:43:09,1,tcp_bandwidth_exhaustion
37.7,66.3,58,32,18,13,22,5,22,6,19307286,7544545,648,2902,11753.179628036,2026-02-22 17:43:10,1,tcp_bandwidth_exhaustion
37.7,65.6,58,32,18,13,22,5,23,5,17965523,1090498,94,1168,11754.286801648,2026-02-22 17:43:11,1,tcp_bandwidth_exhaustion
49.0,65.4,59,32,18,13,23,5,23,6,11824820,30530,0,589,11755.421114616,2026-02-22 17:43:12,1,tcp_bandwidth_exhaustion
25.6,65.4,58,32,16,13,24,5,23,5,17321481,470001,128,832,11756.528759833,2026-02-22 17:43:13,1,tcp_bandwidth_exhaustion
37.3,65.7,57,32,16,13,23,5,23,5,15547298,3909417,440,2181,11757.626639431,2026-02-22 17:43:14,1,tcp_bandwidth_exhaustion
29.9,66.0,57,32,16,13,23,5,23,5,19708542,5146166,402,2263,11758.733757919,2026-02-22 17:43:15,1,tcp_bandwidth_exhaustion
33.3,66.0,57,32,16,13,23,5,23,5,21821029,4304280,640,2343,11759.836861081,2026-02-22 17:43:16,1,tcp_bandwidth_exhaustion
27.6,66.2,55,34,14,13,23,5,23,5,23060828,8698932,1250,3311,11760.939481597,2026-02-22 17:43:17,1,tcp_bandwidth_exhaustion
33.5,65.4,54,35,12,13,24,5,22,5,28810566,17050311,3906,7680,11762.049112631,2026-02-22 17:43:19,1,tcp_bandwidth_exhaustion
18.6,65.6,57,36,14,13,25,5,22,6,23122556,12482713,2538,5318,11763.146612567,2026-02-22 17:43:20,1,tcp_bandwidth_exhaustion
23.3,65.7,57,36,14,13,25,5,22,6,18977077,15400955,2498,5833,11764.246361674,2026-02-22 17:43:21,1,tcp_bandwidth_exhaustion
18.8,65.7,60,38,16,13,25,5,23,6,18902374,11924691,1812,4706,11765.345011046,2026-02-22 17:43:22,1,tcp_bandwidth_exhaustion
12.7,66.0,60,37,16,13,26,5,23,6,18148806,9507999,1778,4558,11766.439349538,2026-02-22 17:43:23,1,tcp_bandwidth_exhaustion
20.5,65.8,60,37,15,13,26,5,23,6,16533587,14350774,2378,5842,11767.530730109,2026-02-22 17:43:24,1,tcp_bandwidth_exhaustion
19.0,65.6,60,37,16,13,26,5,23,6,16935247,8357865,1050,3394,11768.627549136,2026-02-22 17:43:25,1,tcp_bandwidth_exhaustion
28.0,65.7,61,37,17,13,26,5,24,6,17095813,12191167,1528,4528,11769.725129122,2026-02-22 17:43:26,1,tcp_bandwidth_exhaustion
26.9,65.6,61,37,16,13,27,5,24,6,18586709,12387852,1638,5032,11770.8277722,2026-02-22 17:43:27,1,tcp_bandwidth_exhaustion
22.3,65.4,62,37,14,13,29,5,25,6,17285842,13806396,2410,6422,11771.925862905,2026-02-22 17:43:28,1,tcp_bandwidth_exhaustion
27.1,65.4,62,37,14,13,30,5,25,6,19659994,12683134,1968,5705,11773.023419006,2026-02-22 17:43:30,1,tcp_bandwidth_exhaustion
26.7,65.5,61,37,13,13,30,5,24,6,18903807,10808829,1828,5325,11774.1314308,2026-02-22 17:43:31,1,tcp_bandwidth_exhaustion
54.3,65.3,61,37,13,13,30,5,24,6,16742937,9514785,1600,5262,11775.260640741,2026-02-22 17:43:32,1,tcp_bandwidth_exhaustion
24.4,65.1,61,37,13,13,30,5,24,6,19740043,11700197,1895,5386,11776.35880827,2026-02-22 17:43:33,1,tcp_bandwidth_exhaustion
21.7,65.1,64,39,14,13,30,5,25,8,18080686,10581292,1837,5481,11777.455291106,2026-02-22 17:43:34,1,tcp_bandwidth_exhaustion
23.4,64.9,62,38,14,13,30,5,24,7,17825061,10727012,2136,6205,11778.555191217,2026-02-22 17:43:35,1,tcp_bandwidth_exhaustion
33.3,65.3,65,38,15,13,30,5,24,9,18304645,12081189,2532,6973,11779.657436378,2026-02-22 17:43:36,1,tcp_bandwidth_exhaustion
22.2,65.2,67,38,19,13,30,5,25,8,17445261,11726113,2430,6527,11780.762748306,2026-02-22 17:43:37,1,tcp_bandwidth_exhaustion
36.9,64.8,64,38,15,13,31,5,24,8,18853251,14139252,2398,7255,11781.869914153,2026-02-22 17:43:38,1,tcp_bandwidth_exhaustion
21.8,64.9,63,38,14,13,31,5,24,7,19057342,12011582,1626,5725,11782.974485951,2026-02-22 17:43:39,1,tcp_bandwidth_exhaustion
24.8,65.0,63,38,14,13,31,5,24,7,19445014,12247571,1430,5824,11784.073255149,2026-02-22 17:43:41,1,tcp_bandwidth_exhaustion
21.9,65.0,63,38,14,13,31,5,24,7,19785098,11706186,1600,5787,11785.174850882,2026-02-22 17:43:42,1,tcp_bandwidth_exhaustion
19.3,64.9,63,38,13,13,32,5,24,7,21183045,16403299,1778,6064,11786.270848448,2026-02-22 17:43:43,1,tcp_bandwidth_exhaustion
21.5,64.8,63,38,13,13,32,5,24,7,21086471,16748239,1530,5594,11787.370514419,2026-02-22 17:43:44,1,tcp_bandwidth_exhaustion
25.7,64.8,63,38,13,13,32,5,24,7,21107381,21562668,1202,6973,11788.466479483,2026-02-22 17:43:45,1,tcp_bandwidth_exhaustion
42.0,64.5,62,38,13,13,31,5,23,7,20895091,14497444,690,5303,11789.562310056,2026-02-22 17:43:46,1,tcp_bandwidth_exhaustion
30.5,64.6,62,38,13,13,31,5,23,7,21189712,13453270,758,4297,11790.661440722,2026-02-22 17:43:47,1,tcp_bandwidth_exhaustion
23.7,64.8,62,38,13,13,31,5,23,7,21415277,14593713,784,3169,11791.757744572,2026-02-22 17:43:48,1,tcp_bandwidth_exhaustion
26.8,64.5,62,38,13,13,31,5,23,7,18297421,3959802,266,1228,11792.856114531,2026-02-22 17:43:49,1,tcp_bandwidth_exhaustion
25.9,64.6,63,38,14,13,31,5,23,8,22499383,13872654,768,2672,11793.950301949,2026-02-22 17:43:50,1,tcp_bandwidth_exhaustion
38.2,64.8,63,37,14,13,31,5,23,8,25213993,4371009,306,2027,11795.050852801,2026-02-22 17:43:52,1,tcp_bandwidth_exhaustion
34.6,64.4,62,37,13,13,31,5,23,7,23706018,4012405,810,2677,11796.150969057,2026-02-22 17:43:53,1,tcp_bandwidth_exhaustion
31.8,64.6,60,37,11,13,31,5,23,5,10848835,5372984,804,2766,11797.250632954,2026-02-22 17:43:54,0,normal
25.6,64.6,60,37,11,13,31,5,23,5,3479511,6594741,1100,3144,11798.344707851,2026-02-22 17:43:55,0,normal
30.4,64.3,60,37,11,13,31,5,23,5,6420476,7224687,194,3192,11799.441260769,2026-02-22 17:43:56,0,normal
25.1,63.9,60,37,11,13,31,5,23,5,5836644,8075718,2070,4342,11800.53608379,2026-02-22 17:43:57,0,normal
19.8,63.6,60,37,11,13,31,5,23,5,5257644,9932896,2078,4930,11801.631298417,2026-02-22 17:43:58,0,normal
20.1,63.6,56,37,11,13,27,5,22,5,6294084,11902588,2358,5843,11802.726707628,2026-02-22 17:43:59,0,normal
26.8,63.4,56,37,11,13,27,5,22,5,7132497,13473514,2448,6490,11803.823725469,2026-02-22 17:44:00,0,normal
51.2,63.8,56,37,11,13,27,5,22,5,10244446,11600340,1328,5521,11804.945598539,2026-02-22 17:44:01,0,normal
42.3,62.8,45,37,11,13,16,5,18,5,4975407,9556573,130,3760,11806.066479909,2026-02-22 17:44:03,0,normal
36.5,62.3,45,37,11,13,16,5,18,5,2026208,3899068,88,1642,11807.174651283,2026-02-22 17:44:04,0,normal
34.1,62.4,45,37,11,13,16,5,18,5,63875,110857,96,137,11808.272123346,2026-02-22 17:44:05,0,normal
37.9,62.5,45,37,11,13,16,5,18,5,6419227,7898199,154,3357,11809.37484368,2026-02-22 17:44:06,0,normal
36.6,63.3,45,36,11,13,16,5,18,5,6475118,9128015,120,3766,11810.472568938,2026-02-22 17:44:07,0,normal
30.2,63.4,45,36,11,13,16,5,18,5,740263,1416307,48,603,11811.576499463,2026-02-22 17:44:08,0,normal
29.5,63.4,45,36,11,13,16,5,18,5,4070886,7811713,184,3104,11812.675597818,2026-02-22 17:44:09,0,normal
23.6,63.2,45,36,11,13,16,5,18,5,5575264,10701734,118,4029,11813.769072679,2026-02-22 17:44:10,0,normal
23.9,63.4,41,36,11,13,12,5,18,5,4198666,21500,44,266,11814.861336698,2026-02-22 17:44:11,0,normal
26.1,63.3,41,36,11,13,12,5,18,5,6564431,12574806,202,4459,11815.961034098,2026-02-22 17:44:12,0,normal
27.7,62.9,41,36,11,13,12,5,18,5,3093802,5905444,132,2125,11817.057318251,2026-02-22 17:44:14,0,normal
27.5,63.2,39,36,11,13,10,5,17,5,3876312,7356544,868,2991,11818.153729403,2026-02-22 17:44:15,0,normal
16.1,63.2,39,36,11,13,10,5,17,5,7414058,10313203,1052,2986,11819.248844914,2026-02-22 17:44:16,0,normal
44.6,60.0,39,33,11,13,10,5,17,5,2916166,-194153059,-29038,-74564,11820.355223603,2026-02-22 17:44:17,0,normal
26.4,60.6,35,33,7,13,10,5,16,5,8636,7497,16,107,11821.454491778,2026-02-22 17:44:18,0,normal
65.6,63.2,33,34,7,13,8,5,15,5,29362,40641,92,142,11822.569751456,2026-02-22 17:44:19,0,normal
49.2,64.7,33,35,7,13,8,5,15,5,235423,413862,260,488,11823.684956261,2026-02-22 17:44:20,0,normal
83.8,65.5,34,36,8,13,8,5,15,5,2801903,22337,2,181,11824.799331008,2026-02-22 17:44:21,0,normal
65.7,67.7,34,35,8,13,8,5,15,5,168762,305584,124,192,11825.932459383,2026-02-22 17:44:22,0,normal
21.0,67.4,32,35,8,13,6,5,13,5,12132626,22757013,2238,4209,11827.025994137,2026-02-22 17:44:24,0,normal
30.1,69.3,32,35,8,13,6,5,13,5,11252066,21137006,1986,4130,11828.123092979,2026-02-22 17:44:25,0,normal
33.5,67.1,32,35,8,13,6,5,13,5,14701877,26927257,2216,4610,11829.223572858,2026-02-22 17:44:26,0,normal
39.2,68.0,33,35,8,13,7,5,14,5,10086720,17042114,1508,3082,11830.332081876,2026-02-22 17:44:27,0,normal
40.5,68.4,33,35,8,13,7,5,14,5,32267,3508,0,15,11831.43594798,2026-02-22 17:44:28,0,normal
38.3,68.5,33,35,8,13,7,5,14,5,1278,360,0,5,11832.539877973,2026-02-22 17:44:29,0,normal
67.7,68.7,33,35,8,13,7,5,14,5,1323,341,0,5,11833.66629357,2026-02-22 17:44:30,0,normal
45.2,59.9,29,32,8,13,3,5,12,5,1737249,27181,231,312,11834.77534198,2026-02-22 17:44:31,0,normal
35.9,59.3,28,29,7,13,3,5,11,5,-1050465,-142526047,-12833,-26285,11835.92932688,2026-02-22 17:44:32,0,normal
33.2,59.7,28,29,7,13,3,5,11,5,2242,2029,2,24,11837.048821226,2026-02-22 17:44:34,0,normal
21.2,60.0,28,31,7,13,3,5,11,5,2114,1764,12,18,11838.169655517,2026-02-22 17:44:35,0,normal
19.9,60.3,28,32,7,13,3,5,11,5,2226379,670032,308,681,11839.285262016,2026-02-22 17:44:36,0,normal
30.0,59.8,29,33,8,13,3,5,11,5,2720697,198775,88,358,11840.399742331,2026-02-22 17:44:37,0,normal
15.8,59.8,29,32,8,13,3,5,11,5,651465,1187716,418,655,11841.512614789,2026-02-22 17:44:38,0,normal
13.8,59.8,28,32,8,13,2,5,11,4,623609,1128620,354,628,11842.625537932,2026-02-22 17:44:39,0,normal
15.7,58.6,28,32,8,13,2,5,11,4,1286932,2386120,340,778,11843.736212915,2026-02-22 17:44:40,0,normal
17.8,58.6,28,32,8,13,2,5,11,4,4729546,1380062,286,841,11844.845483863,2026-02-22 17:44:41,0,normal
14.8,58.6,29,32,8,13,3,5,12,4,1564835,2940732,380,857,11845.954407459,2026-02-22 17:44:42,0,normal
14.8,58.7,31,33,11,13,2,5,11,5,1007319,1840033,302,628,11847.066286562,2026-02-22 17:44:44,0,normal
25.2,58.4,30,34,10,13,2,5,11,5,901364,1530066,272,526,11848.176819048,2026-02-22 17:44:45,0,normal
17.7,58.6,30,34,10,13,2,5,11,5,3244883,2259380,292,732,11849.288771379,2026-02-22 17:44:46,0,normal
19.9,58.7,30,34,10,13,2,5,11,5,2220339,2846398,388,746,11850.408911777,2026-02-22 17:44:47,0,normal
12.6,58.7,30,34,10,13,2,5,11,5,829571,1522777,252,465,11851.519093405,2026-02-22 17:44:48,0,normal
14.0,58.7,30,34,10,13,2,5,11,5,1181235,2191377,302,565,11852.636268608,2026-02-22 17:44:49,0,normal
18.7,58.7,30,34,10,13,2,5,11,5,499271,894502,192,344,11853.751288105,2026-02-22 17:44:50,0,normal
23.1,58.8,30,34,10,13,2,5,11,5,3946422,677417,134,568,11854.862687939,2026-02-22 17:44:51,0,normal
13.5,58.8,30,34,10,13,2,5,11,5,2269764,4289484,560,1626,11855.974100176,2026-02-22 17:44:52,0,normal
12.0,58.7,30,34,10,13,2,5,11,5,0,0,0,0,11857.08702941,2026-02-22 17:44:54,0,normal
11.9,58.8,30,34,10,13,2,5,11,5,0,0,0,0,11858.201594695,2026-02-22 17:44:55,0,normal
10.1,59.0,30,34,10,13,2,5,11,5,1850486,6040,0,99,11859.31095505,2026-02-22 17:44:56,0,normal
9.8,58.9,30,34,10,13,2,5,11,5,2322668,11805,0,152,11860.418248156,2026-02-22 17:44:57,0,normal
14.7,58.9,30,34,10,13,2,5,11,5,1942,7728,0,11,11861.527940084,2026-02-22 17:44:58,0,normal
10.9,59.0,30,34,10,13,2,5,11,5,574,8516,0,9,11862.640991718,2026-02-22 17:44:59,0,normal
23.0,58.6,30,34,10,13,2,5,11,5,981,266,0,3,11863.749072182,2026-02-22 17:45:00,0,normal
18.9,58.8,30,34,10,13,2,5,11,5,3315746,15588,0,212,11864.860564569,2026-02-22 17:45:01,0,normal
16.2,58.4,31,34,11,13,2,5,12,5,8840,14786,5,26,11865.973035543,2026-02-22 17:45:02,0,normal
10.2,58.3,31,34,11,13,2,5,12,5,2913,11295,0,16,11867.083892999,2026-02-22 17:45:04,0,normal
6.6,58.3,31,34,11,13,2,5,12,5,2339434,4391694,638,1210,11868.189087957,2026-02-22 17:45:05,0,normal
11.1,58.4,32,34,12,13,2,5,13,5,7813545,12315869,1378,2981,11869.295857541,2026-02-22 17:45:06,0,normal
8.5,58.5,31,34,11,13,2,5,12,5,10384063,15632072,1606,3196,11870.407417515,2026-02-22 17:45:07,0,normal
7.1,58.5,31,34,11,13,2,5,12,5,12103622,22686227,2068,3534,11871.516401484,2026-02-22 17:45:08,0,normal
6.2,58.3,31,34,11,13,2,5,12,5,13315056,24971248,2238,4009,11872.625662524,2026-02-22 17:45:09,0,normal
6.1,58.4,31,34,11,13,2,5,12,5,11717254,21997548,1766,3543,11873.734100289,2026-02-22 17:45:10,0,normal
14.2,58.4,31,34,11,13,2,5,12,5,10761536,14351426,1178,3310,11874.844737722,2026-02-22 17:45:11,0,normal
9.0,58.3,31,34,11,13,2,5,12,5,9137970,16762917,1654,3201,11875.954391659,2026-02-22 17:45:12,0,normal
5.7,58.4,31,34,11,13,2,5,12,5,6527619,12225268,1070,1933,11877.060044296,2026-02-22 17:45:14,0,normal
5.0,58.4,32,32,12,13,2,5,13,5,11154621,20884721,1932,3474,11878.167638667,2026-02-22 17:45:15,1,udp_flood
8.4,58.5,32,32,12,13,2,5,13,5,6281787,8555497,664,1398,11879.277516685,2026-02-22 17:45:16,1,udp_flood
13.5,58.4,32,32,12,13,2,5,13,5,11617594,17011147,1434,2877,11880.391509926,2026-02-22 17:45:17,1,udp_flood
11.3,58.5,33,32,13,13,2,5,14,6,11879570,22072087,2152,3813,11881.501522245,2026-02-22 17:45:18,1,udp_flood
11.7,58.5,35,32,15,13,2,5,15,6,11664079,21656734,1892,3527,11882.614516461,2026-02-22 17:45:19,1,udp_flood
15.0,58.4,35,32,14,13,3,5,15,6,15928702,29648453,2392,4171,11883.724831359,2026-02-22 17:45:20,1,udp_flood
14.2,58.2,35,32,14,13,3,5,15,6,7437061,6941927,686,1527,11884.831762796,2026-02-22 17:45:21,1,udp_flood
9.3,58.2,35,32,14,13,3,5,15,6,7894267,14580524,1264,2232,11885.939444461,2026-02-22 17:45:22,1,udp_flood
8.0,58.2,35,32,14,13,3,5,15,6,9306262,17228096,1492,2596,11887.049985443,2026-02-22 17:45:24,1,udp_flood
16.1,58.2,35,32,14,13,3,5,15,6,1995035,3533098,310,580,11888.158650985,2026-02-22 17:45:25,1,udp_flood
28.1,58.3,35,32,14,13,3,5,15,6,1958295,7372,0,117,11889.277172855,2026-02-22 17:45:26,1,udp_flood
26.7,58.8,35,32,14,13,3,5,15,6,988618,6297,0,59,11890.406769482,2026-02-22 17:45:27,1,udp_flood
48.7,59.1,35,33,14,13,3,5,15,6,140785,15168,0,27,11891.539625616,2026-02-22 17:45:28,1,udp_flood
22.3,59.1,34,33,14,13,2,5,15,6,106128,0,0,0,11892.656065159,2026-02-22 17:45:29,1,udp_flood
31.0,58.6,34,33,14,13,2,5,15,6,108196,3403,0,5,11893.767331702,2026-02-22 17:45:30,1,udp_flood
23.1,58.7,34,33,14,13,2,5,15,6,1670926,8447,0,94,11894.884468553,2026-02-22 17:45:31,1,udp_flood
23.2,58.7,34,33,14,13,2,5,15,6,107970,0,0,0,11895.99994057,2026-02-22 17:45:32,1,udp_flood
23.8,58.7,34,33,14,13,2,5,15,6,110908,0,0,0,11897.115947591,2026-02-22 17:45:34,1,udp_flood
26.0,58.8,34,33,14,13,2,5,15,6,112217,1311,0,3,11898.228935866,2026-02-22 17:45:35,1,udp_flood
39.6,58.7,34,33,14,13,2,5,15,6,1599647,10705,0,110,11899.349378922,2026-02-22 17:45:36,1,udp_flood
26.3,58.9,34,33,14,13,2,5,15,6,105902,193,0,3,11900.470670041,2026-02-22 17:45:37,1,udp_flood
25.7,58.9,34,33,14,13,2,5,15,6,109510,364,0,4,11901.587955781,2026-02-22 17:45:38,1,udp_flood
23.1,58.9,34,33,13,13,2,6,15,6,104032,52,0,1,11902.700555898,2026-02-22 17:45:39,1,udp_flood
21.6,59.0,34,33,13,13,2,6,15,6,107296,0,0,0,11903.817012903,2026-02-22 17:45:40,1,udp_flood
30.9,58.7,34,33,13,13,2,6,15,6,3260819,16341,16,218,11904.935072186,2026-02-22 17:45:41,1,udp_flood
25.2,57.3,32,31,11,13,3,5,14,7,-1156430,-167030612,-16353,-22646,11906.051216224,2026-02-22 17:45:43,1,udp_flood
34.1,57.2,30,28,7,13,5,5,14,5,116104,3769,0,46,11907.173673681,2026-02-22 17:45:44,1,udp_flood
19.3,57.3,29,28,7,13,4,5,13,5,107069,225,0,3,11908.285251869,2026-02-22 17:45:45,1,udp_flood
31.0,57.4,29,28,7,13,4,5,13,5,2273409,11306,4,160,11909.410276535,2026-02-22 17:45:46,1,udp_flood
18.8,57.3,30,30,8,13,4,5,14,5,217195,12044,2,43,11910.526897167,2026-02-22 17:45:47,1,udp_flood
25.4,57.6,30,30,8,13,4,5,14,5,114086,859,1,7,11911.643088785,2026-02-22 17:45:48,1,udp_flood
21.8,57.9,30,30,8,13,4,5,14,5,291663,325392,136,257,11912.774527428,2026-02-22 17:45:49,1,udp_flood
20.4,58.0,31,30,8,13,4,5,15,5,7215110,13343304,1494,3348,11913.890161219,2026-02-22 17:45:50,1,udp_flood
15.9,58.0,32,30,9,13,4,5,16,5,8078592,12970550,886,3198,11915.002498191,2026-02-22 17:45:51,1,udp_flood
18.4,58.1,33,31,9,13,5,5,17,5,8131766,12472099,903,3495,11916.118856561,2026-02-22 17:45:53,1,udp_flood
19.0,58.1,33,32,10,13,5,5,16,5,8441564,15691167,926,3214,11917.238192831,2026-02-22 17:45:54,1,udp_flood
27.7,58.2,34,31,10,13,5,5,16,5,8312306,15449700,1016,3100,11918.353872747,2026-02-22 17:45:55,1,udp_flood
24.0,58.1,34,31,11,13,5,5,16,5,9369348,16330836,1046,3405,11919.463617675,2026-02-22 17:45:56,1,udp_flood
20.3,58.3,38,31,13,13,5,5,18,5,13567115,20262489,1352,4234,11920.577041488,2026-02-22 17:45:57,1,udp_flood
18.5,58.4,39,31,11,13,7,5,19,5,13004006,23982768,1468,4508,11921.688148041,2026-02-22 17:45:58,1,udp_flood
20.4,58.6,38,31,12,13,8,5,18,5,12246489,22886661,1364,4184,11922.800683917,2026-02-22 17:45:59,1,udp_flood
14.9,58.6,37,31,9,13,10,5,18,5,11752248,21889274,1402,3949,11923.911968835,2026-02-22 17:46:00,1,udp_flood
24.4,58.6,39,31,11,13,10,5,18,5,17309397,26626858,1860,5324,11925.029783799,2026-02-22 17:46:02,1,udp_flood
17.8,58.5,39,31,11,13,10,5,18,5,10239582,19080088,1112,3188,11926.148021086,2026-02-22 17:46:03,1,udp_flood
19.7,58.5,39,31,11,13,10,5,18,5,9592300,17865486,1016,2910,11927.264148222,2026-02-22 17:46:04,1,udp_flood
28.9,58.5,39,31,11,13,10,5,18,5,14086178,26204452,1530,4503,11928.38671788,2026-02-22 17:46:05,1,udp_flood
25.5,58.7,41,32,11,13,12,5,18,5,11706118,18323059,1220,3490,11929.501189519,2026-02-22 17:46:06,1,udp_flood
20.1,58.5,42,32,12,13,12,5,18,6,14875534,25235360,1714,4837,11930.61838494,2026-02-22 17:46:07,1,udp_flood
18.8,58.5,42,32,12,13,12,5,18,6,11997593,22406075,1356,3937,11931.737820886,2026-02-22 17:46:08,1,udp_flood
25.9,58.7,44,32,14,13,12,5,20,6,13022592,24287778,1408,3653,11932.861495207,2026-02-22 17:46:09,1,udp_flood
36.8,58.6,42,32,12,13,12,5,18,6,723485,287946,20,115,11933.994128363,2026-02-22 17:46:10,1,udp_flood
34.1,58.3,42,32,12,13,12,5,18,6,3485085,73681,56,284,11935.124181146,2026-02-22 17:46:12,1,udp_flood
22.9,58.5,42,32,12,13,12,5,18,6,2690727,4852850,622,1251,11936.236523358,2026-02-22 17:46:13,1,udp_flood
17.7,58.4,42,32,12,13,12,5,18,6,5679124,10476806,946,2307,11937.356227788,2026-02-22 17:46:14,1,udp_flood
23.8,58.3,42,32,12,13,12,5,18,6,12078472,22498880,1330,3165,11938.474027995,2026-02-22 17:46:15,1,udp_flood
28.6,58.3,42,32,12,13,12,5,18,6,15507235,23715428,1756,4623,11939.593088657,2026-02-22 17:46:16,1,udp_flood
21.5,58.5,43,32,12,13,12,5,19,6,11794102,21963927,1192,2936,11940.712648746,2026-02-22 17:46:17,1,udp_flood
25.5,58.5,42,32,12,13,12,5,18,6,11682944,21620645,1284,3153,11941.838885206,2026-02-22 17:46:18,1,udp_flood
23.4,58.4,42,32,12,13,12,5,18,6,13698400,25561616,1324,3498,11942.954628983,2026-02-22 17:46:19,1,udp_flood
15.1,58.6,42,32,12,13,12,5,18,6,10314762,19118546,1074,2865,11944.066638601,2026-02-22 17:46:21,1,udp_flood
17.6,58.5,41,32,12,13,11,5,17,5,12349048,17734295,1154,3110,11945.181931381,2026-02-22 17:46:22,1,udp_flood
19.2,58.6,41,32,12,13,11,5,17,5,15063513,26502670,1348,3817,11946.299792251,2026-02-22 17:46:23,1,udp_flood
19.6,58.5,41,32,12,13,11,5,17,5,13376248,24968384,1378,3711,11947.409904739,2026-02-22 17:46:24,1,udp_flood
19.6,58.6,41,32,12,13,11,5,17,5,9947610,18517336,992,2848,11948.527889902,2026-02-22 17:46:25,1,udp_flood
48.8,58.9,41,32,12,13,11,5,17,5,4969424,2592660,148,653,11949.648505443,2026-02-22 17:46:26,1,udp_flood
43.5,58.2,41,31,11,13,12,5,18,6,-1156762,-297393421,-18910,-42520,11950.783808489,2026-02-22 17:46:27,1,udp_flood
54.6,57.9,39,28,9,13,12,5,18,4,129378,32640,3,95,11951.925986379,2026-02-22 17:46:28,1,udp_flood
32.8,57.8,39,28,9,13,12,5,18,4,101382,0,0,0,11953.049015459,2026-02-22 17:46:30,1,udp_flood
26.7,57.6,39,30,8,13,12,5,18,4,1193222,4968,0,79,11954.170979731,2026-02-22 17:46:31,1,udp_flood
31.2,57.7,43,32,8,17,13,5,17,4,3051169,25452,2,217,11955.304193767,2026-02-22 17:46:32,1,udp_flood
26.5,58.0,43,33,8,17,13,5,17,4,196454,164512,68,143,11956.432970525,2026-02-22 17:46:33,1,udp_flood
25.6,58.4,43,36,8,17,13,5,17,4,111412,8425,2,45,11957.555916449,2026-02-22 17:46:34,1,udp_flood
15.3,58.3,43,37,8,17,13,5,17,4,106682,10134,0,22,11958.673982244,2026-02-22 17:46:35,1,udp_flood
18.4,58.6,43,38,8,17,13,5,17,4,3212882,20125,0,224,11959.788818187,2026-02-22 17:46:36,1,udp_flood
11.4,58.7,43,37,7,17,14,5,17,4,121111,4747,0,20,11960.903322377,2026-02-22 17:46:37,1,udp_flood
14.7,58.7,43,37,7,17,14,5,17,4,108834,484,2,5,11962.015294274,2026-02-22 17:46:39,1,udp_flood
9.4,58.7,43,37,7,17,14,5,17,4,684,11110,0,14,11963.12647672,2026-02-22 17:46:40,0,normal
10.9,58.7,43,37,7,17,14,5,17,4,753767,16491,0,70,11964.23941961,2026-02-22 17:46:41,0,normal
19.4,58.6,43,37,7,17,14,5,17,4,1862027,9678,0,117,11965.3572538,2026-02-22 17:46:42,0,normal
15.2,58.6,43,37,7,17,14,5,17,4,0,0,0,0,11966.466364477,2026-02-22 17:46:43,0,normal
18.6,58.6,44,37,8,17,14,5,18,4,4773,10931,0,22,11967.586829214,2026-02-22 17:46:44,0,normal
20.7,58.6,44,38,8,17,14,5,18,4,8786,19868,0,24,11968.699515703,2026-02-22 17:46:45,0,normal
15.8,58.5,41,38,8,17,11,5,15,4,3596701,15317,0,202,11969.807771265,2026-02-22 17:46:46,0,normal
10.6,58.5,41,38,8,17,11,5,15,4,0,0,0,0,11970.917701882,2026-02-22 17:46:47,0,normal
7.9,58.6,41,38,8,17,11,5,15,4,0,540,0,3,11972.033543792,2026-02-22 17:46:49,0,normal
11.9,58.6,41,38,8,17,11,5,15,4,187,195,0,2,11973.150479697,2026-02-22 17:46:50,0,normal
7.7,58.6,41,38,8,17,11,5,15,4,2110000,11069,0,131,11974.260481256,2026-02-22 17:46:51,0,normal
9.3,58.6,41,38,8,17,11,5,15,4,769914,4986,0,40,11975.373306365,2026-02-22 17:46:52,0,normal
12.2,58.7,41,38,8,17,11,5,15,4,0,143,0,1,11976.481719003,2026-02-22 17:46:53,0,normal
10.7,58.6,41,38,8,17,11,5,15,4,499,9128,0,9,11977.596049257,2026-02-22 17:46:54,0,normal
7.8,58.3,40,38,8,17,10,5,15,4,1194,175,0,3,11978.7054189,2026-02-22 17:46:55,0,normal
7.1,58.1,40,38,8,17,10,5,15,4,3118876,14131,0,190,11979.811551337,2026-02-22 17:46:56,0,normal
5.9,58.0,43,39,11,17,10,5,15,5,17343,15086,0,51,11980.919856523,2026-02-22 17:46:57,0,normal
5.0,58.1,39,39,10,17,7,5,14,5,5261,9529,0,24,11982.032357183,2026-02-22 17:46:59,0,normal
4.1,58.0,39,39,10,17,7,5,14,5,3211,9318,0,11,11983.151062989,2026-02-22 17:47:00,0,normal
5.1,58.2,39,39,10,17,7,5,14,5,2016429,7457,0,122,11984.258941664,2026-02-22 17:47:01,0,normal
6.2,58.2,39,39,10,17,7,5,14,5,1633246,9448,0,110,11985.37144528,2026-02-22 17:47:02,0,normal
5.3,58.2,37,39,10,17,5,5,14,5,78,28,0,1,11986.486655124,2026-02-22 17:47:03,0,normal
4.2,58.2,37,39,10,17,5,5,14,5,374,9674,0,11,11987.594755877,2026-02-22 17:47:04,0,normal
3.5,58.2,37,39,10,17,5,5,14,5,1198,175,0,3,11988.702241815,2026-02-22 17:47:05,0,normal
7.9,58.2,37,39,10,17,5,5,14,5,3666761,15420,0,211,11989.80988603,2026-02-22 17:47:06,0,normal
4.0,58.2,35,39,10,17,3,5,13,5,0,0,0,0,11990.919565996,2026-02-22 17:47:07,0,normal
3.4,58.2,35,39,10,17,3,5,13,5,0,0,0,0,11992.02808375,2026-02-22 17:47:09,0,normal
2.6,58.2,35,39,10,17,3,5,13,5,1531,9218,0,9,11993.136800498,2026-02-22 17:47:10,0,normal
3.4,58.3,35,39,10,17,3,5,13,5,1252199,4703,0,77,11994.247563677,2026-02-22 17:47:11,0,normal
5.3,58.3,35,39,10,17,3,5,13,5,2146116,10782,0,132,11995.35869105,2026-02-22 17:47:12,0,normal
3.3,58.4,35,39,10,17,3,5,13,5,1570,9222,0,9,11996.466358669,2026-02-22 17:47:13,0,normal
8.2,58.4,35,39,10,17,3,5,13,5,1604,7540,0,8,11997.572985805,2026-02-22 17:47:14,0,normal
6.9,58.4,35,39,10,17,3,5,13,5,192,104,0,2,11998.681662117,2026-02-22 17:47:15,0,normal
8.9,58.2,35,39,10,17,3,5,13,5,4101703,18539,0,254,11999.788693391,2026-02-22 17:47:16,0,normal
5.3,58.4,35,39,10,17,3,5,13,5,595,241,0,3,12000.901691815,2026-02-22 17:47:17,0,normal
6.0,58.4,35,39,10,17,3,5,13,5,1551,9316,0,10,12002.010255115,2026-02-22 17:47:18,0,normal
12.3,58.3,35,39,10,17,3,5,13,5,0,0,0,0,12003.118076973,2026-02-22 17:47:20,0,normal
4.5,58.3,35,39,10,17,3,5,13,5,2011351,7755,0,123,12004.226097975,2026-02-22 17:47:21,0,normal
10.7,58.4,35,39,10,17,3,5,13,5,2025501,10541,0,126,12005.343231319,2026-02-22 17:47:22,0,normal
4.0,58.4,35,39,10,17,3,5,13,5,489,9187,0,8,12006.450998796,2026-02-22 17:47:23,0,normal
4.0,58.4,35,39,10,17,3,5,13,5,1008,71,0,1,12007.565728379,2026-02-22 17:47:24,0,normal
4.5,58.4,35,39,10,17,3,5,13,5,2289,17032,0,17,12008.677613954,2026-02-22 17:47:25,0,normal
15.4,58.3,35,39,10,17,3,5,13,5,4497014,19361,0,267,12009.785309986,2026-02-22 17:47:26,0,normal
10.4,58.6,34,39,10,17,2,5,12,5,13613,7020,2,15,12010.896682248,2026-02-22 17:47:27,0,normal
30.2,59.7,34,39,10,17,2,5,12,5,186342,310535,4,306,12012.019956138,2026-02-22 17:47:29,0,normal
18.9,60.0,36,39,12,17,2,5,12,5,167720,76555,0,112,12013.133298137,2026-02-22 17:47:30,0,normal
14.8,60.0,36,39,12,17,2,5,12,5,1898217,20133,0,150,12014.249053094,2026-02-22 17:47:31,0,normal
17.8,59.9,35,39,12,17,1,5,11,5,2639108,30178,0,196,12015.368695628,2026-02-22 17:47:32,0,normal
17.9,59.7,35,39,12,17,1,5,11,5,387,91,0,2,12016.480365629,2026-02-22 17:47:33,0,normal
17.2,59.7,35,39,12,17,1,5,11,5,1258,32620,0,30,12017.590145873,2026-02-22 17:47:34,0,normal
17.7,59.7,35,39,12,17,1,5,11,5,3082,8351,0,11,12018.702017693,2026-02-22 17:47:35,0,normal
21.4,59.6,35,39,12,17,1,5,11,5,4048131,26328,0,291,12019.812675584,2026-02-22 17:47:36,0,normal
17.3,59.7,35,39,12,17,1,5,11,5,17437,36005,0,43,12020.921405847,2026-02-22 17:47:37,0,normal
17.3,59.6,35,39,12,17,1,5,11,5,544,8203,0,9,12022.028677573,2026-02-22 17:47:39,0,normal
17.4,59.5,34,39,12,17,0,5,10,5,2136,8238,0,9,12023.140668836,2026-02-22 17:47:40,0,normal
25.7,59.9,34,39,12,17,0,5,10,5,1424576,6053,0,95,12024.259144531,2026-02-22 17:47:41,0,normal
17.5,59.9,34,39,12,17,0,5,10,5,2628497,23125,0,183,12025.393902945,2026-02-22 17:47:42,0,normal
17.3,59.9,34,40,12,17,0,5,10,5,144381,7556,0,30,12026.511540937,2026-02-22 17:47:43,0,normal
14.2,59.6,34,40,12,17,0,5,10,5,2155,7664,0,10,12027.623516251,2026-02-22 17:47:44,0,normal
12.1,59.8,34,40,12,17,0,5,10,5,0,0,0,0,12028.737310448,2026-02-22 17:47:45,0,normal
19.6,59.7,34,40,12,17,0,5,10,5,4687329,22123,0,310,12029.848530335,2026-02-22 17:47:46,0,normal
11.4,59.7,34,40,12,17,0,5,10,5,0,0,0,0,12030.960592201,2026-02-22 17:47:47,0,normal
11.1,59.7,34,40,12,17,0,5,10,5,0,0,0,0,12032.074578689,2026-02-22 17:47:49,0,normal
9.2,59.6,34,40,12,17,0,5,10,5,306,160,0,3,12033.185648764,2026-02-22 17:47:50,0,normal
10.8,59.6,34,40,12,17,0,5,10,5,1865167,7678,0,118,12034.297182198,2026-02-22 17:47:51,0,normal
10.7,59.4,34,40,12,17,0,5,10,5,320,2786,0,4,12035.412178683,2026-02-22 17:47:52,0,normal
9.1,59.3,34,40,12,17,0,5,10,5,0,0,0,0,12036.521771154,2026-02-22 17:47:53,0,normal
9.4,59.5,34,40,12,17,0,5,10,5,0,0,0,0,12037.631597274,2026-02-22 17:47:54,0,normal
10.4,59.4,35,40,13,17,0,5,11,5,20887,4573,0,21,12038.743198025,2026-02-22 17:47:55,0,normal
11.9,59.4,35,40,13,17,0,5,11,5,3101827,17339,0,232,12039.853376156,2026-02-22 17:47:56,0,normal
11.3,59.5,35,40,13,17,0,5,11,5,443,7201,0,7,12040.9620271,2026-02-22 17:47:57,0,normal
10.9,59.4,36,39,14,17,0,5,12,5,84331,16307,5,55,12042.072287104,2026-02-22 17:47:59,0,normal
9.3,59.4,36,39,14,17,0,5,12,5,1748,7594,0,9,12043.182616188,2026-02-22 17:48:00,0,normal
10.3,59.6,36,39,14,17,0,5,12,5,1418649,5105,0,81,12044.294557448,2026-02-22 17:48:01,0,normal
10.4,59.6,36,39,14,17,0,5,12,5,322,2787,0,4,12045.405229947,2026-02-22 17:48:02,0,normal
8.7,59.5,36,39,14,17,0,5,12,5,0,0,0,0,12046.514786171,2026-02-22 17:48:03,0,normal
8.8,59.6,36,39,14,17,0,5,12,5,0,0,0,0,12047.622741369,2026-02-22 17:48:04,0,normal
9.8,59.5,36,39,14,17,0,5,12,5,0,0,0,0,12048.730720984,2026-02-22 17:48:05,0,normal
12.1,59.6,36,39,14,17,0,5,12,5,4074192,20784,0,289,12049.839412374,2026-02-22 17:48:06,0,normal
10.3,59.5,36,39,14,17,0,5,12,5,0,0,0,0,12050.94846913,2026-02-22 17:48:07,0,normal
8.9,59.5,36,39,14,17,0,5,12,5,0,0,0,0,12052.058233053,2026-02-22 17:48:09,0,normal
9.8,59.5,36,39,14,17,0,5,12,5,228,80,0,1,12053.167554676,2026-02-22 17:48:10,0,normal
10.1,59.5,36,39,14,17,0,5,12,5,1789488,10445,0,117,12054.278978275,2026-02-22 17:48:11,0,normal
12.6,59.6,36,39,14,17,0,5,12,5,2557050,13024,0,166,12055.39327196,2026-02-22 17:48:12,0,normal
8.7,59.6,36,38,14,17,0,5,12,5,0,0,0,0,12056.504553692,2026-02-22 17:48:13,0,normal
8.9,59.6,36,38,14,17,0,5,12,5,102,7397,0,6,12057.616367643,2026-02-22 17:48:14,0,normal
9.0,59.5,36,38,14,17,0,5,12,5,1620,195,0,3,12058.728232199,2026-02-22 17:48:15,0,normal
11.6,59.5,37,38,15,17,0,5,13,5,3599202,33445,5,248,12059.838536406,2026-02-22 17:48:16,0,normal
13.5,59.5,37,38,15,17,0,5,13,5,382,52,0,1,12060.94915807,2026-02-22 17:48:17,0,normal
13.3,59.5,37,38,15,17,0,5,13,5,456,212,0,3,12062.057091768,2026-02-22 17:48:19,0,normal
13.7,59.5,37,38,15,17,0,5,13,5,0,0,0,0,12063.164069762,2026-02-22 17:48:20,0,normal
16.6,59.6,38,38,16,17,0,5,14,5,1859688,15289,4,169,12064.273300736,2026-02-22 17:48:21,0,normal
12.3,59.6,38,38,16,17,0,5,14,5,1174335,7505,0,78,12065.385271541,2026-02-22 17:48:22,0,normal
11.5,59.6,38,38,16,17,0,5,14,5,0,0,0,0,12066.502815446,2026-02-22 17:48:23,0,normal
20.1,59.9,38,38,16,17,0,5,14,5,0,0,0,0,12067.612617481,2026-02-22 17:48:24,0,normal
12.7,59.9,38,38,16,17,0,5,14,5,18460,425,0,6,12068.733316198,2026-02-22 17:48:25,0,normal
11.3,59.9,38,38,16,17,0,5,14,5,2471042,22220,0,152,12069.844296985,2026-02-22 17:48:26,0,normal
12.8,60.0,38,38,16,17,0,5,14,5,192,104,0,2,12070.958583556,2026-02-22 17:48:27,0,normal
11.2,60.0,39,37,17,17,0,5,14,5,6720,5352,0,14,12072.070449305,2026-02-22 17:48:29,0,normal
12.3,60.0,38,37,16,17,0,5,14,5,3453,7855,0,13,12073.181683898,2026-02-22 17:48:30,0,normal
15.5,60.2,38,37,14,17,2,5,14,5,2334190,7489,0,116,12074.292721792,2026-02-22 17:48:31,0,normal
11.5,60.2,38,37,14,17,2,5,14,5,2599495,12127,0,147,12075.408084374,2026-02-22 17:48:32,0,normal
12.6,60.2,40,37,14,17,2,5,14,7,3428,920,0,20,12076.518260782,2026-02-22 17:48:33,1,tcp_connection_flood
13.3,60.2,40,37,14,17,2,5,14,7,6612,1748,0,38,12077.630893259,2026-02-22 17:48:34,1,tcp_connection_flood
15.2,59.6,39,37,15,17,2,5,14,6,16319,2246,0,48,12078.746046457,2026-02-22 17:48:35,1,tcp_connection_flood
27.6,59.6,40,37,16,17,2,5,15,6,5299442,20855,0,322,12079.857674048,2026-02-22 17:48:36,1,tcp_connection_flood
15.2,59.6,58,37,34,17,2,5,17,13,819370,307782,284,332,12080.977912701,2026-02-22 17:48:37,1,tcp_connection_flood
20.3,59.8,67,37,43,17,2,5,17,17,112674,66467,189,264,12082.098320451,2026-02-22 17:48:39,1,tcp_connection_flood
11.2,59.9,67,37,43,17,2,5,17,17,7668,2024,0,44,12083.214969817,2026-02-22 17:48:40,1,tcp_connection_flood
13.9,60.0,69,37,42,17,3,5,18,18,2510316,16184,2,205,12084.331608704,2026-02-22 17:48:41,1,tcp_connection_flood
18.2,59.8,69,37,44,17,3,5,19,17,1658904,23101,6,222,12085.446345952,2026-02-22 17:48:42,1,tcp_connection_flood
9.2,59.9,67,37,41,17,4,5,19,17,6578,1996,7,42,12086.563495387,2026-02-22 17:48:43,1,tcp_connection_flood
14.7,59.9,65,37,33,17,10,5,20,16,93697,49355,131,193,12087.674928944,2026-02-22 17:48:44,1,tcp_connection_flood
10.2,59.9,64,37,30,17,12,5,20,15,28451,10440,5,67,12088.792575492,2026-02-22 17:48:45,1,tcp_connection_flood
11.5,59.7,65,37,29,17,12,5,20,16,3737355,20180,9,260,12089.912461033,2026-02-22 17:48:46,1,tcp_connection_flood
3.8,59.7,64,37,30,17,12,5,20,15,7668,2024,0,44,12091.022096755,2026-02-22 17:48:48,1,tcp_connection_flood
10.0,59.6,61,37,21,17,18,5,20,12,10318,5512,24,76,12092.131369197,2026-02-22 17:48:49,1,tcp_connection_flood
10.1,59.6,61,37,21,17,18,5,20,12,7188,1960,0,42,12093.250506543,2026-02-22 17:48:50,1,tcp_connection_flood
13.5,59.6,71,37,29,17,18,5,20,16,2918888,25463,51,276,12094.362028055,2026-02-22 17:48:51,1,tcp_connection_flood
6.9,59.6,70,37,30,17,18,5,20,15,773076,7405,0,86,12095.481915889,2026-02-22 17:48:52,1,tcp_connection_flood
4.0,59.6,68,37,27,17,19,5,20,15,7679,2341,7,48,12096.59125714,2026-02-22 17:48:53,1,tcp_connection_flood
6.7,59.5,69,37,26,17,19,5,20,16,6984,1955,0,41,12097.698394484,2026-02-22 17:48:54,1,tcp_connection_flood
7.3,59.5,69,37,26,17,19,5,20,16,25866,2344,0,48,12098.808477356,2026-02-22 17:48:55,1,tcp_connection_flood
10.6,59.4,62,37,18,17,22,5,20,14,3596133,17414,21,247,12099.915918379,2026-02-22 17:48:56,1,tcp_connection_flood
6.7,59.4,62,37,18,17,22,5,20,14,7320,1932,0,42,12101.025070815,2026-02-22 17:48:58,1,tcp_connection_flood
4.9,59.4,62,37,18,17,22,5,20,14,6672,1828,0,39,12102.134203304,2026-02-22 17:48:59,1,tcp_connection_flood
4.6,59.4,62,37,18,17,22,5,20,14,9402,9566,0,52,12103.25585533,2026-02-22 17:49:00,1,tcp_connection_flood
6.3,59.5,62,37,18,17,22,5,20,14,1621072,8866,0,151,12104.36327896,2026-02-22 17:49:01,1,tcp_connection_flood
8.1,59.3,62,37,18,17,22,5,20,14,1681244,10508,0,138,12105.470893911,2026-02-22 17:49:02,1,tcp_connection_flood
7.3,59.4,62,37,18,17,22,5,20,14,8004,2196,0,48,12106.578559325,2026-02-22 17:49:03,1,tcp_connection_flood
12.8,59.3,62,37,18,17,22,5,20,14,7656,2024,0,44,12107.688040048,2026-02-22 17:49:04,1,tcp_connection_flood
8.5,59.3,62,37,18,17,22,5,20,14,7943,2087,0,45,12108.803444838,2026-02-22 17:49:05,1,tcp_connection_flood
9.7,59.4,63,37,17,17,22,5,20,15,2020152,10727,0,139,12109.915151227,2026-02-22 17:49:06,1,tcp_connection_flood
5.5,59.5,62,37,18,17,22,5,20,14,1068,328,0,7,12111.023596986,2026-02-22 17:49:08,1,tcp_connection_flood
5.8,59.5,62,37,18,17,22,5,20,14,5916,1564,0,34,12112.131993863,2026-02-22 17:49:09,1,tcp_connection_flood
11.5,59.4,62,37,18,17,22,5,20,14,7314,1972,0,42,12113.241564303,2026-02-22 17:49:10,1,tcp_connection_flood
8.7,59.5,62,37,18,17,22,5,20,14,1783446,7914,0,138,12114.351509346,2026-02-22 17:49:11,1,tcp_connection_flood
7.7,59.4,62,37,17,17,22,5,20,14,2547103,14012,0,193,12115.465155496,2026-02-22 17:49:12,1,tcp_connection_flood
10.1,59.5,64,38,20,17,22,5,22,14,33294,23690,4,130,12116.58004559,2026-02-22 17:49:13,1,tcp_connection_flood
8.2,59.6,65,39,18,17,23,5,22,15,34915,11197,0,91,12117.689362194,2026-02-22 17:49:14,1,tcp_connection_flood
4.1,59.6,63,39,18,17,23,5,22,13,25015,9520,0,37,12118.796788541,2026-02-22 17:49:15,0,normal
19.6,60.0,64,45,19,17,23,5,22,13,4318103,87594,9,418,12119.909932177,2026-02-22 17:49:16,0,normal
22.5,59.7,77,51,22,17,23,5,26,14,164084,23067,6,84,12121.027739317,2026-02-22 17:49:18,0,normal
18.3,60.2,82,51,23,17,37,5,27,13,2217749,114082,9,656,12122.1415793,2026-02-22 17:49:19,0,normal
16.4,60.7,86,57,24,17,40,5,28,13,758230,73294,8,224,12123.259254322,2026-02-22 17:49:20,0,normal
13.9,60.8,86,55,23,17,41,5,28,13,2739283,17922,0,229,12124.371838478,2026-02-22 17:49:21,0,normal
11.1,60.7,90,58,27,17,41,5,29,13,1657215,41082,4,174,12125.482488034,2026-02-22 17:49:22,0,normal
14.2,61.0,92,59,24,17,46,5,31,13,902522,57378,4,294,12126.591157843,2026-02-22 17:49:23,0,normal
11.6,61.1,92,58,24,17,46,5,31,13,70986,45246,0,58,12127.701804293,2026-02-22 17:49:24,0,normal
10.6,60.8,92,60,24,17,46,5,31,13,44248,28157,0,42,12128.815427159,2026-02-22 17:49:25,0,normal
19.9,60.9,92,59,24,17,46,5,31,13,3592755,27887,0,292,12129.930556672,2026-02-22 17:49:26,0,normal
16.4,60.9,93,60,24,17,47,5,32,13,125605,53083,2,96,12131.044102724,2026-02-22 17:49:28,0,normal
12.8,60.9,92,60,23,17,47,5,31,13,44657,5879,0,29,12132.160961914,2026-02-22 17:49:29,0,normal
6.7,60.7,92,60,23,17,47,5,31,13,3493,8699,0,12,12133.273689269,2026-02-22 17:49:30,0,normal
15.4,60.4,90,60,23,17,45,5,30,12,3128842,18229,0,214,12134.388155989,2026-02-22 17:49:31,0,normal
10.7,60.1,90,60,23,17,45,5,30,12,358724,5537,0,30,12135.50031599,2026-02-22 17:49:32,0,normal
8.1,60.0,90,60,23,17,45,5,30,12,1672,615,0,4,12136.60857602,2026-02-22 17:49:33,0,normal
9.1,59.9,90,60,23,17,45,5,30,12,78,28,0,1,12137.72182296,2026-02-22 17:49:34,0,normal
13.0,59.7,90,60,23,17,45,5,30,12,19830,2428,0,8,12138.835039674,2026-02-22 17:49:35,0,normal
17.3,59.8,90,60,23,17,45,5,30,12,4145310,24320,0,257,12139.949634845,2026-02-22 17:49:36,0,normal
11.1,59.9,90,60,23,17,45,5,30,12,3603,666,0,5,12141.074393682,2026-02-22 17:49:38,0,normal
11.6,59.9,90,60,23,17,45,5,30,12,832,667,0,2,12142.188266627,2026-02-22 17:49:39,0,normal
8.7,59.9,90,60,23,17,45,5,30,12,0,0,0,0,12143.298173949,2026-02-22 17:49:40,0,normal
11.1,59.9,90,60,23,17,45,5,30,12,3373772,19914,0,227,12144.415249896,2026-02-22 17:49:41,0,normal
3.5,60.0,90,60,23,17,45,5,30,12,918081,6651,0,63,12145.527725069,2026-02-22 17:49:42,0,normal
7.8,60.1,89,60,23,17,44,5,29,12,1348,2442,0,7,12146.636898153,2026-02-22 17:49:43,0,normal
13.5,59.9,89,59,23,17,44,5,29,12,5037,17405,0,20,12147.748792895,2026-02-22 17:49:44,0,normal
16.0,60.2,89,59,23,17,44,5,29,12,22354,29816,0,35,12148.861716789,2026-02-22 17:49:45,0,normal
14.0,60.1,80,55,23,17,35,5,29,9,3177029,16584,0,207,12149.972803054,2026-02-22 17:49:46,0,normal
10.6,60.2,80,52,23,17,35,5,29,9,5242,3504,4,17,12151.082295929,2026-02-22 17:49:48,0,normal
10.8,60.2,78,50,21,17,35,5,29,8,2180,1580,0,18,12152.192179627,2026-02-22 17:49:49,0,normal
10.0,60.0,78,48,21,17,35,5,29,8,1246,9726,0,11,12153.301451988,2026-02-22 17:49:50,0,normal
12.3,60.0,72,48,21,17,29,5,28,7,2166008,9309,0,137,12154.41195025,2026-02-22 17:49:51,0,normal
11.2,60.0,72,48,21,17,29,5,28,7,1581559,9406,0,101,12155.52294357,2026-02-22 17:49:52,0,normal
10.4,60.0,72,46,21,17,29,5,28,7,0,0,0,0,12156.632222694,2026-02-22 17:49:53,0,normal
10.7,60.0,72,44,21,17,29,5,28,7,0,0,0,0,12157.740713377,2026-02-22 17:49:54,0,normal
11.1,60.0,71,44,21,17,28,5,28,6,13549,9208,0,11,12158.84994439,2026-02-22 17:49:55,0,normal
18.5,60.0,71,43,21,17,28,5,28,6,3506869,65358,0,262,12159.966438646,2026-02-22 17:49:56,0,normal
19.5,60.2,71,41,21,17,28,5,28,6,73250,65275,0,71,12161.080921285,2026-02-22 17:49:58,0,normal
17.4,60.0,68,40,21,17,25,5,27,3,7267,17233,0,20,12162.193547551,2026-02-22 17:49:59,0,normal
15.0,59.9,68,40,21,17,25,5,27,3,0,16771,0,14,12163.291181378,2026-02-22 17:50:00,0,normal
16.0,60.1,68,40,21,17,25,5,27,3,2473160,41417,0,179,12164.388442876,2026-02-22 17:50:01,0,normal
11.3,60.2,68,40,21,17,25,5,27,3,1510259,8755,0,98,12165.480531094,2026-02-22 17:50:02,0,normal
12.9,60.2,68,40,21,17,25,5,27,3,1437,360,0,5,12166.573804748,2026-02-22 17:50:03,0,normal
11.3,60.3,68,40,21,17,25,5,27,3,2430,17132,0,19,12167.667217482,2026-02-22 17:50:04,0,normal
11.9,60.2,68,40,21,17,25,5,27,3,562,144,0,2,12168.760363225,2026-02-22 17:50:05,0,normal
14.6,60.3,68,39,21,17,25,5,27,3,4352090,16863,0,262,12169.853303383,2026-02-22 17:50:06,0,normal
12.1,60.1,68,38,21,17,25,5,27,3,116952,3653,0,17,12170.947611387,2026-02-22 17:50:07,0,normal
12.4,60.1,68,38,21,17,25,5,27,3,4041,366,0,5,12172.040807235,2026-02-22 17:50:09,0,normal
12.2,60.1,68,38,21,17,25,5,27,3,1190,301,0,4,12173.133221705,2026-02-22 17:50:10,0,normal
16.6,60.2,68,38,21,17,25,5,27,3,1840701,10965,0,125,12174.236315049,2026-02-22 17:50:11,0,normal
31.3,60.9,68,38,21,17,25,5,27,3,2683710,14227,0,183,12175.347805443,2026-02-22 17:50:12,0,normal
17.6,60.8,68,38,21,17,25,5,27,3,5622,17203,0,20,12176.443742865,2026-02-22 17:50:13,0,normal
11.3,60.8,68,41,21,17,25,5,28,4,1703,451,0,6,12177.535720306,2026-02-22 17:50:14,0,normal
15.5,60.8,67,39,21,17,24,5,27,3,36377,12492,2,25,12178.633582512,2026-02-22 17:50:15,0,normal
14.8,61.0,67,39,21,17,24,5,27,3,546878,3384,0,52,12179.730470829,2026-02-22 17:50:16,0,normal
13.5,60.8,67,39,21,17,24,5,27,3,0,114,0,2,12180.825848722,2026-02-22 17:50:17,0,normal
11.2,60.9,67,39,21,17,24,5,27,3,3300347,18968,0,228,12181.923620217,2026-02-22 17:50:18,0,normal
10.8,60.9,53,39,20,17,11,5,27,3,1612,587,0,9,12183.014182372,2026-02-22 17:50:20,0,normal
11.6,61.0,54,39,21,17,11,5,27,4,774284,3109,0,51,12184.107825669,2026-02-22 17:50:21,1,tcp_bandwidth_exhaustion
17.9,61.1,54,39,21,17,11,5,27,4,25342091,61782,0,1320,12185.20917562,2026-02-22 17:50:22,1,tcp_bandwidth_exhaustion
16.6,61.0,56,41,22,17,11,5,27,6,31162214,62988,0,1498,12186.303768399,2026-02-22 17:50:23,1,tcp_bandwidth_exhaustion
20.0,61.0,46,40,22,17,2,5,23,4,30870023,63487,0,1500,12187.408478477,2026-02-22 17:50:24,1,tcp_bandwidth_exhaustion
16.7,61.0,46,40,22,17,2,5,23,4,30326930,54080,0,1348,12188.503748798,2026-02-22 17:50:25,1,tcp_bandwidth_exhaustion
21.6,61.1,47,40,22,17,2,5,23,5,28544231,76396,0,1635,12189.607905467,2026-02-22 17:50:26,1,tcp_bandwidth_exhaustion
24.2,61.1,46,40,22,17,2,5,23,4,31655568,74731,0,1433,12190.705853213,2026-02-22 17:50:27,1,tcp_bandwidth_exhaustion
17.6,60.7,45,40,22,17,1,5,22,4,31239137,99840,0,1485,12191.804940949,2026-02-22 17:50:28,1,tcp_bandwidth_exhaustion
18.5,60.7,47,43,23,17,1,5,23,4,28287134,74720,4,1350,12192.906671494,2026-02-22 17:50:29,1,tcp_bandwidth_exhaustion
19.5,60.7,47,42,23,17,2,5,23,4,30932072,80937,0,1430,12194.000021882,2026-02-22 17:50:30,1,tcp_bandwidth_exhaustion
18.4,60.7,47,42,23,17,2,5,23,4,32383842,83236,0,1845,12195.098325426,2026-02-22 17:50:32,1,tcp_bandwidth_exhaustion
18.2,60.5,47,42,23,17,2,5,23,4,31555382,56680,0,1417,12196.197360452,2026-02-22 17:50:33,1,tcp_bandwidth_exhaustion
17.7,60.5,47,42,23,17,2,5,23,4,31377012,59200,0,1480,12197.293036805,2026-02-22 17:50:34,1,tcp_bandwidth_exhaustion
17.1,60.6,47,42,23,17,2,5,23,4,31195594,56600,0,1415,12198.391153809,2026-02-22 17:50:35,1,tcp_bandwidth_exhaustion
16.7,60.5,48,42,24,17,2,5,23,5,28909469,67960,0,1505,12199.484118252,2026-02-22 17:50:36,1,tcp_bandwidth_exhaustion
9.0,60.4,47,42,23,17,2,5,23,4,30618004,58265,0,1456,12200.578420606,2026-02-22 17:50:37,1,tcp_bandwidth_exhaustion
13.7,60.6,48,42,24,17,2,5,23,5,31415132,62892,0,1571,12201.673319048,2026-02-22 17:50:38,1,tcp_bandwidth_exhaustion
10.1,60.6,47,42,23,17,2,5,23,4,31824644,63806,0,1592,12202.767184232,2026-02-22 17:50:39,1,tcp_bandwidth_exhaustion
11.5,60.5,48,42,24,17,2,5,23,5,30993799,58416,0,1459,12203.864023698,2026-02-22 17:50:40,1,tcp_bandwidth_exhaustion
15.3,60.6,48,42,24,17,2,5,23,5,28550734,74357,0,1619,12204.957519308,2026-02-22 17:50:41,1,tcp_bandwidth_exhaustion
18.2,60.6,47,42,23,17,2,5,23,4,32509108,76367,0,1505,12206.052768749,2026-02-22 17:50:43,1,tcp_bandwidth_exhaustion
17.9,60.6,46,42,22,17,2,5,22,4,29131216,54520,0,1363,12207.150543661,2026-02-22 17:50:44,1,tcp_bandwidth_exhaustion
16.9,60.1,46,42,22,17,2,5,22,5,31735749,57036,0,1423,12208.24213645,2026-02-22 17:50:45,1,tcp_bandwidth_exhaustion
18.9,60.3,46,41,22,17,2,5,22,4,31110770,82309,0,1692,12209.340708668,2026-02-22 17:50:46,1,tcp_bandwidth_exhaustion
16.3,60.1,47,41,23,17,2,5,22,5,31263868,60537,0,1447,12210.436288039,2026-02-22 17:50:47,1,tcp_bandwidth_exhaustion
17.3,60.1,46,41,22,17,2,5,22,4,30218838,58008,0,1440,12211.529062555,2026-02-22 17:50:48,1,tcp_bandwidth_exhaustion
17.7,60.1,46,41,22,17,2,5,22,4,30834526,55092,0,1376,12212.6223211,2026-02-22 17:50:49,1,tcp_bandwidth_exhaustion
18.1,60.1,46,41,22,17,2,5,22,4,30968784,60831,0,1441,12213.721199864,2026-02-22 17:50:50,1,tcp_bandwidth_exhaustion
21.3,60.0,46,41,22,17,2,5,22,4,30034147,79381,0,1711,12214.818475778,2026-02-22 17:50:51,1,tcp_bandwidth_exhaustion
17.8,60.0,47,41,23,17,2,5,22,5,31198772,57932,0,1448,12215.919008626,2026-02-22 17:50:52,1,tcp_bandwidth_exhaustion
16.1,60.0,45,41,21,17,2,5,21,4,31238748,58187,0,1451,12217.015941708,2026-02-22 17:50:54,1,tcp_bandwidth_exhaustion
16.6,60.0,45,41,21,17,2,5,21,4,34430262,63600,0,1590,12218.115160049,2026-02-22 17:50:55,1,tcp_bandwidth_exhaustion
17.9,60.0,45,41,21,17,2,5,21,4,31996872,63435,0,1539,12219.217653446,2026-02-22 17:50:56,1,tcp_bandwidth_exhaustion
24.1,60.1,45,41,21,17,2,5,21,4,30878706,80623,0,1755,12220.320253233,2026-02-22 17:50:57,1,tcp_bandwidth_exhaustion
17.8,60.1,46,41,22,17,2,5,21,5,19226621,67174,0,788,12221.413504104,2026-02-22 17:50:58,1,tcp_bandwidth_exhaustion
16.2,60.0,45,40,21,17,2,5,21,4,25990709,79390,0,1006,12222.508147618,2026-02-22 17:50:59,1,tcp_bandwidth_exhaustion
20.4,60.1,45,38,21,17,2,5,21,4,30509225,69538,0,1352,12223.60197422,2026-02-22 17:51:00,1,tcp_bandwidth_exhaustion
17.9,60.2,45,38,21,17,2,5,21,4,20151558,60809,0,1138,12224.693772504,2026-02-22 17:51:01,1,tcp_bandwidth_exhaustion
22.3,60.2,45,38,21,17,2,5,21,4,27637598,70457,0,1354,12225.78726075,2026-02-22 17:51:02,1,tcp_bandwidth_exhaustion
18.0,59.9,46,38,22,17,2,5,21,5,30557768,53812,0,1345,12226.880432963,2026-02-22 17:51:03,1,tcp_bandwidth_exhaustion
18.3,59.9,45,38,21,17,2,5,21,4,25461853,61123,0,1132,12227.973874892,2026-02-22 17:51:04,1,tcp_bandwidth_exhaustion
17.8,60.0,45,39,21,17,2,5,21,4,29804056,68694,2,1350,12229.063174327,2026-02-22 17:51:06,1,tcp_bandwidth_exhaustion
17.7,60.2,45,40,21,17,2,5,21,4,21147632,69640,0,1341,12230.156520105,2026-02-22 17:51:07,1,tcp_bandwidth_exhaustion
10.4,60.0,45,40,21,17,2,5,21,4,19775316,56783,0,976,12231.24860674,2026-02-22 17:51:08,1,tcp_bandwidth_exhaustion
6.0,60.0,45,40,21,17,2,5,21,4,24791834,47050,0,1145,12232.338232818,2026-02-22 17:51:09,1,tcp_bandwidth_exhaustion
12.5,59.9,46,42,22,17,2,5,21,5,23369192,62760,0,1072,12233.430866059,2026-02-22 17:51:10,1,tcp_bandwidth_exhaustion
25.7,60.6,50,43,25,17,2,5,23,4,29078578,115312,0,1677,12234.533962168,2026-02-22 17:51:11,1,tcp_bandwidth_exhaustion
16.1,60.6,51,43,26,17,3,5,25,4,31598491,108360,2,1770,12235.639818076,2026-02-22 17:51:12,1,tcp_bandwidth_exhaustion
28.6,60.8,55,45,27,17,3,5,26,4,29123415,73602,9,1424,12236.738290768,2026-02-22 17:51:13,1,tcp_bandwidth_exhaustion
26.4,61.5,57,52,32,17,3,5,26,4,30215896,126816,13,1678,12237.83773867,2026-02-22 17:51:14,1,tcp_bandwidth_exhaustion
11.1,62.0,57,51,32,17,3,5,26,4,29268992,75166,0,1405,12238.936547852,2026-02-22 17:51:15,1,tcp_bandwidth_exhaustion
13.1,62.0,56,51,31,17,3,5,26,3,23437267,106431,0,1536,12240.035683317,2026-02-22 17:51:17,0,normal
8.6,62.2,56,51,31,17,3,5,26,3,2787,297,0,4,12241.130924724,2026-02-22 17:51:18,0,normal
7.2,62.3,56,51,31,17,3,5,26,3,1670,74,0,1,12242.225230485,2026-02-22 17:51:19,0,normal
7.5,62.0,56,51,31,17,3,5,26,3,32153,18317,0,40,12243.318358375,2026-02-22 17:51:20,0,normal
9.0,61.8,55,51,31,17,2,5,26,3,3094784,13029,0,203,12244.418492585,2026-02-22 17:51:21,0,normal
10.1,62.0,55,51,31,17,2,5,26,3,837343,35064,0,104,12245.515233465,2026-02-22 17:51:22,0,normal
7.4,62.0,55,51,31,17,2,5,26,3,9815,1387,0,19,12246.618331868,2026-02-22 17:51:23,0,normal
11.0,62.0,55,54,31,17,2,5,27,4,11884,27275,1,56,12247.718120048,2026-02-22 17:51:24,0,normal
12.5,61.8,56,51,32,17,2,5,26,3,62983,9485,1,61,12248.816407893,2026-02-22 17:51:25,0,normal
9.4,61.8,56,51,32,17,2,5,26,3,4726505,41310,0,344,12249.910241928,2026-02-22 17:51:26,0,normal
6.1,61.9,56,51,32,17,2,5,26,3,11199,8605,0,42,12251.004355247,2026-02-22 17:51:27,0,normal
22.2,62.4,56,52,32,17,2,5,26,3,335245,42174,0,173,12252.103496232,2026-02-22 17:51:29,0,normal
17.7,62.0,57,53,33,17,2,5,27,3,200672,58745,2,138,12253.203396974,2026-02-22 17:51:30,0,normal
22.1,63.2,57,53,33,17,2,5,27,3,9655427,52449,0,637,12254.298082728,2026-02-22 17:51:31,0,normal
20.8,63.8,58,55,33,17,2,5,29,4,2024110,41112,0,193,12255.40017891,2026-02-22 17:51:32,0,normal
14.6,64.0,57,55,32,17,3,5,27,3,77137,23876,4,102,12256.495446716,2026-02-22 17:51:33,0,normal
9.6,64.1,60,57,33,17,5,5,29,3,483999,23735,4,202,12257.5899623,2026-02-22 17:51:34,0,normal
6.0,64.1,60,57,32,17,6,5,29,3,5119,1497,0,21,12258.683797779,2026-02-22 17:51:35,0,normal
9.4,63.8,60,57,32,17,6,5,29,3,4758886,39169,0,331,12259.777348682,2026-02-22 17:51:36,0,normal
12.7,63.6,60,57,32,17,6,5,29,3,27555,15002,0,47,12260.87440795,2026-02-22 17:51:37,0,normal
14.1,63.2,60,57,32,17,6,5,29,3,26922,2347,0,32,12261.979478945,2026-02-22 17:51:38,0,normal
18.0,61.3,60,56,32,17,6,5,29,3,18297,6217,0,34,12263.078047597,2026-02-22 17:51:40,0,normal
9.6,60.4,60,56,32,17,6,5,29,3,998189,15486,0,92,12264.174374691,2026-02-22 17:51:41,0,normal
9.7,60.4,60,56,32,17,6,5,29,3,3697325,17076,0,226,12265.268341396,2026-02-22 17:51:42,0,normal
6.5,60.6,60,56,32,17,6,5,29,3,4167,9105,0,15,12266.35779525,2026-02-22 17:51:43,0,normal
17.2,60.5,62,51,33,17,7,5,30,3,27796,45544,2,79,12267.453650459,2026-02-22 17:51:44,0,normal
9.6,60.5,62,50,33,17,7,5,30,3,4962,10781,0,15,12268.547225017,2026-02-22 17:51:45,0,normal
14.0,60.5,62,50,33,17,7,5,30,3,4384937,19587,0,268,12269.638109205,2026-02-22 17:51:46,0,normal
7.7,60.4,61,50,32,17,7,5,29,3,3913,17116,0,23,12270.72788844,2026-02-22 17:51:47,0,normal
3.8,60.5,61,50,32,17,7,5,29,3,0,0,0,0,12271.819784578,2026-02-22 17:51:48,0,normal
6.9,60.5,61,50,32,17,7,5,29,3,228,132,0,2,12272.91093192,2026-02-22 17:51:49,0,normal
3.9,60.5,61,50,32,17,7,5,29,3,466868,2080,0,33,12274.002161227,2026-02-22 17:51:50,0,normal
7.2,60.6,61,49,32,17,7,5,29,3,3190610,24395,0,207,12275.094016599,2026-02-22 17:51:52,0,normal
4.5,60.6,61,49,32,17,7,5,29,3,1571,72,0,1,12276.183325862,2026-02-22 17:51:53,0,normal
10.1,60.5,61,49,32,17,7,5,29,3,0,0,0,0,12277.276523192,2026-02-22 17:51:54,0,normal
7.3,60.5,61,49,32,17,7,5,29,3,102,52,0,1,12278.371618725,2026-02-22 17:51:55,0,normal
11.2,60.4,61,49,32,17,7,5,29,3,2856750,10149,0,161,12279.464454677,2026-02-22 17:51:56,0,normal
8.0,60.4,61,48,32,17,7,5,29,3,490012,14092,0,44,12280.559479888,2026-02-22 17:51:57,0,normal
6.0,60.5,61,48,32,17,7,5,29,3,228,132,0,2,12281.655844413,2026-02-22 17:51:58,0,normal
4.6,60.5,61,44,32,17,7,5,29,3,0,0,0,0,12282.748871383,2026-02-22 17:51:59,0,normal
4.7,60.4,61,44,32,17,7,5,29,3,18470,362,0,5,12283.84110769,2026-02-22 17:52:00,0,normal
4.8,60.5,61,44,32,17,7,5,29,3,1831838,9029,0,103,12284.932236668,2026-02-22 17:52:01,0,normal
4.3,60.5,61,43,32,17,7,5,29,3,4636,25785,0,25,12286.023821962,2026-02-22 17:52:03,0,normal
3.6,60.5,61,41,31,17,8,5,29,3,826,466,0,7,12287.115028776,2026-02-22 17:52:04,0,normal
3.4,60.5,61,40,31,17,8,5,29,3,102,52,0,1,12288.205007425,2026-02-22 17:52:05,0,normal
9.2,60.5,61,40,31,17,8,5,29,3,2388333,10082,0,160,12289.297077911,2026-02-22 17:52:06,0,normal
14.5,60.5,61,40,31,17,8,5,29,3,1336486,18601,0,114,12290.392787125,2026-02-22 17:52:07,0,normal
8.9,60.4,61,40,31,17,8,5,29,3,367,223,0,3,12291.486048085,2026-02-22 17:52:08,0,normal
6.8,60.2,61,39,31,17,8,5,29,3,1247,16486,0,15,12292.581248935,2026-02-22 17:52:09,0,normal
2.8,60.1,61,39,30,17,9,5,29,3,1187,3854,0,12,12293.674339184,2026-02-22 17:52:10,0,normal
16.1,60.5,61,39,30,17,9,5,29,3,2780863,12736,0,162,12294.775406986,2026-02-22 17:52:11,0,normal
24.4,61.5,61,39,30,17,9,5,29,3,2856,10074,0,18,12295.885782868,2026-02-22 17:52:12,0,normal
11.3,62.1,61,38,28,17,11,5,29,3,814,542,0,8,12296.992927235,2026-02-22 17:52:13,0,normal
12.2,62.0,60,38,28,17,10,5,29,3,243,143,0,2,12298.087563315,2026-02-22 17:52:15,0,normal
14.7,62.1,60,38,28,17,10,5,29,3,1162635,4841,0,77,12299.182022724,2026-02-22 17:52:16,0,normal
6.9,62.2,60,38,28,17,10,5,29,3,400710,14163,0,43,12300.274728521,2026-02-22 17:52:17,0,normal
5.5,62.1,60,38,28,17,10,5,29,3,3543,4599,0,13,12301.367757646,2026-02-22 17:52:18,0,normal
4.3,62.1,60,38,28,17,10,5,29,3,0,0,0,0,12302.461651453,2026-02-22 17:52:19,0,normal
5.0,62.1,60,38,28,17,10,5,29,3,0,0,0,0,12303.556010684,2026-02-22 17:52:20,0,normal
7.2,62.0,60,38,28,17,10,5,29,3,2380728,11487,0,138,12304.648946323,2026-02-22 17:52:21,0,normal
13.0,61.6,60,41,28,17,10,5,30,4,3686,18303,0,23,12305.742326928,2026-02-22 17:52:22,0,normal
6.1,61.5,60,39,28,17,10,5,29,3,17939,146124,2,126,12306.83830676,2026-02-22 17:52:23,0,normal
4.6,61.6,60,39,28,17,10,5,29,3,60350,16546,0,23,12307.93318761,2026-02-22 17:52:24,0,normal
9.2,61.0,60,39,28,17,10,5,29,3,75408,549,0,9,12309.027208746,2026-02-22 17:52:26,0,normal
7.7,61.1,60,39,28,17,10,5,29,3,3962164,17603,0,238,12310.121035088,2026-02-22 17:52:27,0,normal
5.6,61.2,60,39,28,17,10,5,29,3,2172,9769,0,13,12311.216157832,2026-02-22 17:52:28,0,normal
3.7,61.1,60,39,28,17,10,5,29,3,231,143,0,2,12312.309179873,2026-02-22 17:52:29,0,normal
3.7,61.1,60,39,28,17,10,5,29,3,228,80,0,1,12313.402469606,2026-02-22 17:52:30,0,normal
6.9,61.2,60,39,28,17,10,5,29,3,3544144,13684,0,217,12314.497611827,2026-02-22 17:52:31,0,normal
6.6,61.2,60,39,28,17,10,5,29,3,991476,23677,0,82,12315.590425747,2026-02-22 17:52:32,0,normal
4.7,61.2,60,39,28,17,10,5,29,3,1141,215,0,3,12316.681943876,2026-02-22 17:52:33,0,normal
4.1,61.3,56,39,28,17,6,5,26,3,0,0,0,0,12317.774866871,2026-02-22 17:52:34,0,normal
3.6,61.2,56,39,28,17,6,5,26,3,18389,241,0,4,12318.873328833,2026-02-22 17:52:35,0,normal
11.7,61.1,56,39,28,17,6,5,26,3,3944643,18282,0,249,12319.96284298,2026-02-22 17:52:36,0,normal
7.6,61.2,56,39,28,17,6,5,26,3,2673,10088,0,17,12321.058890589,2026-02-22 17:52:38,0,normal
5.5,61.1,55,39,28,17,5,5,25,3,102,0,0,0,12322.153007906,2026-02-22 17:52:39,0,normal
8.8,61.2,55,39,28,17,5,5,25,3,520,338,0,4,12323.248085786,2026-02-22 17:52:40,0,normal
4.7,61.4,55,39,28,17,5,5,25,3,1871747,6684,0,106,12324.342981033,2026-02-22 17:52:41,0,normal
7.1,61.3,55,39,28,17,5,5,25,3,2123083,9526,0,110,12325.438413518,2026-02-22 17:52:42,0,normal
5.0,61.2,55,39,28,17,5,5,25,3,78,28,0,1,12326.531516802,2026-02-22 17:52:43,0,normal
3.2,61.2,55,39,28,17,5,5,25,3,0,0,0,0,12327.624376819,2026-02-22 17:52:44,0,normal
3.3,61.2,55,39,28,17,5,5,25,3,0,0,0,0,12328.715839574,2026-02-22 17:52:45,0,normal
6.7,61.0,55,39,28,17,5,5,25,3,3587120,12684,0,195,12329.806263939,2026-02-22 17:52:46,0,normal
15.6,60.8,54,39,28,17,4,5,24,3,411287,201732,0,195,12330.898206534,2026-02-22 17:52:47,0,normal
12.7,60.8,54,39,28,17,4,5,24,3,33667,579268,0,462,12331.994757489,2026-02-22 17:52:48,0,normal
11.4,60.9,54,39,28,17,4,5,24,3,25091,389200,0,315,12333.087662821,2026-02-22 17:52:50,0,normal
13.6,60.9,54,39,28,17,4,5,24,3,1183439,16839,0,91,12334.182927101,2026-02-22 17:52:51,0,normal
14.1,61.1,54,39,28,17,4,5,24,3,2655234,22279,0,189,12335.278828756,2026-02-22 17:52:52,0,normal
9.7,61.2,54,39,28,17,4,5,24,3,3251,18228,0,22,12336.37216137,2026-02-22 17:52:53,1,port_scan_simulation
15.9,60.8,54,39,28,17,4,5,24,3,714,280,0,7,12337.468170528,2026-02-22 17:52:54,1,port_scan_simulation
11.9,60.8,54,39,28,17,4,5,24,3,1099,514,0,10,12338.560576212,2026-02-22 17:52:55,1,port_scan_simulation
9.2,60.9,54,39,28,17,4,5,24,3,3656267,13898,0,223,12339.653904669,2026-02-22 17:52:56,1,port_scan_simulation
10.6,60.9,54,39,28,17,4,5,24,3,388147,4703,0,38,12340.744627645,2026-02-22 17:52:57,1,port_scan_simulation
13.6,60.8,55,40,29,17,4,5,25,3,81431,11403,5,61,12341.841413089,2026-02-22 17:52:58,1,port_scan_simulation
13.1,60.9,55,40,29,17,4,5,25,3,5886,1762,0,15,12342.936505056,2026-02-22 17:52:59,1,port_scan_simulation
8.2,61.0,55,40,29,17,4,5,25,3,430461,2211,0,38,12344.031895412,2026-02-22 17:53:01,1,port_scan_simulation
16.5,60.9,55,41,29,17,4,5,25,3,4373237,29416,0,309,12345.124096913,2026-02-22 17:53:02,1,port_scan_simulation
12.5,60.9,55,41,29,17,4,5,25,3,5301,8939,0,22,12346.217859113,2026-02-22 17:53:03,1,port_scan_simulation
11.2,60.9,54,41,29,17,3,5,25,3,2018,431,0,10,12347.309755621,2026-02-22 17:53:04,1,port_scan_simulation
6.2,60.9,54,41,29,17,3,5,25,3,714,280,0,7,12348.401989433,2026-02-22 17:53:05,1,port_scan_simulation
10.5,61.1,54,41,29,17,3,5,25,3,3162873,13844,0,222,12349.49490796,2026-02-22 17:53:06,1,port_scan_simulation
7.6,61.0,54,41,29,17,3,5,25,3,1192083,7887,0,88,12350.592833525,2026-02-22 17:53:07,1,port_scan_simulation
3.7,61.2,54,41,29,17,3,5,25,3,714,280,0,7,12351.691108465,2026-02-22 17:53:08,1,port_scan_simulation
3.0,61.0,53,41,28,17,3,5,24,3,1732,906,0,17,12352.783771413,2026-02-22 17:53:09,1,port_scan_simulation
9.6,61.0,53,41,28,17,3,5,24,3,22461,7125,0,34,12353.878306424,2026-02-22 17:53:10,1,port_scan_simulation
5.7,61.1,52,41,28,17,2,5,23,3,4388711,21569,0,302,12354.970518405,2026-02-22 17:53:11,1,port_scan_simulation
3.8,61.0,52,41,28,17,2,5,23,3,1046,402,0,9,12356.062574604,2026-02-22 17:53:13,1,port_scan_simulation
4.9,60.9,52,41,27,17,3,5,23,3,3087,17139,0,28,12357.154744997,2026-02-22 17:53:14,1,port_scan_simulation
5.0,60.8,52,41,27,17,3,5,23,3,714,280,0,7,12358.25582949,2026-02-22 17:53:15,1,port_scan_simulation
6.4,61.0,50,41,27,17,1,5,21,3,1723570,7354,0,120,12359.34731082,2026-02-22 17:53:16,1,port_scan_simulation
8.3,60.9,50,41,27,17,1,5,21,3,3416628,15774,0,210,12360.443807012,2026-02-22 17:53:17,1,port_scan_simulation
7.1,60.8,49,41,26,17,1,5,20,3,6846,10875,0,32,12361.53513862,2026-02-22 17:53:18,1,port_scan_simulation
5.2,60.8,49,41,26,17,1,5,20,3,1349,463,0,10,12362.629503191,2026-02-22 17:53:19,1,port_scan_simulation
5.9,61.0,49,40,25,17,2,5,20,3,1210,591,0,12,12363.724830468,2026-02-22 17:53:20,1,port_scan_simulation
12.6,61.0,55,40,31,17,2,5,22,6,4367575,41431,44,378,12364.817189365,2026-02-22 17:53:21,1,port_scan_simulation
11.9,60.9,55,41,30,17,3,5,22,6,19425,12008,6,37,12365.912900984,2026-02-22 17:53:22,1,port_scan_simulation
10.6,60.9,58,41,32,17,3,5,23,6,10106,7764,2,36,12367.007551121,2026-02-22 17:53:23,1,port_scan_simulation
12.4,60.8,58,41,32,17,4,5,23,6,12894,6228,12,36,12368.099635151,2026-02-22 17:53:25,1,port_scan_simulation
3.8,60.8,58,41,32,17,4,5,23,6,1199613,5179,0,81,12369.19184081,2026-02-22 17:53:26,1,port_scan_simulation
6.9,61.0,56,41,29,17,5,5,23,6,3387443,17007,7,233,12370.285552956,2026-02-22 17:53:27,1,port_scan_simulation
5.1,61.0,56,41,29,17,5,5,23,6,1067,561,0,11,12371.381439223,2026-02-22 17:53:28,1,port_scan_simulation
5.0,61.2,56,41,29,17,5,5,23,6,714,280,0,7,12372.473954533,2026-02-22 17:53:29,1,port_scan_simulation
4.1,61.2,54,41,26,17,6,5,22,5,1939,3890,7,18,12373.564354302,2026-02-22 17:53:30,1,port_scan_simulation
9.8,61.2,54,41,26,17,6,5,22,5,4157046,15278,0,245,12374.656805813,2026-02-22 17:53:31,1,port_scan_simulation
9.7,61.2,54,40,26,17,6,5,22,5,163511,3958,0,26,12375.748800356,2026-02-22 17:53:32,1,port_scan_simulation
17.0,61.1,55,42,27,17,6,5,23,5,143605,49799,2,97,12376.843653384,2026-02-22 17:53:33,1,port_scan_simulation
14.1,61.4,54,42,26,17,6,5,22,5,685427,11170,4,148,12377.943838088,2026-02-22 17:53:34,1,port_scan_simulation
10.4,61.3,56,42,28,17,6,5,24,5,796921,11250,4,95,12379.038312595,2026-02-22 17:53:36,1,port_scan_simulation
8.4,61.5,56,42,28,17,6,5,24,5,1453552,14434,0,115,12380.132832508,2026-02-22 17:53:37,1,port_scan_simulation
2.8,61.6,56,42,28,17,6,5,24,5,1377,583,0,12,12381.225260855,2026-02-22 17:53:38,1,port_scan_simulation
3.2,61.6,56,42,28,17,6,5,24,5,816,320,0,8,12382.31813604,2026-02-22 17:53:39,1,port_scan_simulation
10.5,61.5,56,42,28,17,6,5,24,5,855,423,0,9,12383.411278617,2026-02-22 17:53:40,1,port_scan_simulation
6.4,61.7,56,42,28,17,6,5,24,5,2092660,8667,0,139,12384.506836608,2026-02-22 17:53:41,1,port_scan_simulation
10.6,61.6,56,42,28,17,6,5,24,5,1477532,9070,0,106,12385.607059925,2026-02-22 17:53:42,1,port_scan_simulation
17.2,61.8,58,42,30,17,6,5,25,5,686489,22362,2,120,12386.701330549,2026-02-22 17:53:43,1,port_scan_simulation
16.2,61.7,64,43,34,17,8,5,29,5,311198,30203,6,158,12387.796933064,2026-02-22 17:53:44,1,port_scan_simulation
14.1,62.7,65,43,34,17,9,5,30,5,776580,18770,4,145,12388.890156643,2026-02-22 17:53:45,1,port_scan_simulation
16.8,62.6,65,43,34,17,9,5,30,5,840037,25222,0,99,12389.985709925,2026-02-22 17:53:46,1,port_scan_simulation
13.9,62.5,65,43,34,17,9,5,30,5,3313,10318,0,24,12391.079658154,2026-02-22 17:53:48,1,port_scan_simulation
10.7,62.6,65,43,34,17,9,5,30,5,1541,987,0,9,12392.174759628,2026-02-22 17:53:49,1,port_scan_simulation
11.2,62.6,65,43,34,17,9,5,30,5,2152,867,0,11,12393.275695663,2026-02-22 17:53:50,1,port_scan_simulation
8.1,62.7,65,43,34,17,9,5,30,5,2284080,9357,0,152,12394.368240909,2026-02-22 17:53:51,1,port_scan_simulation
6.6,62.6,65,43,34,17,9,5,30,5,831875,6488,0,57,12395.468036674,2026-02-22 17:53:52,1,port_scan_simulation
10.0,62.2,65,43,34,17,9,5,30,5,989,493,0,10,12396.56164208,2026-02-22 17:53:53,1,port_scan_simulation
11.9,62.2,65,43,34,17,9,5,30,5,2975,3100,0,13,12397.658591783,2026-02-22 17:53:54,0,normal
6.9,62.2,65,43,34,17,9,5,30,5,102,52,0,1,12398.752364102,2026-02-22 17:53:55,0,normal
16.7,61.9,64,43,33,17,9,5,29,5,3968626,18322,0,251,12399.845040615,2026-02-22 17:53:56,0,normal
6.1,61.8,64,43,33,17,9,5,29,5,1140,1104,0,12,12400.939648743,2026-02-22 17:53:57,0,normal
3.9,61.8,64,43,33,17,9,5,29,5,1049,799,0,4,12402.037337663,2026-02-22 17:53:59,0,normal
3.7,61.8,64,43,33,17,9,5,29,5,985,2080,0,6,12403.134595894,2026-02-22 17:54:00,0,normal
10.1,61.6,64,43,33,17,9,5,29,5,2219324,8575,0,136,12404.228716097,2026-02-22 17:54:01,0,normal
9.2,61.6,64,43,32,17,10,5,29,5,1149712,7856,0,84,12405.32425952,2026-02-22 17:54:02,0,normal
6.8,61.7,64,43,32,17,10,5,29,5,1879,6982,0,9,12406.418070112,2026-02-22 17:54:03,0,normal
4.3,61.7,63,43,31,17,10,5,29,5,508,299,0,5,12407.509949679,2026-02-22 17:54:04,0,normal
5.4,61.9,60,43,28,17,10,5,29,5,1586,949,0,16,12408.603920511,2026-02-22 17:54:05,0,normal
12.2,61.7,62,43,29,17,11,5,31,5,1214451,13033,6,122,12409.701173092,2026-02-22 17:54:06,0,normal
11.7,61.9,63,44,30,17,11,5,32,5,20481,11993,2,42,12410.796631586,2026-02-22 17:54:07,0,normal
3.7,61.9,63,44,30,17,11,5,32,5,0,0,0,0,12411.8942742,2026-02-22 17:54:08,0,normal
3.3,61.9,63,44,30,17,11,5,32,5,459,223,0,3,12412.989426319,2026-02-22 17:54:09,0,normal
3.9,62.0,63,44,30,17,11,5,32,5,716967,6683,0,70,12414.082896751,2026-02-22 17:54:11,0,normal
5.3,62.0,63,44,30,17,11,5,32,5,1089610,7067,0,72,12415.177353916,2026-02-22 17:54:12,0,normal
6.9,61.8,63,44,30,17,11,5,32,5,949,2009,0,5,12416.27210902,2026-02-22 17:54:13,0,normal
5.8,61.8,63,43,30,17,11,5,32,5,1006,277,0,4,12417.36494402,2026-02-22 17:54:14,0,normal
5.4,61.8,63,41,30,17,11,5,32,5,821,2005,0,5,12418.457404217,2026-02-22 17:54:15,0,normal
9.1,61.7,63,40,30,17,11,5,32,5,1628428,7635,0,121,12419.551518919,2026-02-22 17:54:16,0,normal
5.4,62.0,62,40,30,17,10,5,31,5,585,2934,0,6,12420.645715304,2026-02-22 17:54:17,0,normal
3.2,62.0,62,40,30,17,10,5,31,5,1532,7012,0,9,12421.738799963,2026-02-22 17:54:18,0,normal
11.6,62.1,63,41,30,17,11,5,32,5,376221,15819,2,120,12422.832861054,2026-02-22 17:54:19,0,normal
6.2,62.2,63,41,27,17,14,5,32,5,93799,1726,0,24,12423.928436107,2026-02-22 17:54:20,0,normal
6.5,62.2,62,41,27,17,13,5,32,5,1950116,12266,0,131,12425.023571836,2026-02-22 17:54:22,0,normal
3.1,62.1,62,41,27,17,13,5,32,5,238,150,0,2,12426.118846886,2026-02-22 17:54:23,0,normal
2.7,62.1,62,41,27,17,13,5,32,5,0,1961,0,4,12427.214569085,2026-02-22 17:54:24,0,normal
2.6,62.1,62,40,26,17,14,5,32,5,1205,351,0,6,12428.308890305,2026-02-22 17:54:25,0,normal
4.6,62.2,60,40,26,17,12,5,30,5,2295201,8248,0,130,12429.407172439,2026-02-22 17:54:26,0,normal
9.7,62.1,60,40,26,17,12,5,30,5,1687631,8781,0,99,12430.50238433,2026-02-22 17:54:27,0,normal
4.1,62.1,61,40,25,17,12,5,31,6,731,1443,0,4,12431.598715733,2026-02-22 17:54:28,0,normal
5.3,62.0,60,40,24,17,13,5,31,5,1373,671,0,11,12432.694635462,2026-02-22 17:54:29,0,normal
5.7,62.0,60,40,25,17,13,5,31,4,19051,1030,0,8,12433.790123422,2026-02-22 17:54:30,0,normal
8.1,62.0,60,40,23,17,13,5,30,5,4470715,25320,0,342,12434.884920324,2026-02-22 17:54:31,0,normal
7.2,61.9,60,40,23,17,13,5,30,5,0,240,0,4,12435.981255513,2026-02-22 17:54:32,0,normal
9.3,61.9,59,40,23,17,12,5,29,4,1624,8530,0,15,12437.07463773,2026-02-22 17:54:34,0,normal
11.8,61.9,57,40,23,17,12,5,28,3,860,195,0,3,12438.168203542,2026-02-22 17:54:35,0,normal
12.3,62.0,57,40,23,17,12,5,28,3,1736771,7420,0,117,12439.264333917,2026-02-22 17:54:36,0,normal
13.2,61.8,57,39,23,17,12,5,28,3,1825383,10001,0,115,12440.364811812,2026-02-22 17:54:37,0,normal
3.7,61.8,57,39,23,17,12,5,28,3,228,80,0,1,12441.460024866,2026-02-22 17:54:38,0,normal
5.1,61.8,57,39,23,17,12,5,28,3,0,0,0,0,12442.554595402,2026-02-22 17:54:39,0,normal
4.6,61.9,57,39,23,17,12,5,28,3,0,0,0,0,12443.649338344,2026-02-22 17:54:40,0,normal
7.0,61.9,57,39,23,17,12,5,28,3,3337058,17973,0,210,12444.746878936,2026-02-22 17:54:41,0,normal
5.0,61.8,57,39,23,17,12,5,28,3,502,429,0,6,12445.84430353,2026-02-22 17:54:42,0,normal
3.3,61.9,58,39,24,17,12,5,29,3,10275,6526,5,26,12446.938655458,2026-02-22 17:54:43,0,normal
3.8,61.8,58,39,24,17,12,5,29,3,458,75,0,1,12448.032503719,2026-02-22 17:54:45,0,normal
6.8,61.9,59,39,25,17,9,5,30,4,800092,6400,0,69,12449.127680224,2026-02-22 17:54:46,0,normal
8.0,62.2,62,39,27,17,10,5,30,4,2514106,21513,0,218,12450.225325983,2026-02-22 17:54:47,0,normal
14.3,62.4,61,40,26,17,11,5,30,4,20910,20783,2,36,12451.318759717,2026-02-22 17:54:48,0,normal
16.5,62.3,62,40,27,17,11,5,31,4,13053,23922,5,43,12452.416884145,2026-02-22 17:54:49,0,normal
18.3,62.3,61,39,27,17,11,5,31,3,6780,5196,0,18,12453.51795384,2026-02-22 17:54:50,0,normal
15.9,62.2,60,39,25,17,13,5,30,3,3475885,16885,0,225,12454.614152453,2026-02-22 17:54:51,0,normal
11.6,62.2,60,39,25,17,13,5,30,3,178774,4143,0,24,12455.709624763,2026-02-22 17:54:52,0,normal
10.7,62.3,60,39,25,17,13,5,30,3,298,12365,0,10,12456.806518842,2026-02-22 17:54:53,0,normal
9.8,62.4,60,39,25,17,13,5,30,3,2031,1425,0,4,12457.901558109,2026-02-22 17:54:54,0,normal
16.1,62.2,60,39,25,17,13,5,30,3,251470,46287,0,68,12458.997555123,2026-02-22 17:54:55,0,normal
17.0,62.4,60,39,25,17,13,5,30,3,3138302,34557,0,268,12460.093975393,2026-02-22 17:54:57,0,normal
19.3,62.3,60,39,25,17,13,5,30,3,3761,17043,0,21,12461.190743184,2026-02-22 17:54:58,0,normal
9.3,62.4,59,39,24,17,13,5,29,3,2230,447,0,7,12462.285633081,2026-02-22 17:54:59,0,normal
24.9,62.6,59,39,24,17,13,5,29,3,13595,18334,0,39,12463.384289417,2026-02-22 17:55:00,0,normal
21.7,62.6,59,39,24,17,13,5,29,3,775118,20668,0,77,12464.484357462,2026-02-22 17:55:01,0,normal
20.8,62.7,59,39,24,17,13,5,29,3,13196,4704,0,28,12465.586716728,2026-02-22 17:55:02,0,normal
17.2,62.7,59,39,24,17,13,5,29,3,7345,24730,0,40,12466.683103775,2026-02-22 17:55:03,0,normal
18.1,62.9,59,39,24,17,13,5,29,3,10322,2404,0,29,12467.780370162,2026-02-22 17:55:04,0,normal
20.8,62.9,59,39,24,17,13,5,29,3,28079,2316,0,32,12468.880760542,2026-02-22 17:55:05,0,normal
21.8,62.7,57,39,24,17,11,5,28,3,3251680,15429,0,203,12469.975752341,2026-02-22 17:55:06,0,normal
20.3,62.7,57,39,24,17,11,5,28,3,12988,2135,0,29,12471.076813841,2026-02-22 17:55:08,0,normal
18.5,62.8,57,39,24,17,11,5,28,3,8235,1529,0,21,12472.175496496,2026-02-22 17:55:09,0,normal
17.0,62.7,57,39,24,17,11,5,28,3,7366,1885,0,26,12473.271144375,2026-02-22 17:55:10,0,normal
19.8,62.9,57,39,24,17,11,5,28,3,2379160,13055,0,204,12474.370351726,2026-02-22 17:55:11,0,normal
17.4,62.5,58,39,24,17,11,5,29,3,1522899,26404,0,126,12475.469038038,2026-02-22 17:55:12,0,normal
15.5,62.5,57,39,24,17,11,5,28,3,18206,6772,0,45,12476.563258057,2026-02-22 17:55:13,0,normal
14.3,62.7,56,39,23,17,11,5,28,3,3921,1196,0,17,12477.659469054,2026-02-22 17:55:14,0,normal
11.8,62.5,55,39,22,17,11,5,27,3,22676,9334,0,18,12478.755317279,2026-02-22 17:55:15,0,normal
14.0,62.6,55,39,22,17,11,5,27,3,4114523,17229,0,265,12479.852174078,2026-02-22 17:55:16,0,normal
11.0,62.7,57,39,24,17,11,5,27,3,16873,7233,0,27,12480.945997322,2026-02-22 17:55:17,0,normal
9.1,62.6,57,39,24,17,11,5,27,3,4902,16162,0,22,12482.040140718,2026-02-22 17:55:19,0,normal
13.1,62.4,57,39,24,17,11,5,27,3,2246,11452,0,14,12483.134760267,2026-02-22 17:55:20,0,normal
10.2,62.3,57,39,24,17,11,5,27,3,1453935,14071,0,84,12484.229496871,2026-02-22 17:55:21,0,normal
17.1,62.0,57,39,22,17,13,5,27,3,1917450,10559,0,125,12485.327836472,2026-02-22 17:55:22,0,normal
10.4,62.0,53,39,22,17,9,5,24,3,0,0,0,0,12486.419998991,2026-02-22 17:55:23,0,normal
10.9,62.0,53,39,22,17,9,5,24,3,0,0,0,0,12487.51216162,2026-02-22 17:55:24,0,normal
10.2,61.9,53,39,22,17,9,5,24,3,0,0,0,0,12488.604906963,2026-02-22 17:55:25,0,normal
18.7,61.9,53,39,22,17,9,5,24,3,3127603,24069,0,202,12489.701839655,2026-02-22 17:55:26,0,normal
13.1,61.8,52,39,22,17,8,5,23,3,1887,16633,0,16,12490.794329157,2026-02-22 17:55:27,0,normal
12.6,61.6,52,39,22,17,8,5,23,3,0,0,0,0,12491.886540528,2026-02-22 17:55:28,0,normal
11.1,61.7,52,39,22,17,8,5,23,3,401,305,0,4,12492.978673301,2026-02-22 17:55:29,0,normal
14.3,61.7,50,39,22,17,6,5,22,3,483705,45811,0,72,12494.070827193,2026-02-22 17:55:31,0,normal
28.9,62.5,50,39,22,17,6,5,22,3,3212267,31040,0,215,12495.176375072,2026-02-22 17:55:32,0,normal
25.4,62.3,50,39,22,17,6,5,22,3,12680,45430,0,60,12496.292268525,2026-02-22 17:55:33,0,normal
17.8,62.4,50,39,22,17,6,5,22,3,10547,8817,0,34,12497.392131625,2026-02-22 17:55:34,0,normal
11.6,62.4,50,39,22,17,6,5,22,3,9858,1919,0,26,12498.485105837,2026-02-22 17:55:35,0,normal
14.7,62.4,50,39,22,17,6,5,22,3,2819838,29186,0,207,12499.581029965,2026-02-22 17:55:36,0,normal
16.4,62.5,50,39,22,17,6,5,22,3,1395277,9798,0,112,12500.676772773,2026-02-22 17:55:37,0,normal
16.8,62.5,50,39,22,17,6,5,22,3,4661,1316,0,18,12501.774993792,2026-02-22 17:55:38,0,normal
14.3,62.5,50,39,22,17,6,5,22,3,2512,17246,0,20,12502.869203011,2026-02-22 17:55:39,0,normal
16.0,62.6,50,39,21,17,7,5,22,3,19334,587,0,9,12503.963062845,2026-02-22 17:55:40,0,normal
23.8,62.7,50,41,21,17,7,5,22,3,4768080,71755,4,400,12505.061680138,2026-02-22 17:55:42,0,normal
21.4,62.6,50,41,21,17,7,5,22,3,57816,24013,0,67,12506.158463779,2026-02-22 17:55:43,0,normal
13.4,62.6,50,41,21,17,7,5,22,3,12215,2411,0,28,12507.26159874,2026-02-22 17:55:44,0,normal
16.8,62.6,50,41,21,17,7,5,22,3,3145,1561,0,10,12508.364256444,2026-02-22 17:55:45,0,normal
18.0,62.4,51,41,21,17,7,5,23,3,3362171,15418,0,205,12509.466454937,2026-02-22 17:55:46,0,normal
12.9,61.3,49,41,21,17,6,5,22,3,874618,15004,0,69,12510.560773813,2026-02-22 17:55:47,0,normal
19.6,61.2,49,41,21,17,6,5,22,3,6111,33767,0,34,12511.658551499,2026-02-22 17:55:48,0,normal
18.8,61.2,49,41,21,17,6,5,22,3,1581,7064,0,10,12512.752621518,2026-02-22 17:55:49,0,normal
14.4,60.8,49,41,21,17,6,5,22,3,19847,9261,0,13,12513.849655348,2026-02-22 17:55:50,0,normal
15.2,60.8,46,41,21,17,3,5,21,3,4294696,16862,0,226,12514.940424672,2026-02-22 17:55:51,0,normal
12.4,61.0,46,41,21,17,3,5,21,3,141,91,0,1,12516.031966456,2026-02-22 17:55:53,0,normal
10.5,61.0,47,41,22,17,3,5,21,4,2738696,4197,0,102,12517.128952427,2026-02-22 17:55:54,1,bulk_download
14.0,60.9,47,41,22,17,3,5,21,4,19728239,29302,0,730,12518.222560118,2026-02-22 17:55:55,1,bulk_download
11.6,60.9,47,41,22,17,3,5,21,4,26253723,60780,0,1207,12519.317291547,2026-02-22 17:55:56,1,bulk_download
13.5,60.9,47,41,22,17,3,5,21,4,21914125,41090,0,874,12520.421595632,2026-02-22 17:55:57,1,bulk_download
11.2,60.9,47,41,22,17,3,5,21,4,25453954,34572,0,863,12521.513758271,2026-02-22 17:55:58,1,bulk_download
9.6,60.9,47,41,22,17,3,5,21,4,16381500,23670,0,585,12522.607756816,2026-02-22 17:55:59,1,bulk_download
8.1,60.9,47,41,22,17,3,5,21,4,24205614,32628,0,816,12523.700254795,2026-02-22 17:56:00,1,bulk_download
11.7,60.9,46,41,21,17,3,5,21,4,24129095,62770,0,1092,12524.79280444,2026-02-22 17:56:01,1,bulk_download
9.2,60.3,46,41,21,17,3,5,21,4,23614844,33400,0,835,12525.884265242,2026-02-22 17:56:02,1,bulk_download
8.6,60.5,46,41,21,17,3,5,21,4,20294204,29863,0,745,12526.978140125,2026-02-22 17:56:03,1,bulk_download
15.3,60.4,46,41,21,17,3,5,21,4,24471388,60994,0,951,12528.085414083,2026-02-22 17:56:05,1,bulk_download
7.7,60.2,46,41,21,17,3,5,21,4,27019207,52505,0,1262,12529.181112006,2026-02-22 17:56:06,1,bulk_download
8.4,60.3,46,41,21,17,3,5,21,4,19112259,38374,0,785,12530.276286166,2026-02-22 17:56:07,1,bulk_download
6.9,60.4,46,41,21,17,3,5,21,4,20629369,29423,0,735,12531.366604825,2026-02-22 17:56:08,1,bulk_download
12.6,60.4,46,41,20,17,4,5,21,4,18308612,29797,0,700,12532.458887669,2026-02-22 17:56:09,1,bulk_download
13.2,60.5,46,41,19,17,5,5,21,4,25631157,43347,0,1019,12533.552891323,2026-02-22 17:56:10,1,bulk_download
14.2,60.4,46,41,19,17,5,5,21,4,26108746,51052,0,1149,12534.645610656,2026-02-22 17:56:11,1,bulk_download
31.2,60.8,46,46,19,17,5,5,22,5,25361678,49340,2,853,12535.749687004,2026-02-22 17:56:12,1,bulk_download
20.2,61.1,49,40,20,17,6,5,22,4,24195854,70890,7,996,12536.852886465,2026-02-22 17:56:13,1,bulk_download
7.6,61.1,48,40,19,17,6,5,22,4,21343057,45263,0,825,12537.94495113,2026-02-22 17:56:14,1,bulk_download
18.3,61.0,47,40,19,17,6,5,21,4,22633905,44887,0,924,12539.044266482,2026-02-22 17:56:16,1,bulk_download
13.8,61.1,47,39,19,17,6,5,21,4,27580397,50276,0,1074,12540.139243613,2026-02-22 17:56:17,1,bulk_download
11.2,61.1,47,39,18,17,7,5,21,4,30756314,38600,0,964,12541.233189128,2026-02-22 17:56:18,1,bulk_download
15.9,61.1,47,39,18,17,7,5,21,4,29311175,47516,0,1023,12542.329228552,2026-02-22 17:56:19,1,bulk_download
8.8,60.9,47,39,18,17,7,5,21,4,29327396,38954,0,972,12543.425052792,2026-02-22 17:56:20,1,bulk_download
28.4,61.8,47,39,18,17,7,5,21,4,30441481,45333,0,1062,12544.534559551,2026-02-22 17:56:21,1,bulk_download
34.8,62.1,47,39,18,17,7,5,21,4,31071734,53442,0,961,12545.642034436,2026-02-22 17:56:22,1,bulk_download
17.8,60.2,47,40,18,17,7,5,21,4,22155872,46309,1,771,12546.739210944,2026-02-22 17:56:23,1,bulk_download
16.8,58.8,45,40,18,17,5,5,21,4,27001561,39021,1,964,12547.838558236,2026-02-22 17:56:24,1,bulk_download
8.8,58.7,45,40,17,17,6,5,21,4,28736148,46031,0,1148,12548.934341841,2026-02-22 17:56:25,1,bulk_download
13.4,58.8,45,40,17,17,6,5,21,4,31518982,44487,0,1110,12550.033930827,2026-02-22 17:56:27,1,bulk_download
8.5,58.8,45,40,17,17,6,5,21,4,26940514,42040,0,1051,12551.127250126,2026-02-22 17:56:28,1,bulk_download
11.4,58.8,45,40,17,17,6,5,21,4,28442607,43351,0,1069,12552.221090163,2026-02-22 17:56:29,1,bulk_download
21.6,58.9,48,40,18,17,6,5,23,4,28483654,44602,4,1065,12553.314601964,2026-02-22 17:56:30,1,bulk_download
12.8,59.3,50,40,21,17,7,5,24,4,21920504,53713,0,1042,12554.413387151,2026-02-22 17:56:31,1,bulk_download
17.6,59.0,52,40,22,17,8,5,26,4,26276318,86949,4,1042,12555.515122404,2026-02-22 17:56:32,1,bulk_download
13.5,59.0,51,40,21,17,8,5,25,4,25774900,39160,0,884,12556.614863385,2026-02-22 17:56:33,1,bulk_download
6.0,58.9,52,40,22,17,8,5,26,4,23006064,53626,0,921,12557.708699874,2026-02-22 17:56:34,1,bulk_download
11.1,58.8,51,39,18,17,11,5,25,4,29335382,57460,0,1243,12558.803072,2026-02-22 17:56:35,1,bulk_download
11.1,59.1,51,40,18,17,11,5,25,4,27044264,67511,0,1107,12559.898864962,2026-02-22 17:56:36,1,bulk_download
7.3,59.1,51,40,18,17,11,5,25,4,28712381,48902,0,1141,12560.990858634,2026-02-22 17:56:37,1,bulk_download
8.3,58.9,51,40,18,17,11,5,25,4,28565099,51251,0,1153,12562.087262373,2026-02-22 17:56:39,1,bulk_download
8.5,58.9,51,40,18,17,11,5,25,4,26547336,49863,0,1161,12563.179404533,2026-02-22 17:56:40,1,bulk_download
7.6,58.9,51,40,18,17,11,5,25,4,25415971,44575,0,1036,12564.272091677,2026-02-22 17:56:41,1,bulk_download
10.6,58.9,51,40,18,17,11,5,25,4,22812058,35742,0,822,12565.367677791,2026-02-22 17:56:42,1,bulk_download
19.9,58.9,51,40,18,17,11,5,25,4,22756429,55863,0,824,12566.463217267,2026-02-22 17:56:43,1,bulk_download
16.7,58.8,51,40,18,17,11,5,25,4,22424459,48579,0,922,12567.560927537,2026-02-22 17:56:44,1,bulk_download
18.0,58.7,50,40,18,17,10,5,24,4,23156048,43901,0,1025,12568.659474007,2026-02-22 17:56:45,1,bulk_download
15.1,58.9,50,40,18,17,10,5,24,4,26623229,54418,0,1276,12569.754496783,2026-02-22 17:56:46,1,bulk_download
12.8,58.9,50,40,18,17,10,5,24,4,24695851,47670,0,1110,12570.849262387,2026-02-22 17:56:47,1,bulk_download
20.1,58.8,49,40,17,17,10,5,24,4,24094894,44100,0,1034,12571.951355182,2026-02-22 17:56:48,1,bulk_download
23.0,58.9,49,40,17,17,10,5,24,4,27033558,112147,0,1297,12573.047459608,2026-02-22 17:56:50,1,bulk_download
15.5,58.8,49,40,17,17,10,5,24,4,26969480,71328,0,1267,12574.142445225,2026-02-22 17:56:51,1,bulk_download
19.4,58.9,49,40,17,17,10,5,24,4,22756525,43343,0,995,12575.244025447,2026-02-22 17:56:52,1,bulk_download
17.8,59.0,49,40,17,17,10,5,24,4,25444077,65927,0,1184,12576.338955841,2026-02-22 17:56:53,1,bulk_download
15.5,58.9,49,37,17,17,10,5,24,4,24124305,50918,0,1173,12577.433591621,2026-02-22 17:56:54,1,bulk_download
23.7,59.2,49,37,17,17,10,5,24,4,28763798,57105,0,1186,12578.53104575,2026-02-22 17:56:55,1,bulk_download
24.5,59.2,49,37,17,17,10,5,24,4,24533808,46316,0,1070,12579.626375232,2026-02-22 17:56:56,1,bulk_download
20.2,59.1,49,37,16,17,11,5,24,4,24617112,66599,0,1165,12580.727604546,2026-02-22 17:56:57,1,bulk_download
21.2,59.1,49,37,15,17,12,5,24,4,27001157,54582,0,1275,12581.83050163,2026-02-22 17:56:58,1,bulk_download
20.7,59.2,49,37,15,17,12,5,24,4,26634815,54669,0,1292,12582.933226511,2026-02-22 17:56:59,1,bulk_download
24.4,59.0,49,37,15,17,12,5,24,4,29159828,56027,0,1342,12584.030801798,2026-02-22 17:57:01,1,bulk_download
22.8,59.1,49,37,13,17,14,5,24,4,28444765,57090,0,1326,12585.129040971,2026-02-22 17:57:02,1,bulk_download
22.0,59.1,49,37,13,17,14,5,24,4,23346669,48351,0,1073,12586.227082152,2026-02-22 17:57:03,1,bulk_download
18.4,59.0,49,37,13,17,14,5,24,4,32495046,64049,0,1462,12587.320681487,2026-02-22 17:57:04,0,normal
15.5,59.1,48,37,12,17,14,5,24,3,11920412,50921,0,688,12588.414764881,2026-02-22 17:57:05,0,normal
7.6,59.1,48,37,12,17,14,5,24,3,1035554,12051,0,156,12589.50841427,2026-02-22 17:57:06,0,normal
9.1,59.2,48,37,12,17,14,5,24,3,750572,9614,0,127,12590.600669723,2026-02-22 17:57:07,0,normal
11.2,59.0,48,37,12,17,14,5,24,3,758486,9801,0,128,12591.694557669,2026-02-22 17:57:08,0,normal
1.8,59.0,47,37,12,17,13,5,23,3,752279,16180,0,107,12592.786233463,2026-02-22 17:57:09,0,normal
4.2,59.0,47,37,12,17,13,5,23,3,980944,10083,0,132,12593.878787606,2026-02-22 17:57:10,0,normal
7.8,58.8,47,37,12,17,13,5,23,3,735937,7361,0,95,12594.973352052,2026-02-22 17:57:11,0,normal
7.9,58.8,48,37,12,17,13,5,24,3,665667,8052,4,103,12596.069312859,2026-02-22 17:57:13,0,normal
5.5,58.8,47,37,13,17,12,5,24,3,720096,23596,5,137,12597.162070394,2026-02-22 17:57:14,0,normal
8.1,58.7,48,37,14,17,12,5,25,3,148636,4642,0,41,12598.253065472,2026-02-22 17:57:15,0,normal
4.0,58.7,47,37,13,17,12,5,24,3,6025,3250,0,8,12599.345312259,2026-02-22 17:57:16,0,normal
6.1,58.7,45,37,13,17,10,5,23,3,0,0,0,0,12600.438949985,2026-02-22 17:57:17,0,normal
6.5,58.2,45,37,13,17,10,5,23,3,306,160,0,3,12601.531946449,2026-02-22 17:57:18,0,normal
3.6,58.2,45,37,13,17,10,5,23,3,1132,12203,0,12,12602.626988011,2026-02-22 17:57:19,0,normal
5.3,58.2,45,37,13,17,10,5,23,3,629,104,0,2,12603.718185819,2026-02-22 17:57:20,0,normal
13.9,58.1,45,37,13,17,10,5,23,3,6004,33361,0,31,12604.812457445,2026-02-22 17:57:21,0,normal
11.9,58.0,45,37,13,17,10,5,23,3,0,0,0,0,12605.910784393,2026-02-22 17:57:22,0,normal
10.8,58.0,45,37,13,17,10,5,23,3,0,0,0,0,12607.013503433,2026-02-22 17:57:24,0,normal
11.8,57.9,45,37,13,17,10,5,23,3,578,524,4,8,12608.108973298,2026-02-22 17:57:25,0,normal
11.5,57.9,45,37,13,17,10,5,23,3,584,8348,0,7,12609.200350513,2026-02-22 17:57:26,0,normal
13.5,58.0,45,37,13,17,10,5,23,3,1568,318,0,4,12610.289293019,2026-02-22 17:57:27,0,normal
10.6,58.1,45,37,13,17,10,5,23,3,181,194,0,2,12611.381410112,2026-02-22 17:57:28,0,normal
12.0,58.0,45,37,13,17,10,5,23,3,769,1584,4,8,12612.479341868,2026-02-22 17:57:29,0,normal
15.5,58.2,44,37,13,17,9,5,22,3,616,436,0,3,12613.57724471,2026-02-22 17:57:30,0,normal
13.3,58.3,44,37,13,17,9,5,22,3,1107,10273,0,12,12614.669795908,2026-02-22 17:57:31,0,normal
19.0,58.3,45,37,14,17,9,5,23,3,972,3104,0,7,12615.767024153,2026-02-22 17:57:32,0,normal
14.9,58.4,42,37,13,17,7,5,21,3,6302,3762,0,12,12616.860255337,2026-02-22 17:57:33,0,normal
13.5,58.5,42,37,13,17,7,5,21,3,0,0,0,0,12617.951496677,2026-02-22 17:57:34,0,normal
14.9,58.5,42,37,13,17,7,5,21,3,470,5450,0,7,12619.042844537,2026-02-22 17:57:36,0,normal
17.1,58.5,42,37,13,17,7,5,21,3,6378,3809,0,12,12620.14068402,2026-02-22 17:57:37,0,normal
10.9,58.6,39,37,13,17,4,5,18,3,1361,504,0,7,12621.23002306,2026-02-22 17:57:38,0,normal
9.8,58.5,40,37,14,17,4,5,19,3,1087,3859,0,11,12622.320148996,2026-02-22 17:57:39,0,normal
14.4,58.4,39,37,13,17,4,5,18,3,7335,13275,0,17,12623.410666658,2026-02-22 17:57:40,0,normal
13.7,58.4,39,37,13,17,4,5,18,3,0,0,0,0,12624.500911558,2026-02-22 17:57:41,0,normal
19.6,58.1,39,37,13,17,4,5,18,3,0,0,0,0,12625.593783899,2026-02-22 17:57:42,0,normal
14.8,58.2,39,37,12,17,5,5,18,3,280,232,0,4,12626.693804665,2026-02-22 17:57:43,0,normal
15.2,58.1,39,37,12,17,5,5,18,3,102,0,0,0,12627.787960955,2026-02-22 17:57:44,0,normal
12.2,58.1,39,37,12,17,5,5,18,3,102,52,0,1,12628.889059875,2026-02-22 17:57:45,0,normal
11.7,58.0,39,37,12,17,5,5,18,3,0,0,0,0,12629.978768428,2026-02-22 17:57:46,0,normal
11.9,58.1,40,37,12,17,5,5,19,3,6488,6688,0,16,12631.07518501,2026-02-22 17:57:48,0,normal
13.2,58.1,39,37,12,17,5,5,18,3,192,0,0,0,12632.165489142,2026-02-22 17:57:49,0,normal
13.7,58.1,39,37,12,17,5,5,18,3,228,80,0,1,12633.258667968,2026-02-22 17:57:50,0,normal
13.2,58.1,40,37,12,17,5,5,19,4,722,7045,0,8,12634.351073192,2026-02-22 17:57:51,0,normal
16.0,58.2,41,37,12,17,5,5,19,4,822,252,0,4,12635.448615196,2026-02-22 17:57:52,0,normal
13.2,58.3,42,37,12,17,5,5,20,4,8086,26219,0,34,12636.53970964,2026-02-22 17:57:53,0,normal
13.0,58.0,41,37,12,17,5,5,19,4,952,300,0,5,12637.629841408,2026-02-22 17:57:54,0,normal
12.1,58.0,44,37,13,17,5,5,20,4,5936,6817,0,19,12638.719461465,2026-02-22 17:57:55,0,normal
10.7,58.3,41,37,12,17,5,5,19,4,668,368,0,6,12639.821685686,2026-02-22 17:57:56,0,normal
20.3,57.9,39,37,12,17,5,5,18,3,1065,8834,0,13,12640.91320612,2026-02-22 17:57:57,0,normal
18.6,57.9,38,37,13,17,3,5,17,3,47279,5856,5,32,12642.005471702,2026-02-22 17:57:58,0,normal
13.8,58.0,38,37,13,17,3,5,17,3,28004,208,0,4,12643.09776183,2026-02-22 17:58:00,0,normal
11.5,57.9,38,37,13,17,3,5,17,3,0,0,0,0,12644.189510232,2026-02-22 17:58:01,0,normal
15.4,57.9,38,37,13,17,3,5,17,3,0,0,0,0,12645.290904265,2026-02-22 17:58:02,0,normal
17.8,57.8,37,37,13,17,1,5,17,3,6605,6792,0,18,12646.38420493,2026-02-22 17:58:03,0,normal
12.8,57.9,36,37,12,17,2,5,16,3,472,180,0,3,12647.47716763,2026-02-22 17:58:04,0,normal
11.6,58.0,37,37,13,17,2,5,17,3,6353,6952,0,18,12648.567055039,2026-02-22 17:58:05,0,normal
7.7,58.0,36,37,12,17,2,5,16,3,1066,180,0,3,12649.662343053,2026-02-22 17:58:06,0,normal
3.6,57.9,36,37,12,17,2,5,16,3,0,0,0,0,12650.751919299,2026-02-22 17:58:07,0,normal
9.2,57.8,36,37,12,17,2,5,16,3,0,0,0,0,12651.84450924,2026-02-22 17:58:08,0,normal
7.2,57.8,36,37,12,17,2,5,16,3,228,132,0,2,12652.935870826,2026-02-22 17:58:09,0,normal
5.6,57.7,36,37,12,17,2,5,16,3,141,143,0,2,12654.027605532,2026-02-22 17:58:11,0,normal
9.7,57.5,36,37,12,17,2,5,16,3,78,28,0,1,12655.126335185,2026-02-22 17:58:12,0,normal
2.8,57.5,36,37,12,17,2,5,16,3,229,81,0,1,12656.216036827,2026-02-22 17:58:13,0,normal
5.0,57.5,35,37,11,17,2,5,15,3,500,180,0,3,12657.306860774,2026-02-22 17:58:14,0,normal
11.5,57.4,36,37,12,17,2,5,16,3,5949,6022,0,14,12658.403166748,2026-02-22 17:58:15,0,normal
8.3,57.3,35,37,11,17,2,5,15,3,1328,353,0,5,12659.502697855,2026-02-22 17:58:16,0,normal
7.2,57.5,35,37,11,17,2,5,15,3,1862,6686,5,15,12660.59470369,2026-02-22 17:58:17,0,normal
7.3,57.5,36,37,11,17,2,5,16,3,7053,4097,0,16,12661.685505526,2026-02-22 17:58:18,0,normal
3.9,57.4,35,37,11,17,2,5,15,3,1541,1535,0,6,12662.775229739,2026-02-22 17:58:19,0,normal
7.0,57.5,35,41,11,17,2,5,16,4,0,0,0,0,12663.863886077,2026-02-22 17:58:20,0,normal
14.0,57.5,37,37,13,17,2,5,17,3,10280,11452,5,34,12664.956598888,2026-02-22 17:58:21,0,normal
6.6,57.5,37,37,13,17,2,5,17,3,5998,4281,0,10,12666.048856075,2026-02-22 17:58:23,0,normal
6.0,57.6,36,37,12,17,2,5,16,3,987,260,0,4,12667.136083642,2026-02-22 17:58:24,0,normal
5.4,57.6,36,37,12,17,2,5,16,3,6783,9327,0,19,12668.225903003,2026-02-22 17:58:25,0,normal
3.7,57.6,36,37,12,17,2,5,16,3,102,0,0,0,12669.317969962,2026-02-22 17:58:26,0,normal
7.0,57.6,37,37,13,17,2,5,17,3,5820,11647,0,17,12670.406954718,2026-02-22 17:58:27,0,normal
5.5,57.7,36,37,12,17,2,5,16,3,2360,6960,0,10,12671.500995752,2026-02-22 17:58:28,0,normal
5.8,56.6,33,37,13,13,2,5,16,4,4790,1304,0,28,12672.595101858,2026-02-22 17:58:29,1,tcp_connection_flood
6.4,56.3,32,35,8,13,4,5,16,5,-666944,-295793,-496,-667,12673.688313897,2026-02-22 17:58:30,1,tcp_connection_flood
7.7,56.4,33,27,9,13,4,5,14,6,12140,5495,2,84,12674.780970863,2026-02-22 17:58:31,1,tcp_connection_flood
2.6,56.3,32,27,10,13,4,5,14,5,6960,1880,0,41,12675.875647882,2026-02-22 17:58:32,1,tcp_connection_flood
6.9,56.6,33,27,9,13,4,5,14,6,7656,2024,0,44,12676.967832963,2026-02-22 17:58:33,1,tcp_connection_flood
2.5,56.6,32,27,10,13,4,5,14,5,8352,2248,0,49,12678.058138818,2026-02-22 17:58:35,1,tcp_connection_flood
5.6,56.4,32,27,10,13,4,5,14,5,7140,5292,0,46,12679.149691232,2026-02-22 17:58:36,1,tcp_connection_flood
9.6,56.4,32,27,10,13,4,5,14,5,6444,5136,0,43,12680.239840642,2026-02-22 17:58:37,1,tcp_connection_flood
5.8,56.3,33,27,9,13,4,5,14,6,7200,1920,0,41,12681.332097288,2026-02-22 17:58:38,1,tcp_connection_flood
5.9,56.5,34,27,11,13,4,5,16,5,13969,6018,0,56,12682.426621169,2026-02-22 17:58:39,1,tcp_connection_flood
5.4,56.5,34,27,10,13,4,5,15,6,31212,14251,0,86,12683.518981298,2026-02-22 17:58:40,1,tcp_connection_flood
10.5,56.5,39,27,14,13,4,5,16,5,44472,29690,0,126,12684.609012668,2026-02-22 17:58:41,1,tcp_connection_flood
5.7,56.5,36,27,12,13,4,5,15,6,4662174,56566,0,922,12685.699814533,2026-02-22 17:58:42,1,tcp_connection_flood
5.7,56.5,35,27,13,13,4,5,15,5,11080498,83232,0,1605,12686.79365989,2026-02-22 17:58:43,1,tcp_connection_flood
7.4,56.5,36,27,13,13,5,5,16,5,9539195,67627,0,1255,12687.885882191,2026-02-22 17:58:44,1,tcp_connection_flood
10.0,56.4,37,27,13,13,5,5,17,5,11355138,92217,0,1657,12688.975521315,2026-02-22 17:58:45,1,tcp_connection_flood
7.1,56.5,36,27,13,13,5,5,16,5,9145905,69957,0,1306,12690.067135005,2026-02-22 17:58:47,1,tcp_connection_flood
11.9,56.3,36,27,12,13,4,5,15,6,10167464,64019,0,1206,12691.158043099,2026-02-22 17:58:48,1,tcp_connection_flood
5.7,56.4,35,27,13,13,4,5,15,5,14779000,82056,0,1584,12692.250734641,2026-02-22 17:58:49,1,tcp_connection_flood
14.9,56.7,34,27,12,13,4,5,15,5,10770643,62663,0,1203,12693.342024312,2026-02-22 17:58:50,1,tcp_connection_flood
7.8,56.9,34,27,12,13,4,5,15,5,8462446,47008,0,898,12694.432263832,2026-02-22 17:58:51,1,tcp_connection_flood
7.1,56.8,34,27,12,13,4,5,15,5,11686114,61848,0,1194,12695.523586054,2026-02-22 17:58:52,1,tcp_connection_flood
4.4,56.9,34,27,12,13,4,5,15,5,11061136,57812,0,1109,12696.612995928,2026-02-22 17:58:53,1,tcp_connection_flood
7.0,56.7,34,27,12,13,4,5,15,5,12372950,66137,0,1253,12697.701700557,2026-02-22 17:58:54,1,tcp_connection_flood
8.7,56.6,34,27,12,13,4,5,15,5,11322956,57992,0,1109,12698.793483083,2026-02-22 17:58:55,1,tcp_connection_flood
5.0,56.5,34,27,12,13,4,5,15,5,9801498,50528,0,974,12699.885260128,2026-02-22 17:58:56,1,tcp_connection_flood
8.6,56.4,35,28,13,13,4,5,16,5,12554304,79369,0,1216,12700.975518384,2026-02-22 17:58:57,1,tcp_connection_flood
7.8,56.4,36,28,12,13,4,5,16,6,13174705,72817,0,1290,12702.067722692,2026-02-22 17:58:59,1,tcp_connection_flood
11.8,56.5,38,29,14,13,5,5,16,5,14928889,81866,0,1407,12703.160978251,2026-02-22 17:59:00,1,tcp_connection_flood
8.9,56.5,41,29,15,13,5,5,16,7,11583524,64377,0,1129,12704.250210712,2026-02-22 17:59:01,1,tcp_connection_flood
8.5,56.6,39,29,16,13,5,5,16,6,12523854,65811,0,1236,12705.348489218,2026-02-22 17:59:02,1,tcp_connection_flood
10.0,56.7,40,29,15,13,5,5,16,7,9061860,51372,0,975,12706.439878997,2026-02-22 17:59:03,1,tcp_connection_flood
12.6,56.7,38,29,16,13,4,5,15,6,9421972,50181,0,937,12707.532154598,2026-02-22 17:59:04,1,tcp_connection_flood
9.6,56.7,38,29,16,13,4,5,15,6,9747871,59208,0,1143,12708.624376388,2026-02-22 17:59:05,1,tcp_connection_flood
9.3,56.7,39,29,15,13,4,5,15,7,7823590,44933,0,858,12709.716228194,2026-02-22 17:59:06,1,tcp_connection_flood
5.6,56.7,38,29,15,13,4,5,15,6,9099303,56087,2,1023,12710.807162928,2026-02-22 17:59:07,1,tcp_connection_flood
9.0,56.7,38,29,16,13,4,5,15,6,9809186,55868,0,1067,12711.898346139,2026-02-22 17:59:08,1,tcp_connection_flood
12.5,56.6,38,29,16,13,4,5,15,6,9320888,52156,0,1008,12712.990773585,2026-02-22 17:59:09,1,tcp_connection_flood
7.8,56.6,38,29,16,13,4,5,15,6,9910662,55340,0,1070,12714.080904872,2026-02-22 17:59:11,1,tcp_connection_flood
20.9,56.5,38,29,16,13,4,5,15,6,9787169,69085,0,997,12715.171183996,2026-02-22 17:59:12,1,tcp_connection_flood
13.1,56.5,38,29,16,13,4,5,15,6,8890426,55450,0,895,12716.266974163,2026-02-22 17:59:13,1,tcp_connection_flood
14.2,56.5,39,29,15,13,4,5,15,7,10297384,57328,0,1108,12717.361429174,2026-02-22 17:59:14,1,tcp_connection_flood
13.4,56.6,40,29,16,13,4,5,16,7,7603464,41201,0,761,12718.452411668,2026-02-22 17:59:15,1,tcp_connection_flood
16.1,56.7,38,29,16,13,4,5,15,6,11207665,60957,0,1050,12719.543375317,2026-02-22 17:59:16,1,tcp_connection_flood
16.1,56.8,38,29,16,13,4,5,15,6,9038826,54870,0,887,12720.634908715,2026-02-22 17:59:17,1,tcp_connection_flood
15.9,56.7,38,29,16,13,4,5,15,6,13017715,74403,0,1435,12721.726262816,2026-02-22 17:59:18,1,tcp_connection_flood
15.0,56.8,38,29,16,13,4,5,15,6,12063082,65696,0,1265,12722.82556822,2026-02-22 17:59:19,1,tcp_connection_flood
12.2,56.8,39,29,15,13,4,5,15,7,11783418,60316,0,1156,12723.916413566,2026-02-22 17:59:20,1,tcp_connection_flood
32.9,57.3,37,29,15,13,4,5,15,6,11853756,51207,0,989,12725.008626871,2026-02-22 17:59:21,1,tcp_connection_flood
21.4,57.3,37,29,15,13,4,5,15,6,13959911,61712,0,1024,12726.110714536,2026-02-22 17:59:23,1,tcp_connection_flood
12.2,57.3,37,29,15,13,4,5,15,6,12331620,44624,0,863,12727.205412493,2026-02-22 17:59:24,1,tcp_connection_flood
13.4,57.2,37,29,14,13,4,5,15,6,15303322,56480,0,1091,12728.298532408,2026-02-22 17:59:25,1,tcp_connection_flood
19.5,57.3,37,29,15,13,4,5,15,6,13434217,88089,0,932,12729.397901291,2026-02-22 17:59:26,1,tcp_connection_flood
22.6,57.0,37,29,15,13,4,5,15,6,12137606,75686,0,856,12730.501204837,2026-02-22 17:59:27,1,tcp_connection_flood
21.8,56.9,37,29,15,13,4,5,15,6,16841931,61717,0,1185,12731.601240391,2026-02-22 17:59:28,1,tcp_connection_flood
19.3,56.9,37,29,15,13,4,5,15,6,14773095,71038,0,1052,12732.694820641,2026-02-22 17:59:29,1,tcp_connection_flood
21.6,56.9,37,29,15,13,4,5,15,6,12207099,43300,0,811,12733.789122544,2026-02-22 17:59:30,1,tcp_connection_flood
25.3,57.0,37,28,15,13,4,5,15,6,19518631,72465,0,1385,12734.892142779,2026-02-22 17:59:31,1,tcp_connection_flood
20.3,57.0,35,28,15,13,2,5,13,6,6291294,24970,0,463,12735.989491741,2026-02-22 17:59:32,1,tcp_connection_flood
18.8,57.0,35,28,15,13,2,5,13,6,12064048,66505,0,965,12737.089956621,2026-02-22 17:59:34,1,tcp_connection_flood
20.7,57.1,36,28,16,13,2,5,14,6,9261360,35694,0,667,12738.185284881,2026-02-22 17:59:35,1,tcp_connection_flood
22.2,57.0,35,28,15,13,2,5,13,6,9101636,37660,0,695,12739.281034401,2026-02-22 17:59:36,1,tcp_connection_flood
21.0,57.0,35,28,15,13,2,5,13,6,9208516,39037,0,749,12740.377248393,2026-02-22 17:59:37,1,tcp_connection_flood
18.9,57.0,37,28,16,13,2,5,14,6,10900775,49740,5,904,12741.478204184,2026-02-22 17:59:38,1,tcp_connection_flood
18.1,57.0,37,28,17,13,2,5,14,6,10702140,52122,0,824,12742.572090878,2026-02-22 17:59:39,1,tcp_connection_flood
18.3,57.0,38,28,16,13,2,5,14,7,11420971,45378,0,870,12743.66750555,2026-02-22 17:59:40,1,tcp_connection_flood
19.3,57.0,38,28,16,13,2,5,14,7,9871700,56408,0,777,12744.762866832,2026-02-22 17:59:41,1,tcp_connection_flood
17.0,57.0,37,28,17,13,2,5,14,6,13021480,49063,0,930,12745.856887057,2026-02-22 17:59:42,1,tcp_connection_flood
17.1,57.1,37,28,17,13,2,5,14,6,9968197,47190,0,721,12746.965183113,2026-02-22 17:59:43,1,tcp_connection_flood
12.5,57.0,36,28,17,13,1,5,13,6,10815397,42973,0,825,12748.059951152,2026-02-22 17:59:45,1,tcp_connection_flood
14.7,56.9,37,28,16,13,1,5,13,7,10726228,40873,0,784,12749.151352953,2026-02-22 17:59:46,1,tcp_connection_flood
13.2,57.1,36,28,17,13,1,5,13,6,14380250,49556,0,950,12750.244251683,2026-02-22 17:59:47,1,tcp_connection_flood
13.5,57.1,37,28,16,13,1,5,13,7,8713619,42692,0,660,12751.337178646,2026-02-22 17:59:48,1,tcp_connection_flood
14.3,56.9,36,28,17,13,1,5,13,6,10821118,42716,0,824,12752.433017595,2026-02-22 17:59:49,1,tcp_connection_flood
14.3,56.8,36,30,17,13,1,5,14,7,14407315,52768,0,1020,12753.533136916,2026-02-22 17:59:50,1,tcp_connection_flood
29.8,57.0,36,28,16,13,1,5,13,6,16787877,80371,2,1240,12754.634752485,2026-02-22 17:59:51,1,tcp_connection_flood
16.1,56.9,36,28,17,13,1,5,13,6,17063466,60992,0,1178,12755.727261453,2026-02-22 17:59:52,1,tcp_connection_flood
11.9,56.9,37,28,16,13,1,5,13,7,14352628,65657,0,1079,12756.823080946,2026-02-22 17:59:53,1,tcp_connection_flood
22.3,57.1,36,28,17,13,1,5,13,6,13889234,123309,0,1040,12757.920699303,2026-02-22 17:59:54,1,tcp_connection_flood
16.7,57.3,35,28,16,13,1,5,13,5,15808457,67878,0,1097,12759.017669384,2026-02-22 17:59:56,0,normal
18.5,57.6,35,28,16,13,1,5,13,5,15401657,54379,0,1045,12760.11098666,2026-02-22 17:59:57,0,normal
15.8,57.6,35,28,16,13,1,5,13,5,13863078,81280,0,945,12761.210480437,2026-02-22 17:59:58,0,normal
12.2,57.6,35,28,16,13,1,5,13,5,11016366,39162,0,750,12762.302997993,2026-02-22 17:59:59,0,normal
8.8,57.9,35,28,16,13,1,5,13,5,12396838,63942,0,918,12763.394145978,2026-02-22 18:00:00,0,normal
20.4,57.7,34,28,16,13,0,5,13,5,13140446,49141,0,943,12764.486377917,2026-02-22 18:00:01,0,normal
14.3,57.8,34,28,16,13,0,5,13,5,15091760,51790,0,993,12765.579299351,2026-02-22 18:00:02,0,normal
15.8,57.7,38,28,18,13,0,5,15,5,12513459,55530,4,900,12766.674713692,2026-02-22 18:00:03,0,normal
14.7,57.9,38,28,19,13,1,5,15,5,15553626,85774,0,1156,12767.768626636,2026-02-22 18:00:04,0,normal
14.0,57.8,38,28,19,13,1,5,15,5,14729343,53060,0,1007,12768.864515598,2026-02-22 18:00:05,0,normal
21.9,58.5,39,29,20,13,1,5,16,5,18328760,75101,4,1278,12769.961187299,2026-02-22 18:00:06,0,normal
25.4,59.3,42,33,23,13,1,5,18,6,15033230,83426,4,1036,12771.057362828,2026-02-22 18:00:08,0,normal
21.0,58.9,44,33,25,13,1,5,19,5,9683380,90088,4,759,12772.156388898,2026-02-22 18:00:09,0,normal
31.5,60.0,46,36,27,13,1,5,21,5,13658743,154937,4,1303,12773.254456759,2026-02-22 18:00:10,0,normal
23.2,60.9,47,37,27,13,1,5,22,5,11571795,61690,2,950,12774.359065897,2026-02-22 18:00:11,0,normal
36.4,61.6,48,38,29,13,1,5,23,5,15152048,119599,2,1256,12775.471617599,2026-02-22 18:00:12,0,normal
29.3,61.8,50,42,31,13,1,5,26,6,12528826,100950,3,976,12776.570971955,2026-02-22 18:00:13,0,normal
21.1,61.8,53,44,30,13,4,5,27,6,12514440,81378,3,1046,12777.666654289,2026-02-22 18:00:14,0,normal
36.0,62.1,55,46,32,13,5,5,29,5,13090806,105360,8,1118,12778.770020203,2026-02-22 18:00:15,0,normal
29.8,61.6,65,46,35,13,6,5,32,5,17908857,131085,10,1472,12779.883040555,2026-02-22 18:00:16,0,normal
22.8,61.8,65,45,35,13,12,5,32,5,11275565,61271,0,1098,12780.980580135,2026-02-22 18:00:17,0,normal
35.8,61.9,69,47,38,13,13,5,34,5,11807716,94320,4,1084,12782.086389494,2026-02-22 18:00:19,0,normal
26.7,62.5,70,46,39,13,13,5,35,5,11360485,49842,0,877,12783.188731667,2026-02-22 18:00:20,0,normal
25.0,63.3,71,47,40,13,13,5,36,5,16696214,93803,2,1315,12784.292466463,2026-02-22 18:00:21,0,normal
18.7,63.6,73,46,42,13,13,5,38,5,14294750,62323,2,1074,12785.393032242,2026-02-22 18:00:22,0,normal
20.1,63.1,73,46,42,13,13,5,38,5,11365648,39080,0,665,12786.492840439,2026-02-22 18:00:23,0,normal
26.2,63.3,73,46,42,13,13,5,38,5,13791560,80581,2,1081,12787.591574681,2026-02-22 18:00:24,0,normal
25.6,63.3,74,48,43,13,13,5,39,5,7671467,86510,2,657,12788.688337493,2026-02-22 18:00:25,0,normal
17.4,63.3,74,47,41,13,15,5,39,5,13915233,52653,0,949,12789.789075806,2026-02-22 18:00:26,0,normal
16.7,62.5,74,48,40,13,16,5,39,5,14053215,63304,0,950,12790.88755572,2026-02-22 18:00:27,0,normal
15.3,62.3,74,47,40,13,16,5,39,5,10746756,40986,0,680,12791.983987361,2026-02-22 18:00:28,0,normal
12.6,61.9,74,47,40,13,16,5,39,5,8365585,50865,0,613,12793.086066571,2026-02-22 18:00:30,0,normal
17.4,62.0,74,47,40,13,16,5,39,5,10937059,61864,0,827,12794.184841138,2026-02-22 18:00:31,0,normal
24.4,60.0,73,47,39,13,16,5,38,5,12942943,46035,0,877,12795.284364641,2026-02-22 18:00:32,0,normal
18.4,59.9,73,47,39,13,16,5,38,5,11764241,44837,0,808,12796.387909091,2026-02-22 18:00:33,0,normal
13.4,60.0,73,47,39,13,16,5,38,5,7031793,23655,0,410,12797.493010362,2026-02-22 18:00:34,0,normal
15.6,60.1,73,47,39,13,16,5,38,5,14229328,53589,0,962,12798.590853732,2026-02-22 18:00:35,0,normal
13.6,60.1,73,47,39,13,16,5,38,5,9660211,38393,0,689,12799.690255496,2026-02-22 18:00:36,0,normal
9.9,60.0,73,47,38,13,16,5,38,5,10928941,47076,0,829,12800.784926652,2026-02-22 18:00:37,0,normal
14.3,60.0,73,47,38,13,17,5,38,5,7069244,26530,0,385,12801.881184977,2026-02-22 18:00:38,0,normal
18.1,60.3,73,45,38,13,17,5,38,5,10068052,42356,0,758,12802.978877254,2026-02-22 18:00:39,0,normal
15.4,60.0,73,45,38,13,17,5,38,5,6678519,28078,0,531,12804.077168825,2026-02-22 18:00:41,0,normal
15.5,59.9,73,43,38,13,17,5,38,5,6220424,27051,0,507,12805.172232378,2026-02-22 18:00:42,0,normal
13.0,59.9,73,42,38,13,17,5,38,5,8094348,42146,4,627,12806.270040874,2026-02-22 18:00:43,0,normal
8.4,59.9,73,38,38,13,17,5,38,5,5990265,28680,0,488,12807.36656053,2026-02-22 18:00:44,0,normal
9.8,60.0,73,38,38,13,17,5,38,5,6021232,27842,8,513,12808.467326274,2026-02-22 18:00:45,0,normal
17.7,60.2,73,34,38,13,17,5,38,5,6875877,29571,0,504,12809.565122014,2026-02-22 18:00:46,0,normal
13.1,60.1,73,34,38,13,17,5,38,5,8587358,37204,0,707,12810.665348146,2026-02-22 18:00:47,0,normal
10.2,60.1,73,32,38,13,17,5,38,5,5601851,29114,0,453,12811.762391253,2026-02-22 18:00:48,0,normal
12.1,59.9,73,31,38,13,17,5,38,5,7500181,36679,0,647,12812.860460417,2026-02-22 18:00:49,0,normal
13.8,60.0,74,30,38,13,17,5,39,5,8630304,42399,0,759,12813.95591871,2026-02-22 18:00:50,0,normal
11.6,59.9,74,30,38,13,17,5,39,5,7293333,32571,0,618,12815.051425605,2026-02-22 18:00:52,0,normal
11.4,59.8,74,30,38,13,17,5,39,5,7043248,41775,0,645,12816.149694413,2026-02-22 18:00:53,0,normal
10.1,59.9,73,30,38,13,17,5,38,5,7278883,46748,0,684,12817.245307909,2026-02-22 18:00:54,0,normal
11.7,59.8,73,30,38,13,17,5,38,5,7883335,38466,0,683,12818.339302255,2026-02-22 18:00:55,0,normal
12.0,59.9,73,29,38,13,17,5,38,5,8308671,40642,0,772,12819.433172679,2026-02-22 18:00:56,0,normal
14.7,59.2,75,29,38,13,17,5,39,5,8872641,42540,0,733,12820.528822573,2026-02-22 18:00:57,0,normal
14.5,59.2,75,29,38,13,17,5,39,5,9915722,48813,0,808,12821.62453272,2026-02-22 18:00:58,0,normal
9.2,59.2,75,29,38,13,17,5,39,5,7131768,34739,0,614,12822.721263511,2026-02-22 18:00:59,0,normal
10.3,59.2,73,29,38,13,17,5,38,5,8709943,35654,0,680,12823.815691742,2026-02-22 18:01:00,0,normal
10.8,59.2,73,30,38,13,17,5,38,6,9944140,40216,0,718,12824.91221772,2026-02-22 18:01:01,0,normal
8.8,59.4,73,29,38,13,17,5,38,5,9622731,54794,0,729,12826.00796692,2026-02-22 18:01:02,0,normal
8.0,59.4,73,29,38,13,17,5,38,5,8680693,41928,0,639,12827.101917024,2026-02-22 18:01:04,0,normal
8.0,59.4,73,29,38,13,17,5,38,5,8065235,34091,0,599,12828.19746708,2026-02-22 18:01:05,0,normal
13.4,59.4,73,29,38,13,17,5,38,5,8838927,40131,0,613,12829.289294169,2026-02-22 18:01:06,0,normal
12.9,59.2,72,29,38,13,16,5,38,5,13006862,49377,0,895,12830.385124071,2026-02-22 18:01:07,0,normal
15.2,59.1,72,29,38,13,16,5,38,5,11212582,41427,0,789,12831.483329942,2026-02-22 18:01:08,0,normal
9.7,59.3,72,29,38,13,16,5,38,5,11237455,41856,0,704,12832.581549879,2026-02-22 18:01:09,0,normal
8.7,59.2,72,29,38,13,16,5,38,5,9555675,34569,0,657,12833.677404206,2026-02-22 18:01:10,0,normal
10.1,59.4,72,29,38,13,16,5,38,5,12295184,49722,0,900,12834.770377827,2026-02-22 18:01:11,0,normal
8.6,59.3,72,29,38,13,16,5,38,5,10981079,40018,0,760,12835.864961079,2026-02-22 18:01:12,0,normal
13.5,59.1,72,29,38,13,16,5,38,5,14226792,64170,0,1052,12836.9683521,2026-02-22 18:01:13,0,normal
12.2,59.2,69,29,38,13,13,5,36,5,9908073,39266,0,697,12838.072422617,2026-02-22 18:01:15,0,normal
13.4,59.0,69,29,38,13,13,5,36,5,10813558,39454,0,750,12839.171119388,2026-02-22 18:01:16,0,normal
18.1,59.3,69,29,38,13,13,5,36,5,10075618,40641,0,727,12840.270739132,2026-02-22 18:01:17,0,normal
13.2,59.3,69,29,38,13,13,5,36,5,9837358,35250,0,649,12841.366042616,2026-02-22 18:01:18,0,normal
11.8,59.3,60,29,38,13,4,5,34,5,13784547,55428,4,1010,12842.459104734,2026-02-22 18:01:19,0,normal
16.4,59.3,60,29,38,13,4,5,34,5,11635744,40396,0,759,12843.555583282,2026-02-22 18:01:20,1,udp_flood
16.9,59.2,60,29,38,13,4,5,34,5,14335079,50400,0,902,12844.652904742,2026-02-22 18:01:21,1,udp_flood
20.7,58.8,60,29,38,13,4,5,34,5,11635592,44724,0,853,12845.747696094,2026-02-22 18:01:22,1,udp_flood
17.9,58.6,60,29,38,13,4,5,34,5,13814076,55153,0,1004,12846.845311587,2026-02-22 18:01:23,1,udp_flood
21.3,58.5,60,29,38,13,4,5,34,5,16012107,79185,0,1161,12847.941228742,2026-02-22 18:01:24,1,udp_flood
19.1,58.5,60,29,38,13,4,5,34,5,10912232,48294,0,735,12849.037337647,2026-02-22 18:01:26,1,udp_flood
20.4,58.6,60,29,38,13,4,5,34,5,16003965,59906,0,1095,12850.136020344,2026-02-22 18:01:27,1,udp_flood
29.1,58.7,58,29,38,13,2,5,33,4,18136799,86061,0,1203,12851.241027448,2026-02-22 18:01:28,1,udp_flood
21.1,58.7,58,29,38,13,2,5,33,4,9589133,33203,0,617,12852.337523389,2026-02-22 18:01:29,1,udp_flood
11.3,58.7,58,29,38,13,2,5,33,4,8313254,27921,0,418,12853.430626853,2026-02-22 18:01:30,1,udp_flood
11.7,58.8,57,29,38,13,1,5,32,4,7763806,25765,0,478,12854.528436069,2026-02-22 18:01:31,1,udp_flood
15.9,58.8,57,29,38,13,1,5,32,4,9467880,43697,0,782,12855.626304225,2026-02-22 18:01:32,1,udp_flood
10.7,58.8,57,29,38,13,1,5,32,4,5417126,22585,0,399,12856.722341155,2026-02-22 18:01:33,1,udp_flood
14.2,58.7,57,29,38,13,1,5,32,4,9575282,82156,5,829,12857.816768594,2026-02-22 18:01:34,1,udp_flood
9.9,58.3,57,29,38,13,1,5,32,4,7029953,28548,0,484,12858.914495997,2026-02-22 18:01:35,1,udp_flood
21.4,58.2,57,29,38,13,1,5,32,4,9876632,37896,0,720,12860.014421694,2026-02-22 18:01:37,1,udp_flood
15.7,58.0,57,29,38,13,1,5,32,4,13870496,60760,0,981,12861.108797316,2026-02-22 18:01:38,1,udp_flood
10.6,58.0,57,29,38,13,1,5,32,4,13455391,51913,0,943,12862.206809162,2026-02-22 18:01:39,1,udp_flood
8.8,58.1,56,29,38,13,0,5,31,4,13923108,47425,0,891,12863.303754997,2026-02-22 18:01:40,1,udp_flood
22.1,58.2,55,29,37,13,0,5,31,4,13744070,51836,0,941,12864.40546344,2026-02-22 18:01:41,1,udp_flood
10.0,58.0,55,29,37,13,0,5,31,4,10158730,30760,0,554,12865.501245962,2026-02-22 18:01:42,1,udp_flood
16.0,58.0,55,29,37,13,0,5,31,4,14883592,66344,0,916,12866.597587374,2026-02-22 18:01:43,1,udp_flood
7.3,58.1,55,29,37,13,0,5,31,4,12753336,42583,0,813,12867.695022076,2026-02-22 18:01:44,1,udp_flood
8.7,58.2,55,29,37,13,0,5,31,4,12414172,40289,0,711,12868.788766584,2026-02-22 18:01:45,1,udp_flood
11.9,58.1,55,29,37,13,0,5,31,4,12815842,48641,0,927,12869.891395655,2026-02-22 18:01:46,1,udp_flood
6.8,58.1,56,30,38,13,0,5,32,4,8174153,53623,0,612,12870.988164368,2026-02-22 18:01:47,1,udp_flood
6.7,58.1,55,30,36,13,1,5,31,4,11458977,49408,0,878,12872.084584597,2026-02-22 18:01:49,1,udp_flood
10.6,58.1,55,29,36,13,1,5,31,4,12484572,49249,0,903,12873.179297051,2026-02-22 18:01:50,1,udp_flood
8.1,58.0,53,30,34,13,1,5,31,4,11407144,50583,0,862,12874.273823145,2026-02-22 18:01:51,1,udp_flood
8.0,58.1,52,29,33,13,1,5,31,3,11407351,50839,0,966,12875.367991789,2026-02-22 18:01:52,1,udp_flood
8.7,58.1,52,29,33,13,1,5,31,3,11836021,50965,0,926,12876.460780853,2026-02-22 18:01:53,1,udp_flood
5.3,58.1,52,29,33,13,1,5,31,3,12579356,50967,0,973,12877.561739279,2026-02-22 18:01:54,1,udp_flood
9.7,58.1,52,29,33,13,1,5,31,3,10737555,44588,0,803,12878.656706171,2026-02-22 18:01:55,0,normal
12.8,58.1,52,29,33,13,1,5,31,3,13848152,54366,0,1038,12879.750180061,2026-02-22 18:01:56,0,normal
7.1,58.1,52,29,33,13,1,5,31,3,12379151,59800,0,926,12880.843323651,2026-02-22 18:01:57,0,normal
13.3,58.1,52,29,33,13,1,5,31,3,9025485,44665,0,682,12881.941620531,2026-02-22 18:01:58,0,normal
7.0,58.0,52,29,33,13,1,5,31,3,13078939,51184,0,974,12883.034687057,2026-02-22 18:02:00,0,normal
6.8,58.0,52,29,33,13,1,5,31,3,13584994,54361,0,991,12884.127901289,2026-02-22 18:02:01,0,normal
9.7,58.0,52,29,33,13,1,5,31,3,11512473,43600,0,830,12885.225352584,2026-02-22 18:02:02,0,normal
9.4,58.0,52,29,32,13,2,5,31,3,14465486,67633,0,1010,12886.318974912,2026-02-22 18:02:03,0,normal
7.9,57.9,52,29,32,13,2,5,31,3,13667226,51138,0,974,12887.413475629,2026-02-22 18:02:04,0,normal
12.1,57.9,52,29,32,13,2,5,31,3,12512898,49556,0,896,12888.507889953,2026-02-22 18:02:05,0,normal
13.8,58.0,52,29,32,13,2,5,31,3,13130344,66521,0,961,12889.604048942,2026-02-22 18:02:06,0,normal
6.4,57.9,52,29,32,13,2,5,31,3,8385979,41748,0,570,12890.69637684,2026-02-22 18:02:07,0,normal
6.4,58.0,52,29,32,13,2,5,31,3,7164529,29605,0,564,12891.791117237,2026-02-22 18:02:08,0,normal
10.9,58.0,52,29,32,13,2,5,31,3,11226538,48827,0,880,12892.886176993,2026-02-22 18:02:09,0,normal
10.1,58.0,52,29,32,13,2,5,31,3,12506392,47490,0,908,12893.977215652,2026-02-22 18:02:10,0,normal
17.6,58.0,52,29,32,13,2,5,31,3,12319188,91515,0,915,12895.071932385,2026-02-22 18:02:12,0,normal
21.7,58.7,52,29,32,13,2,5,31,3,15826664,84259,0,1005,12896.173469947,2026-02-22 18:02:13,0,normal
20.4,58.8,52,29,32,13,2,5,31,3,13091312,56395,0,919,12897.28048557,2026-02-22 18:02:14,0,normal
17.5,58.8,52,29,32,13,2,5,31,3,12650794,66781,0,915,12898.381573209,2026-02-22 18:02:15,0,normal
16.7,58.9,52,29,32,13,2,5,31,3,8001052,29718,0,548,12899.475999957,2026-02-22 18:02:16,0,normal
9.8,58.9,52,29,32,13,2,5,31,3,10789399,44971,0,794,12900.568604765,2026-02-22 18:02:17,0,normal
9.8,58.9,52,29,32,13,2,5,31,3,8708318,38035,0,696,12901.663438236,2026-02-22 18:02:18,0,normal
17.9,58.8,52,29,31,13,2,5,31,3,13394650,71361,0,1002,12902.756709125,2026-02-22 18:02:19,0,normal
13.8,58.8,52,29,31,13,3,5,31,3,9300754,33540,0,635,12903.850985942,2026-02-22 18:02:20,0,normal
14.4,58.9,52,29,31,13,3,5,31,3,11055712,47920,0,865,12904.945587468,2026-02-22 18:02:21,0,normal
13.7,58.9,52,29,31,13,3,5,31,3,11423063,46965,0,839,12906.046689944,2026-02-22 18:02:23,0,normal
14.6,58.7,52,29,31,13,3,5,31,3,9785873,37443,0,692,12907.140569685,2026-02-22 18:02:24,0,normal
15.6,58.6,52,29,31,13,3,5,31,3,12854420,50976,0,924,12908.240125498,2026-02-22 18:02:25,0,normal
10.8,58.7,52,29,31,13,3,5,31,3,12962694,46310,0,882,12909.338100996,2026-02-22 18:02:26,0,normal
10.6,58.7,52,29,31,13,3,5,31,3,11036974,40229,0,717,12910.433720542,2026-02-22 18:02:27,0,normal
17.9,58.7,52,29,31,13,3,5,31,3,14689135,73245,0,1087,12911.527825596,2026-02-22 18:02:28,0,normal
12.8,58.7,52,29,31,13,3,5,31,3,8340497,38549,0,520,12912.625497384,2026-02-22 18:02:29,0,normal
17.5,58.8,52,29,31,13,3,5,31,3,13450645,49248,0,940,12913.721369244,2026-02-22 18:02:30,0,normal
20.1,58.7,52,29,30,13,4,5,31,3,7611667,29310,4,478,12914.819476799,2026-02-22 18:02:31,0,normal
13.0,58.8,52,29,30,13,4,5,31,3,13911187,50192,0,943,12915.9184659,2026-02-22 18:02:32,0,normal
18.8,58.5,52,29,30,13,4,5,31,3,14584751,55471,0,1008,12917.015452502,2026-02-22 18:02:34,0,normal
22.4,58.6,52,29,30,13,4,5,31,3,14730888,90029,0,1063,12918.109171331,2026-02-22 18:02:35,0,normal
21.6,58.5,52,29,30,13,4,5,31,3,13708176,49555,0,939,12919.207165363,2026-02-22 18:02:36,0,normal
20.0,58.5,52,29,30,13,4,5,31,3,11264571,45552,0,819,12920.306955978,2026-02-22 18:02:37,0,normal
19.2,58.8,51,29,29,13,4,5,30,3,10179914,39962,0,707,12921.404828492,2026-02-22 18:02:38,0,normal
17.6,58.7,51,29,29,13,4,5,30,3,9702467,39417,0,697,12922.504451742,2026-02-22 18:02:39,0,normal
15.6,58.8,51,29,29,13,4,5,30,3,6939933,23789,0,432,12923.604149532,2026-02-22 18:02:40,0,normal
19.7,58.6,51,29,29,13,4,5,30,3,10080603,46259,0,628,12924.700934846,2026-02-22 18:02:41,0,normal
20.0,58.7,51,29,29,13,4,5,30,3,13460583,51081,0,968,12925.798200843,2026-02-22 18:02:42,0,normal
19.0,58.7,51,29,29,13,4,5,30,3,7574137,29674,0,506,12926.894553625,2026-02-22 18:02:43,0,normal
19.5,58.8,51,29,29,13,4,5,30,3,5412003,42065,0,307,12927.990374049,2026-02-22 18:02:44,0,normal
16.8,58.7,51,29,29,13,4,5,30,3,13732090,54249,0,975,12929.087574582,2026-02-22 18:02:46,0,normal
17.6,58.7,51,29,29,13,4,5,30,3,12944668,45696,0,813,12930.187971534,2026-02-22 18:02:47,0,normal
19.0,58.7,51,29,29,13,4,5,30,3,11879837,42778,0,797,12931.285820625,2026-02-22 18:02:48,0,normal
13.8,58.3,50,29,29,13,3,5,29,3,10812593,42341,0,742,12932.380311273,2026-02-22 18:02:49,0,normal
24.5,58.7,50,29,28,13,4,5,29,3,14491959,55280,0,1046,12933.479761257,2026-02-22 18:02:50,0,normal
10.9,58.8,50,29,28,13,4,5,29,3,18239320,71811,0,1318,12934.575737955,2026-02-22 18:02:51,0,normal
14.9,58.9,50,29,28,13,4,5,29,3,12835726,47790,0,908,12935.670372633,2026-02-22 18:02:52,0,normal
10.3,59.0,50,29,28,13,4,5,29,3,15826626,59820,0,1090,12936.763936762,2026-02-22 18:02:53,0,normal
11.4,59.0,50,29,28,13,4,5,29,3,14431524,48302,0,902,12937.858678842,2026-02-22 18:02:54,0,normal
11.5,59.0,51,29,29,13,4,5,30,3,17513424,66903,4,1125,12938.955574743,2026-02-22 18:02:55,0,normal
14.8,59.0,51,31,29,13,4,5,30,4,11670271,49331,0,821,12940.049186572,2026-02-22 18:02:57,0,normal
13.8,59.0,51,30,29,13,4,5,30,3,11298733,43242,0,812,12941.144245506,2026-02-22 18:02:58,1,udp_flood
11.6,59.1,52,30,29,13,5,5,31,3,12082926,54789,5,886,12942.241170613,2026-02-22 18:02:59,1,udp_flood
13.9,59.1,52,29,28,13,6,5,31,3,13992372,59467,0,952,12943.336659324,2026-02-22 18:03:00,1,udp_flood
15.8,59.2,52,30,28,13,6,5,31,3,15113560,54095,0,926,12944.433620047,2026-02-22 18:03:01,1,udp_flood
14.2,59.1,52,29,27,13,7,5,31,3,16183230,52438,0,999,12945.528324085,2026-02-22 18:03:02,1,udp_flood
11.3,59.2,52,29,27,13,7,5,31,3,11435372,46369,0,774,12946.625020974,2026-02-22 18:03:03,1,udp_flood
12.0,59.2,52,29,27,13,7,5,31,3,11524374,41581,0,792,12947.721147712,2026-02-22 18:03:04,1,udp_flood
15.8,59.2,51,30,23,13,8,5,30,3,11429808,45338,0,746,12948.816377316,2026-02-22 18:03:05,1,udp_flood
20.8,59.2,50,30,21,13,11,5,30,3,14504586,47570,0,903,12949.914624544,2026-02-22 18:03:06,1,udp_flood
13.2,59.1,50,29,20,13,12,5,30,3,14583677,56925,0,975,12951.008935625,2026-02-22 18:03:07,1,udp_flood
12.9,59.1,50,30,20,13,12,5,30,3,10547118,38909,0,618,12952.104513183,2026-02-22 18:03:09,1,udp_flood
13.6,59.0,50,30,18,13,14,5,30,3,12321946,43218,0,763,12953.198803575,2026-02-22 18:03:10,1,udp_flood
15.5,58.5,50,29,18,13,14,5,30,3,14197285,47310,0,853,12954.294288619,2026-02-22 18:03:11,1,udp_flood
12.7,58.7,50,29,18,13,14,5,30,3,11439542,36489,0,692,12955.389398869,2026-02-22 18:03:12,1,udp_flood
13.7,58.6,50,30,16,13,16,5,30,3,12232212,44531,0,744,12956.485281409,2026-02-22 18:03:13,1,udp_flood
13.3,58.7,50,29,16,13,16,5,30,3,11570729,45123,0,848,12957.582919314,2026-02-22 18:03:14,1,udp_flood
13.3,58.6,50,30,16,13,16,5,30,3,12153220,58787,0,876,12958.681991439,2026-02-22 18:03:15,1,udp_flood
15.4,58.6,49,29,13,13,18,5,29,3,12264694,46167,0,876,12959.780427852,2026-02-22 18:03:16,1,udp_flood
11.4,58.6,49,29,13,13,18,5,29,3,11757480,62902,0,840,12960.871959116,2026-02-22 18:03:17,1,udp_flood
13.3,58.6,49,29,13,13,18,5,29,3,12609337,45710,0,872,12961.969230322,2026-02-22 18:03:18,1,udp_flood
11.0,58.5,49,29,13,13,18,5,29,3,2876448,11282,0,167,12963.064868794,2026-02-22 18:03:20,1,udp_flood
13.6,58.6,49,29,13,13,18,5,29,3,6109276,22314,0,408,12964.158432032,2026-02-22 18:03:21,1,udp_flood
14.9,58.6,48,29,13,13,17,5,28,3,12989250,47166,0,848,12965.253565927,2026-02-22 18:03:22,1,udp_flood
13.9,58.6,48,30,13,13,17,5,28,3,15291750,60650,0,1044,12966.348755526,2026-02-22 18:03:23,1,udp_flood
11.7,58.6,48,30,13,13,17,5,28,3,14092193,50747,0,916,12967.445240196,2026-02-22 18:03:24,1,udp_flood
15.3,58.5,48,30,13,13,17,5,28,3,15891476,52842,0,956,12968.54700758,2026-02-22 18:03:25,1,udp_flood
13.0,58.6,48,30,13,13,17,5,28,3,14576522,47925,0,900,12969.64023128,2026-02-22 18:03:26,1,udp_flood
13.0,58.5,48,30,13,13,17,5,28,3,12131688,43803,0,773,12970.734883992,2026-02-22 18:03:27,1,udp_flood
14.9,58.5,48,30,13,13,17,5,28,3,14036375,46164,0,865,12971.831694173,2026-02-22 18:03:28,1,udp_flood
10.5,58.5,48,30,13,13,17,5,28,3,11805592,43349,0,775,12972.930554501,2026-02-22 18:03:29,1,udp_flood
13.3,58.4,48,30,13,13,17,5,28,3,2958927,17090,0,181,12974.032797217,2026-02-22 18:03:31,1,udp_flood
11.6,58.4,48,30,13,13,17,5,28,3,3275451,16201,0,212,12975.125135195,2026-02-22 18:03:32,1,udp_flood
15.8,58.4,48,30,13,13,17,5,28,3,6444528,33187,0,574,12976.221382029,2026-02-22 18:03:33,1,udp_flood
11.0,58.5,47,30,13,13,16,5,27,3,6810278,31590,0,595,12977.317168739,2026-02-22 18:03:34,1,udp_flood
13.1,58.5,47,30,13,13,16,5,27,3,7344260,50332,0,601,12978.412824323,2026-02-22 18:03:35,1,udp_flood
13.8,58.5,47,30,13,13,16,5,27,3,10544664,38442,0,732,12979.511020585,2026-02-22 18:03:36,1,udp_flood
12.9,58.5,47,30,13,13,16,5,27,3,12615808,47107,0,847,12980.608939898,2026-02-22 18:03:37,1,udp_flood
15.5,58.4,47,30,13,13,16,5,27,3,14613695,50482,0,958,12981.712690864,2026-02-22 18:03:38,1,udp_flood
13.0,58.4,47,30,13,13,16,5,27,3,12106409,42302,0,741,12982.806958343,2026-02-22 18:03:39,1,udp_flood
11.7,58.5,47,30,13,13,16,5,27,3,12253918,37708,0,705,12983.900263697,2026-02-22 18:03:40,1,udp_flood
12.0,58.5,47,30,13,13,16,5,27,3,2792348,9721,0,185,12984.993769326,2026-02-22 18:03:41,1,udp_flood
10.8,58.6,47,30,13,13,16,5,27,3,109126,52,0,1,12986.086787881,2026-02-22 18:03:43,1,udp_flood
15.1,58.5,46,30,12,13,16,5,26,3,3014022,13668,0,181,12987.183769123,2026-02-22 18:03:44,1,udp_flood
9.3,58.5,46,30,12,13,16,5,26,3,2918734,11569,0,178,12988.278305246,2026-02-22 18:03:45,1,udp_flood
9.7,58.7,46,30,12,13,16,5,26,3,75590,154,0,3,12989.375108664,2026-02-22 18:03:46,0,normal
12.0,58.5,46,30,12,13,16,5,26,3,6052,7008,0,14,12990.466780732,2026-02-22 18:03:47,0,normal
9.9,58.6,46,30,12,13,16,5,26,3,1676464,14092,0,207,12991.557151298,2026-02-22 18:03:48,0,normal
13.3,58.6,46,30,12,13,16,5,26,3,7196468,40936,0,675,12992.650713974,2026-02-22 18:03:49,0,normal
8.4,58.6,45,30,12,13,15,5,25,3,6343924,29931,0,510,12993.745622827,2026-02-22 18:03:50,0,normal
11.3,58.7,45,30,12,13,15,5,25,3,9664933,42380,0,749,12994.839895687,2026-02-22 18:03:51,0,normal
11.0,58.7,45,29,12,13,15,5,25,3,9620131,40154,0,714,12995.934277851,2026-02-22 18:03:52,0,normal
8.6,58.6,45,29,12,13,15,5,25,3,11171354,42475,0,803,12997.027676459,2026-02-22 18:03:54,0,normal
9.2,58.6,45,30,11,13,16,5,25,3,10799377,41824,0,697,12998.119153593,2026-02-22 18:03:55,0,normal
11.1,58.6,45,29,11,13,16,5,25,3,12343975,47227,0,883,12999.210228831,2026-02-22 18:03:56,0,normal
11.3,58.5,45,29,11,13,16,5,25,3,13986408,51417,0,929,13000.305390077,2026-02-22 18:03:57,0,normal
10.8,58.6,45,29,11,13,16,5,25,3,12650412,36303,0,677,13001.400451306,2026-02-22 18:03:58,0,normal
10.0,58.6,45,29,11,13,16,5,25,3,9903680,36977,0,650,13002.495989009,2026-02-22 18:03:59,0,normal
9.6,58.7,45,29,11,13,16,5,25,3,12790681,45560,0,869,13003.586658516,2026-02-22 18:04:00,0,normal
11.2,58.7,45,29,11,13,16,5,25,3,12089784,43644,0,778,13004.67964483,2026-02-22 18:04:01,0,normal
10.8,58.7,45,29,11,13,16,5,25,3,18528899,66146,0,1143,13005.774166326,2026-02-22 18:04:02,0,normal
9.3,58.7,42,29,11,13,13,5,22,3,14520788,47731,0,849,13006.867008901,2026-02-22 18:04:03,0,normal
9.6,58.8,42,29,11,13,13,5,22,3,17282871,54430,0,1040,13007.960485817,2026-02-22 18:04:04,0,normal
11.7,58.7,42,29,11,13,13,5,22,3,14611226,45516,0,808,13009.053792543,2026-02-22 18:04:06,0,normal
11.1,58.7,37,29,11,13,8,5,19,3,16751809,50141,0,906,13010.145772309,2026-02-22 18:04:07,0,normal
11.0,58.7,37,29,11,13,8,5,19,3,11668734,36404,0,674,13011.237358165,2026-02-22 18:04:08,0,normal
14.0,58.7,37,29,11,13,8,5,19,3,12121530,40412,0,720,13012.332512329,2026-02-22 18:04:09,0,normal
9.3,58.7,37,29,11,13,8,5,19,3,12506716,41849,0,798,13013.428561191,2026-02-22 18:04:10,0,normal
13.6,58.7,34,29,11,13,5,5,16,3,14870980,46131,0,798,13014.520645063,2026-02-22 18:04:11,0,normal
9.2,58.8,34,29,11,13,5,5,16,3,12159312,36370,0,677,13015.613319392,2026-02-22 18:04:12,0,normal
10.3,58.7,34,29,11,13,5,5,16,3,21458389,71586,0,1316,13016.707929424,2026-02-22 18:04:13,0,normal
9.3,58.7,34,29,11,13,5,5,16,3,13045713,37150,0,697,13017.801206013,2026-02-22 18:04:14,0,normal
13.5,58.7,33,32,11,13,3,5,16,4,13374287,49101,0,790,13018.896050686,2026-02-22 18:04:15,0,normal
19.9,58.7,33,30,12,13,3,5,16,3,16792944,53924,0,885,13019.996043169,2026-02-22 18:04:16,0,normal
14.2,58.7,33,30,12,13,3,5,16,3,15019017,50174,4,773,13021.093223023,2026-02-22 18:04:18,0,normal
18.4,58.7,33,30,12,13,3,5,16,3,22795661,69678,0,1256,13022.188030776,2026-02-22 18:04:19,0,normal
20.0,58.7,31,30,12,13,1,5,14,3,11263097,35285,0,640,13023.283737456,2026-02-22 18:04:20,0,normal
12.9,58.8,30,31,11,13,1,5,14,3,15892050,58766,0,970,13024.377809548,2026-02-22 18:04:21,0,normal
15.8,58.8,30,31,11,13,1,5,14,3,23567332,79767,0,1194,13025.472558811,2026-02-22 18:04:22,0,normal
10.3,58.8,30,31,11,13,1,5,14,3,19686534,59634,0,1075,13026.567042797,2026-02-22 18:04:23,0,normal
9.8,58.8,30,30,11,13,1,5,14,3,28846985,87606,0,1523,13027.659161263,2026-02-22 18:04:24,0,normal
19.2,58.7,31,30,12,13,1,5,13,3,16898136,62235,0,777,13028.756754734,2026-02-22 18:04:25,0,normal
36.0,58.8,31,30,12,13,1,5,13,3,117628,2522,0,40,13029.863692982,2026-02-22 18:04:26,0,normal
36.8,58.7,31,30,12,13,1,5,13,3,150975,5407,0,46,13030.968264959,2026-02-22 18:04:27,0,normal
42.3,58.8,31,30,12,13,1,5,13,3,120239,15275,0,53,13032.074605886,2026-02-22 18:04:29,0,normal
41.7,58.7,30,30,11,13,1,5,12,3,87927,5089,0,47,13033.17914374,2026-02-22 18:04:30,0,normal
39.2,58.7,30,31,11,13,1,5,12,3,113784,8697,0,54,13034.289485856,2026-02-22 18:04:31,0,normal
40.9,58.7,30,30,11,13,1,5,12,3,193812,2905,0,46,13035.398225474,2026-02-22 18:04:32,0,normal
44.3,58.6,30,30,11,13,1,5,12,3,212378,12386,0,65,13036.509189718,2026-02-22 18:04:33,0,normal
31.6,58.6,30,30,11,13,1,5,12,3,25891,1269,0,20,13037.616601264,2026-02-22 18:04:34,0,normal
36.8,58.6,30,30,11,13,1,5,12,3,242150,6198,0,59,13038.734082708,2026-02-22 18:04:35,0,normal
39.4,58.6,30,30,11,13,1,5,12,3,45039,1843,0,29,13039.844906348,2026-02-22 18:04:36,0,normal
37.1,58.6,30,30,11,13,1,5,12,3,198596,6147,0,58,13040.961473596,2026-02-22 18:04:37,0,normal
38.7,58.8,30,32,10,13,1,5,12,3,161465,5251,0,44,13042.076921364,2026-02-22 18:04:39,0,normal
27.1,59.2,34,32,8,19,2,5,10,4,87360,7567,4,91,13043.189146464,2026-02-22 18:04:40,0,normal
13.7,59.5,34,32,8,19,2,5,10,4,301588,172137,62,208,13044.291104345,2026-02-22 18:04:41,0,normal
30.3,59.8,34,39,8,19,2,5,10,4,107131,18006,4,103,13045.39359671,2026-02-22 18:04:42,0,normal
21.7,60.1,35,39,9,19,2,5,11,4,256080,56926,320,416,13046.496028892,2026-02-22 18:04:43,0,normal
8.5,60.3,35,40,9,19,2,5,11,4,84304,39878,160,211,13047.59511818,2026-02-22 18:04:44,0,normal
19.1,60.5,66,40,36,19,6,5,13,15,401822,125937,485,600,13048.692573422,2026-02-22 18:04:45,0,normal
14.6,60.7,66,40,36,19,6,5,13,15,122991,61056,232,281,13049.790357911,2026-02-22 18:04:46,0,normal
8.5,60.9,66,40,36,19,6,5,13,15,202819,4848,0,38,13050.883675968,2026-02-22 18:04:47,0,normal
14.8,60.6,67,40,36,19,7,5,14,15,58450,47361,0,99,13051.978683166,2026-02-22 18:04:48,0,normal
6.4,60.6,67,40,36,19,7,5,14,15,217857,7754,0,49,13053.077092379,2026-02-22 18:04:50,0,normal
8.7,60.6,55,41,13,19,18,5,15,11,207091,25589,37,94,13054.174996112,2026-02-22 18:04:51,0,normal
15.7,60.7,53,41,9,19,20,5,14,10,119851,6232,28,90,13055.273006586,2026-02-22 18:04:52,0,normal
6.7,60.7,53,41,9,19,20,5,14,10,127619,25262,38,104,13056.367717176,2026-02-22 18:04:53,0,normal
5.5,60.7,54,41,10,19,20,5,15,10,2527939,4331801,1045,1929,13057.461743213,2026-02-22 18:04:54,0,normal
8.0,60.7,54,41,10,19,20,5,15,10,21475541,39824546,9814,16663,13058.557028282,2026-02-22 18:04:55,0,normal
8.0,60.7,53,41,10,19,19,5,14,10,17422133,32734626,6032,12468,13059.653030658,2026-02-22 18:04:56,0,normal
8.5,60.6,53,41,10,19,19,5,14,10,27083035,50552415,10188,21176,13060.749811523,2026-02-22 18:04:57,0,normal
7.9,60.4,53,41,10,19,19,5,14,10,19377358,36213065,6726,14405,13061.845671621,2026-02-22 18:04:58,0,normal
10.6,60.2,54,43,10,19,19,5,16,11,17857662,33354157,6037,13277,13062.944534534,2026-02-22 18:04:59,0,normal
6.9,60.1,54,41,11,19,19,5,15,10,24911437,46654908,9115,19558,13064.040767012,2026-02-22 18:05:01,0,normal
8.0,59.9,54,41,11,19,19,5,15,10,16058450,29979176,6932,13187,13065.136269039,2026-02-22 18:05:02,0,normal
5.5,59.9,54,41,11,19,19,5,15,10,134883,10328,4,40,13066.229854358,2026-02-22 18:05:03,0,normal
4.7,60.0,54,41,11,19,19,5,15,10,102327,8744,0,32,13067.321563216,2026-02-22 18:05:04,0,normal
15.8,60.0,55,41,12,19,19,5,15,11,3425048,26476,0,180,13068.416388993,2026-02-22 18:05:05,1,tcp_bandwidth_exhaustion
18.2,60.1,55,41,12,19,19,5,15,11,17551473,25040,0,603,13069.511864078,2026-02-22 18:05:06,1,tcp_bandwidth_exhaustion
15.3,60.1,57,42,13,19,19,5,15,12,22800199,42828,2,743,13070.613123239,2026-02-22 18:05:07,1,tcp_bandwidth_exhaustion
16.7,60.4,57,42,14,19,19,5,15,12,25076308,40449,0,846,13071.710702934,2026-02-22 18:05:08,1,tcp_bandwidth_exhaustion
18.0,60.2,57,42,14,19,19,5,15,12,28421059,44244,0,944,13072.811839654,2026-02-22 18:05:09,1,tcp_bandwidth_exhaustion
10.5,60.2,58,42,15,19,19,5,15,13,26896863,53042,0,1026,13073.912685569,2026-02-22 18:05:10,1,tcp_bandwidth_exhaustion
22.0,60.2,57,42,14,19,19,5,15,12,26379423,47341,0,1153,13075.013523539,2026-02-22 18:05:12,1,tcp_bandwidth_exhaustion
9.4,60.1,57,42,14,19,19,5,15,12,23213682,46753,0,1067,13076.109402142,2026-02-22 18:05:13,1,tcp_bandwidth_exhaustion
14.4,60.1,57,42,14,19,19,5,15,12,26961065,44852,0,1086,13077.205068125,2026-02-22 18:05:14,1,tcp_bandwidth_exhaustion
20.8,60.0,58,42,15,19,19,5,16,12,28585688,54038,0,1174,13078.3019177,2026-02-22 18:05:15,1,tcp_bandwidth_exhaustion
11.1,60.1,57,42,14,19,19,5,15,12,27724617,54321,0,1263,13079.397414537,2026-02-22 18:05:16,1,tcp_bandwidth_exhaustion
8.6,60.1,57,42,14,19,19,5,15,12,26009380,51356,0,1196,13080.492173349,2026-02-22 18:05:17,1,tcp_bandwidth_exhaustion
8.7,60.0,57,42,14,19,19,5,15,12,29468898,59294,0,1281,13081.58755014,2026-02-22 18:05:18,1,tcp_bandwidth_exhaustion
14.1,60.0,57,42,14,19,19,5,15,12,26528101,48057,0,1085,13082.683804729,2026-02-22 18:05:19,1,tcp_bandwidth_exhaustion
14.6,60.0,57,42,14,19,19,5,15,12,27651234,46230,0,1130,13083.779361117,2026-02-22 18:05:20,1,tcp_bandwidth_exhaustion
19.5,60.1,58,42,15,19,19,5,15,13,26913210,51828,0,1209,13084.874485334,2026-02-22 18:05:21,1,tcp_bandwidth_exhaustion
14.7,60.3,57,42,14,19,19,5,15,12,29244931,49574,0,1224,13085.971381305,2026-02-22 18:05:22,1,tcp_bandwidth_exhaustion
15.4,60.1,57,42,14,19,19,5,15,12,28753459,53690,2,1248,13087.066146398,2026-02-22 18:05:24,1,tcp_bandwidth_exhaustion
13.9,60.1,57,42,14,19,19,5,15,12,27266711,51845,0,1214,13088.16285023,2026-02-22 18:05:25,1,tcp_bandwidth_exhaustion
11.2,60.1,58,42,14,19,19,5,15,13,27102114,48470,0,1190,13089.263812062,2026-02-22 18:05:26,1,tcp_bandwidth_exhaustion
20.0,60.1,57,42,14,19,19,5,15,12,29569543,53778,0,1261,13090.367939856,2026-02-22 18:05:27,1,tcp_bandwidth_exhaustion
11.4,60.1,57,42,14,19,19,5,15,12,21412882,40561,0,965,13091.460981805,2026-02-22 18:05:28,1,tcp_bandwidth_exhaustion
12.0,59.9,57,42,14,19,19,5,15,12,21529417,43988,2,1017,13092.556554874,2026-02-22 18:05:29,1,tcp_bandwidth_exhaustion
7.9,59.9,58,42,15,19,19,5,15,13,27649235,49148,0,1203,13093.656139062,2026-02-22 18:05:30,1,tcp_bandwidth_exhaustion
18.3,60.2,58,42,14,19,19,5,15,13,28730522,55882,0,1277,13094.755761741,2026-02-22 18:05:31,1,tcp_bandwidth_exhaustion
13.2,60.1,57,42,14,19,19,5,15,12,28868706,49107,0,1208,13095.853996015,2026-02-22 18:05:32,1,tcp_bandwidth_exhaustion
7.3,60.0,57,42,14,19,19,5,15,12,24616640,49561,0,971,13096.95133089,2026-02-22 18:05:33,1,tcp_bandwidth_exhaustion
9.4,60.0,57,42,14,19,19,5,15,12,22072116,31698,0,712,13098.048173753,2026-02-22 18:05:35,1,tcp_bandwidth_exhaustion
10.6,59.9,58,42,15,19,19,5,16,12,25356458,57674,0,828,13099.144494436,2026-02-22 18:05:36,1,tcp_bandwidth_exhaustion
7.8,59.9,57,42,14,19,19,5,15,12,25395370,36270,0,822,13100.239483008,2026-02-22 18:05:37,1,tcp_bandwidth_exhaustion
8.8,59.9,58,41,15,19,19,5,15,13,25132629,31598,0,770,13101.335300277,2026-02-22 18:05:38,1,tcp_bandwidth_exhaustion
11.0,59.9,57,41,14,19,19,5,15,12,27569618,43808,0,1006,13102.436029975,2026-02-22 18:05:39,1,tcp_bandwidth_exhaustion
14.3,59.8,58,41,15,19,19,5,15,13,24215392,33612,0,821,13103.538486762,2026-02-22 18:05:40,1,tcp_bandwidth_exhaustion
14.7,59.8,57,41,15,19,18,5,15,13,25958603,55289,0,1096,13104.6363661,2026-02-22 18:05:41,1,tcp_bandwidth_exhaustion
13.2,59.9,57,41,15,19,18,5,15,13,22873272,36689,0,885,13105.734882854,2026-02-22 18:05:42,1,tcp_bandwidth_exhaustion
19.9,59.9,57,41,14,19,18,5,15,13,26661162,42781,0,979,13106.8360604,2026-02-22 18:05:43,1,tcp_bandwidth_exhaustion
8.3,59.9,56,41,14,19,18,5,15,12,26259147,47496,0,1078,13107.93051912,2026-02-22 18:05:44,1,tcp_bandwidth_exhaustion
9.3,59.9,53,41,15,19,14,5,16,12,25602157,50972,0,1084,13109.028782618,2026-02-22 18:05:46,1,tcp_bandwidth_exhaustion
11.1,59.8,52,41,14,19,14,5,15,12,20048666,47232,0,992,13110.123503359,2026-02-22 18:05:47,1,tcp_bandwidth_exhaustion
8.1,59.8,52,41,14,19,14,5,15,12,22027733,39620,0,967,13111.225547384,2026-02-22 18:05:48,1,tcp_bandwidth_exhaustion
9.7,59.9,53,41,15,19,14,5,16,12,19509652,55392,0,942,13112.319666754,2026-02-22 18:05:49,0,normal
11.2,60.1,51,41,14,19,13,5,14,12,2260189,9439,0,152,13113.411397433,2026-02-22 18:05:50,0,normal
9.8,60.0,51,41,14,19,13,5,14,12,259026,6702,0,48,13114.508746425,2026-02-22 18:05:51,0,normal
5.2,59.9,52,41,15,19,13,5,15,12,247707,9384,0,59,13115.605682702,2026-02-22 18:05:52,0,normal
6.3,59.8,38,41,14,19,0,5,12,6,3388839,12463,0,221,13116.701994138,2026-02-22 18:05:53,0,normal
13.5,59.8,37,41,13,19,0,5,12,5,14919039,28549,2,691,13117.794469374,2026-02-22 18:05:54,0,normal
12.8,59.8,37,41,13,19,0,5,12,5,278920,5533,0,50,13118.888474701,2026-02-22 18:05:55,0,normal
10.8,59.8,37,41,13,19,0,5,12,5,183911,5104,0,42,13119.986393614,2026-02-22 18:05:56,0,normal
5.3,59.9,37,41,13,19,0,5,12,5,342490,2990,0,48,13121.079347227,2026-02-22 18:05:58,0,normal
22.7,59.9,39,41,14,19,0,5,14,5,222083,13477,11,70,13122.179107834,2026-02-22 18:05:59,0,normal
11.0,60.0,38,41,14,19,0,5,13,5,228913,8358,0,66,13123.278622221,2026-02-22 18:06:00,0,normal
4.4,60.1,38,41,14,19,0,5,13,5,256708,7153,0,55,13124.370786493,2026-02-22 18:06:01,0,normal
5.2,60.1,39,41,15,19,0,5,14,5,210773,11672,0,57,13125.468015812,2026-02-22 18:06:02,0,normal
4.7,60.1,38,41,14,19,0,5,13,5,199354,4796,0,37,13126.56128118,2026-02-22 18:06:03,0,normal
5.8,60.0,38,41,14,19,0,5,13,5,204382,12526,0,48,13127.65627871,2026-02-22 18:06:04,0,normal
12.0,58.7,31,29,12,13,1,5,12,5,-3236763,-272458292,-56488,-85257,13128.749498002,2026-02-22 18:06:05,0,normal
6.7,58.6,27,30,8,13,1,5,10,4,123541,6100,0,86,13129.842470812,2026-02-22 18:06:06,0,normal
5.7,58.6,28,30,9,13,1,5,11,4,287745,13524,0,84,13130.937450958,2026-02-22 18:06:07,0,normal
15.8,59.0,35,31,10,19,1,5,12,4,145145,16996,4,90,13132.038238043,2026-02-22 18:06:09,0,normal
10.7,59.5,35,29,10,19,1,5,12,4,334952,172759,66,269,13133.137613077,2026-02-22 18:06:10,0,normal
16.8,59.9,34,33,9,19,1,5,11,4,272843,20920,4,149,13134.237112485,2026-02-22 18:06:11,0,normal
7.4,60.4,35,33,10,19,1,5,12,4,96292,8889,10,57,13135.334007013,2026-02-22 18:06:12,0,normal
9.2,60.6,35,33,10,19,1,5,12,4,243589,6804,0,58,13136.429275592,2026-02-22 18:06:13,0,normal
13.9,60.8,35,37,10,19,1,5,12,4,79378,25268,5,72,13137.529207541,2026-02-22 18:06:14,0,normal
14.5,60.6,35,37,10,19,1,5,12,4,238539,19006,0,71,13138.628150635,2026-02-22 18:06:15,0,normal
16.6,60.8,35,40,10,19,1,5,12,4,64827,8061,0,44,13139.722808065,2026-02-22 18:06:16,0,normal
11.8,60.9,35,40,10,19,1,5,12,4,232302,5518,0,47,13140.818118792,2026-02-22 18:06:17,0,normal
12.7,60.7,35,41,10,19,1,5,12,4,97327,49885,0,87,13141.91201261,2026-02-22 18:06:18,0,normal
12.9,60.7,36,41,11,19,1,5,13,4,249980,21083,0,72,13143.010912453,2026-02-22 18:06:19,0,normal
11.0,60.7,36,41,11,19,1,5,13,4,263222,14551,0,57,13144.105442905,2026-02-22 18:06:21,0,normal
20.4,60.9,36,41,11,19,1,5,13,4,185962,75967,0,104,13145.202350729,2026-02-22 18:06:22,0,normal
19.9,60.7,36,42,11,19,1,5,13,4,305230,10552,2,62,13146.298118213,2026-02-22 18:06:23,0,normal
12.2,61.0,36,42,11,19,1,5,13,4,135248,19652,0,56,13147.396019051,2026-02-22 18:06:24,0,normal
15.7,61.0,36,42,11,19,1,5,13,4,222163,6710,0,59,13148.496012085,2026-02-22 18:06:25,0,normal
23.3,61.0,36,42,11,19,1,5,13,4,42544,45689,0,79,13149.593598182,2026-02-22 18:06:26,0,normal
10.8,61.0,36,42,11,19,1,5,13,4,233275,5777,0,52,13150.693951112,2026-02-22 18:06:27,0,normal
16.0,61.2,36,42,11,19,1,5,13,4,97416,29541,2,65,13151.794450537,2026-02-22 18:06:28,0,normal
14.8,61.0,36,42,11,19,1,5,13,4,129799,27426,0,62,13152.893152197,2026-02-22 18:06:29,0,normal
15.5,61.1,36,42,11,19,1,5,13,4,139373,13005,0,43,13153.993626284,2026-02-22 18:06:30,0,normal
19.3,61.2,36,42,11,19,1,5,13,4,37505,10643,0,35,13155.092410199,2026-02-22 18:06:32,0,normal
21.8,59.3,30,30,11,13,1,5,13,4,147719,-230852,-87,-289,13156.194046978,2026-02-22 18:06:33,0,normal
18.9,59.0,30,28,11,13,1,5,13,4,54537,30532,5,103,13157.288642733,2026-02-22 18:06:34,0,normal
17.7,59.1,30,28,11,13,1,5,13,4,183005,38651,0,121,13158.382974563,2026-02-22 18:06:35,0,normal
17.8,58.9,30,28,11,13,1,5,13,4,84936,3333,0,62,13159.481792943,2026-02-22 18:06:36,0,normal
19.6,58.8,31,28,12,13,1,5,13,4,270281,18529,0,94,13160.57849475,2026-02-22 18:06:37,0,normal
17.5,59.0,33,28,13,13,2,5,14,4,109601,24712,0,98,13161.673171277,2026-02-22 18:06:38,0,normal
12.6,59.1,35,28,15,13,2,5,15,4,267394,26566,0,112,13162.76950858,2026-02-22 18:06:39,0,normal
24.8,59.3,40,31,11,19,4,5,14,4,94234,8825,4,89,13163.873733707,2026-02-22 18:06:40,0,normal
20.1,59.7,40,32,12,19,4,5,14,4,352049,188571,68,291,13164.975345599,2026-02-22 18:06:41,0,normal
24.3,60.0,40,33,12,19,4,5,14,4,237096,23257,4,113,13166.084826198,2026-02-22 18:06:43,0,normal
32.6,60.9,40,32,12,19,4,5,14,4,77279,3863,10,53,13167.194689084,2026-02-22 18:06:44,0,normal
14.5,61.0,42,36,14,19,4,5,15,4,241036,30630,4,134,13168.29097464,2026-02-22 18:06:45,0,normal
8.6,61.2,41,36,13,19,4,5,15,4,108334,62909,3,106,13169.390740227,2026-02-22 18:06:46,0,normal
12.1,61.0,43,37,13,19,4,5,16,4,263151,8105,2,85,13170.490376742,2026-02-22 18:06:47,0,normal
6.0,61.0,43,40,15,19,4,5,15,5,171401,33535,0,130,13171.584698234,2026-02-22 18:06:48,0,normal
4.8,61.0,44,40,16,19,4,5,16,5,203261,17536,0,88,13172.691904716,2026-02-22 18:06:49,0,normal
13.0,61.2,45,40,17,19,4,5,17,5,81617,6910,4,63,13173.792083318,2026-02-22 18:06:50,0,normal
